zona,temperatura,humedad,presion,luz,sonido_db,co2,particulas_pm25,gas_tipo,gas_ppm,vibracion,inclinacion,distancia_obstaculo,velocidad_robot,senal_comunicacion,bateria,voltaje_bateria,temperatura_bateria,autonomia_estimada_min,visibilidad,persona_detectada,confianza_persona,nivel_riesgo,accion_recomendada
Punto crítico,23.74256189816825,37.15692135036181,951.2463600317424,0.59255,54.21564267896782,505.07525651298914,136.68260263440422,gas_desconocido,16.081237488525137,1.31,19.3,1.55,0.67,51.8,36.395081330984134,10.82,4,28.5,45.2,0,0.11,Alto,Cambiar ruta o detenerse
Punto crítico,22.38141460652691,37.42254854623108,900.0,0.0,70.79060874611277,545.7301613751383,168.99046966863682,humo,447.921945233395,1.63,0.1,3.1,0.43,58.6,61.88648620500295,12.1,24,45.9,28.5,0,0.05,Alto,Cambiar ruta o detenerse
Túnel estrecho,22.33341203440719,19.73899840803688,941.2341352818698,0.0,50.41972541772597,2085.62624168243,20.303589764555163,sin_gas,326.0413414398717,0.43,22.3,3.62,0.14,33.5,51.792509423410685,11.46,24,37.8,72.8,0,0.14,Alto,Cambiar ruta o detenerse
Túnel estrecho,21.9931025941193,40.28416373074225,938.0665855843296,0.5333,18.377416366724862,2098.9686689653972,102.63263629183912,amoniaco,368.76909377418934,0.93,26.2,4.17,1.29,23.5,60.061446716535144,11.91,4,47.4,54.9,0,0.12,Alto,Cambiar ruta o detenerse
Habitación bloqueada,24.145009624989285,42.89222303223411,944.360592243422,0.47405,34.73388629067672,915.1399058240705,49.42914807170559,sin_gas,1.3037316963168677,2.33,8.7,4.65,0.56,35.1,33.43413756161237,11.06,24,23.1,74.9,0,0.19,Medio,Avanzar con precaución
Pasillo A,22.18351719882688,40.97895506605714,951.287137593466,0.0,15.188539974771782,1691.9792258804273,29.33534701393767,amoniaco,314.1197170186162,1.11,16.3,2.18,1.05,74.3,70.36132790174949,12.0,4,55.7,63.9,0,0.11,Medio,Avanzar con precaución
Pasillo A,18.488868612378795,32.793438789231544,900.0,0.0,62.34280571231345,1330.6781578037849,43.32154023102257,sin_gas,294.243081855513,2.01,33.8,3.75,1.43,26.6,60.061446716535144,11.83,4,47.4,70.9,0,0.14,Alto,Cambiar ruta o detenerse
Pasillo A,23.00815515131372,39.16631962651047,938.372606338137,0.0,25.928362500791216,1728.6616869473773,106.1085368120988,metano,268.6027781931499,2.32,10.4,0.56,0.89,64.4,60.061446716535144,11.58,24,44.4,41.7,0,0.36,Alto,Cambiar ruta o detenerse
Sector norte,21.939791625932063,24.85229343751852,900.0,0.0,43.21215361700223,2212.0464966083728,16.398537752693183,amoniaco,392.9334283529425,2.44,7.8,0.48,0.66,31.7,56.82081422674751,11.84,24,41.9,60.2,0,0.14,Alto,Cambiar ruta o detenerse
Punto crítico,24.98980670625137,34.4849896316777,955.067004901742,1.7152,70.21874891320027,567.6984916227386,80.98825432947307,sin_gas,277.9355481982526,2.25,7.4,0.8,0.48,35.7,60.061446716535144,11.73,4,47.4,61.2,1,0.86,Medio,Enviar alerta y avanzar con precaución
Túnel estrecho,21.83052903386432,37.47299582873182,900.0,0.0,28.68218593447614,2033.767294575754,28.664873917153677,humo,428.5485947799288,0.79,19.6,2.35,1.41,51.4,67.17567960953639,11.99,24,50.1,61.7,0,0.25,Medio,Avanzar con precaución
Zona de escombros,20.82083836440301,34.06378620168718,946.4827516324306,0.0,55.01238650434637,1435.3611194941825,52.718484169034255,monoxido_carbono,116.31574320481919,2.41,33.2,1.21,1.05,28.1,65.27117917444775,12.09,44,45.6,71.8,0,0.14,Alto,Cambiar ruta o detenerse
Zona de escombros,19.33931887985352,26.13649207577892,938.0509110283188,1.6592,26.955354097952167,1584.6665819001926,38.38200770507118,metano,402.9912944858499,2.03,21.3,1.58,1.03,33.9,60.061446716535144,11.87,24,44.4,63.3,1,0.96,Alto,Enviar alerta y cambiar ruta
Pasillo B,22.486623788546908,48.3038119259081,900.0,0.0,13.4795194056959,1773.2558560359525,159.520712470407,metano,89.65638641240287,2.09,10.6,3.31,0.7,47.9,60.061446716535144,11.75,4,47.4,39.3,0,0.24,Alto,Cambiar ruta o detenerse
Pasillo B,23.421136571200787,35.50589609555366,900.0,0.0,34.32075045831236,2337.5086131711255,128.90198290247565,humo,406.55889598449,0.04,22.3,1.92,1.28,46.4,59.46289320053175,12.04,24,44.0,45.3,0,0.01,Alto,Cambiar ruta o detenerse
Punto crítico,22.696685784591644,29.09869571080992,952.4525887247272,0.0,20.550417794033336,519.1119024586495,156.98095131580735,sin_gas,470.23175941428383,2.39,21.9,2.88,1.1,79.9,60.061446716535144,11.75,24,44.4,28.9,0,0.04,Alto,Cambiar ruta o detenerse
Pasillo B,20.94392702119812,38.82688735526532,950.865800435003,0.0,46.4319057958706,461.9003394613401,72.10599604584618,monoxido_carbono,167.84707115519205,1.95,20.9,2.18,0.5,26.0,60.061446716535144,11.78,4,47.4,65.0,0,0.3,Alto,Cambiar ruta o detenerse
Entrada,18.99798343244138,20.503533299385715,900.0,0.0,32.267639309047546,774.3497411264243,59.847338849392266,amoniaco,264.9431569900944,1.92,5.6,1.01,0.94,88.8,60.061446716535144,11.74,24,44.4,62.4,0,0.18,Medio,Avanzar con precaución
Habitación bloqueada,21.02884636987794,20.39575318217424,900.0,1.3629,16.871464569471115,2471.5402246561466,71.60275910710924,humo,329.16451146157385,0.2,22.2,0.56,0.7,85.3,60.061446716535144,11.58,4,47.4,48.4,0,0.17,Alto,Cambiar ruta o detenerse
Pasillo A,22.2902149825922,34.5618041994958,955.0543809027644,0.0,20.173613091761123,1901.660371493329,8.245934251771306,amoniaco,39.73583292724731,0.58,15.1,1.33,0.11,81.3,60.061446716535144,11.56,4,47.4,91.6,1,0.63,Bajo,Enviar alerta y continuar exploración
Zona de escombros,22.61548455090956,40.8489069187704,943.5493965806892,0.0,17.38695115802448,1690.746350014454,131.8232481509977,monoxido_carbono,247.04035910206014,2.41,0.7,0.48,1.23,44.7,70.50139708994536,11.9,4,55.8,52.6,0,0.07,Alto,Cambiar ruta o detenerse
Túnel estrecho,22.0097380207263,32.733047009724736,900.0,0.0,49.45707820741576,498.7820121709706,66.21017995663871,humo,180.29248829412336,1.25,18.9,3.17,0.27,85.8,60.061446716535144,11.61,24,44.4,62.1,0,0.32,Medio,Avanzar con precaución
Pasillo A,19.85962374713883,33.73113641327596,900.0,0.0,37.78388521534368,2246.1314701752262,59.83166562593854,humo,436.22781562565405,0.99,34.6,4.02,0.81,34.6,44.60469064699929,11.4,24,32.1,59.8,0,0.33,Alto,Cambiar ruta o detenerse
Entrada,19.28467108258433,46.88987868095441,942.4759048317328,0.0,32.82461851543898,2106.789391924035,109.67468643984326,amoniaco,438.3397593541631,2.1,12.2,1.83,0.57,30.0,75.08799754223888,12.2,4,59.5,49.2,0,0.23,Alto,Cambiar ruta o detenerse
Sector norte,21.27095973976992,41.43308943829955,947.3189111180128,0.0,30.373823404767705,1796.0800921208784,81.34373454921787,sin_gas,350.3897697736184,0.22,33.8,2.06,0.58,23.6,35.18649803356408,11.18,24,24.5,53.6,0,0.13,Alto,Cambiar ruta o detenerse
Punto crítico,25.164906828516312,37.13820877698564,952.9549018056916,0.0,32.394191887594594,1112.1747125178758,176.64758943918224,metano,327.86223729624913,1.04,3.4,4.12,0.77,95.1,15.0,10.85,24,8.4,35.1,0,0.37,Alto,Cambiar ruta o detenerse
Sector norte,21.6229760838285,45.957253042779065,900.0,0.0,31.38979584511381,548.0604066933404,67.34428250729023,monoxido_carbono,366.8442296379284,0.94,25.6,1.27,1.5,44.6,60.061446716535144,11.69,24,44.4,57.6,1,0.94,Alto,Enviar alerta y cambiar ruta
Entrada,21.546769675784365,32.86244297635066,900.0,0.0,71.7916009783441,1618.0808245919372,112.43177238638484,monoxido_carbono,182.99345050140354,0.87,4.0,0.77,0.67,93.4,60.061446716535144,12.14,4,47.4,57.5,0,0.32,Medio,Avanzar con precaución
Túnel estrecho,19.22261676684548,40.28314403702801,900.0,0.4148,37.86077587188316,1911.3586000677587,59.538942606689055,sin_gas,202.2596233753127,0.77,9.6,2.61,0.36,41.8,49.78020934551703,11.77,4,39.2,73.1,0,0.01,Medio,Avanzar con precaución
Pasillo B,23.200488483450776,35.13584336792435,940.9896450595256,0.0,22.05533859432876,597.9047360022196,178.35412153686494,sin_gas,276.85236144435265,0.53,20.0,3.3,0.96,92.6,54.775668407307805,11.61,24,40.2,30.4,0,0.19,Medio,Avanzar con precaución
Pasillo A,23.49944356550539,41.39162637327441,948.8661877539492,0.0,36.58567127075392,1730.9120855768415,82.89443107602243,monoxido_carbono,469.0140636822337,0.43,20.7,3.08,0.43,92.3,66.7695660060241,11.94,4,52.8,55.3,0,0.35,Medio,Avanzar con precaución
Zona de escombros,19.8620002009121,34.23098511921783,900.0,0.0,32.107524763774435,1001.368742563033,115.97254190169052,sin_gas,361.9999370597813,1.6,27.1,3.63,0.25,93.9,60.061446716535144,11.56,24,44.4,33.6,0,0.14,Alto,Cambiar ruta o detenerse
Sector norte,25.1011967848052,43.46091877006309,944.2218986682664,0.0,65.03506049508775,2004.9128645616047,27.176292416718486,sin_gas,275.4946222481117,2.3,21.5,0.47,0.17,59.7,60.061446716535144,11.73,24,44.4,72.6,0,0.29,Alto,Cambiar ruta o detenerse
Escalera colapsada,22.62628157351158,35.5574059168367,942.2865584251932,0.0,18.80613768710493,1533.1932862638578,133.27923760114015,metano,385.2065074483573,1.27,20.8,2.26,0.13,89.3,60.061446716535144,11.67,24,44.4,33.5,0,0.27,Alto,Cambiar ruta o detenerse
Escalera colapsada,24.46101945245239,36.691871394284256,944.5147731958136,0.0,48.79419871872168,670.9772544019171,52.111760128233854,amoniaco,185.44515611921253,0.74,31.9,1.35,0.7,96.1,77.65038417465226,12.24,24,58.5,61.5,0,0.07,Medio,Avanzar con precaución
Túnel estrecho,18.116043398213684,39.16137006126008,958.7491560513196,0.0,32.53861879511893,1505.6908402397955,83.50731924519258,metano,365.2333505721853,0.4,15.8,3.84,0.7,46.0,60.061446716535144,11.62,4,47.4,55.3,0,0.31,Medio,Avanzar con precaución
Túnel estrecho,20.656076383557245,28.71906523801829,943.6919048981456,0.0,38.91832648259312,1231.047413070109,159.54828590730514,sin_gas,205.33812414135016,2.08,7.9,4.39,0.36,53.5,60.061446716535144,12.01,24,44.4,34.9,0,0.05,Alto,Cambiar ruta o detenerse
Entrada,23.554403012613,37.6249836493771,947.221350289898,0.0,27.57705036930563,778.747533391469,174.84669010489276,sin_gas,139.83070350749304,2.43,5.7,1.55,1.2,77.5,60.061446716535144,11.75,24,44.4,32.6,0,0.29,Medio,Avanzar con precaución
Punto crítico,21.23307405487015,24.39143958512894,950.8542253874832,3.3184,13.27288784365237,2167.1830205304586,79.30011782206248,metano,304.86202376114625,0.87,14.0,0.66,0.28,44.0,60.061446716535144,11.63,24,44.4,60.1,0,0.4,Alto,Cambiar ruta o detenerse
Zona de escombros,24.01928641617517,28.81803716383639,947.68077030887,0.0,6.207323878256875,423.159741848186,151.09046689203748,amoniaco,343.43877982509224,0.73,24.9,1.42,1.38,80.3,60.061446716535144,11.77,24,44.4,25.2,1,0.77,Medio,Enviar alerta y avanzar con precaución
Habitación bloqueada,21.06816220691613,34.030475715409075,949.4088132638803,0.0,20.812323852438976,1055.4693814440225,14.336074046225631,monoxido_carbono,229.6467805897821,1.5,1.5,0.7,0.92,25.9,60.061446716535144,11.87,4,47.4,84.5,1,0.66,Medio,Enviar alerta y avanzar con precaución
Sector norte,18.86089202696697,35.90571735262973,947.4967260425276,0.0,58.04519795583735,426.4495801557962,153.32545521329595,sin_gas,282.7503656777507,1.94,4.5,1.75,0.14,61.9,60.061446716535144,11.84,24,44.4,43.2,1,0.96,Medio,Enviar alerta y avanzar con precaución
Zona de escombros,19.44564327348421,39.1272828207708,900.0,0.0,49.67348122742838,601.6145876629207,115.1643063767137,metano,347.0330374279784,1.14,3.7,2.78,1.45,29.8,60.061446716535144,11.78,24,44.4,38.3,0,0.27,Alto,Cambiar ruta o detenerse
Habitación bloqueada,19.86876684484981,34.83612575863627,950.2509470555076,0.0,42.77405505775052,1023.9020602634702,90.52357946853034,humo,383.85502577875474,1.58,20.5,4.87,0.53,43.5,41.6387285556598,11.51,4,32.7,54.3,0,0.29,Alto,Cambiar ruta o detenerse
Habitación bloqueada,21.89453221449047,23.143597540071674,900.0,0.0,39.09196140997359,513.9694893176845,160.74364839901835,sin_gas,447.78573954153813,1.79,8.5,2.12,0.73,40.7,58.81221925921729,11.86,4,46.4,23.5,0,0.01,Alto,Cambiar ruta o detenerse
Túnel estrecho,19.34221798167213,34.73173018619044,948.596722531212,1.3629,43.40918056604193,1652.9241179499963,152.93401393862243,monoxido_carbono,177.27210313216406,2.4,5.8,1.26,0.5,87.1,42.9926058377267,11.53,24,30.8,35.8,0,0.05,Alto,Cambiar ruta o detenerse
Sector norte,24.509179903875864,33.49806856296159,952.1014025858226,0.0,22.25173852219556,582.4121067709839,56.9653917918751,metano,475.7386264262968,0.41,20.7,1.0,1.12,35.5,56.21753151568681,11.64,4,44.4,42.8,0,0.24,Medio,Avanzar con precaución
Pasillo A,19.18724374666481,39.10002760094049,900.0,0.0,28.89079853920689,1873.5986315388,143.51046691033255,sin_gas,318.63990506154374,2.49,26.6,1.03,0.78,84.7,60.061446716535144,11.72,22,44.7,38.7,0,0.01,Alto,Cambiar ruta o detenerse
Sector sur,24.36804320537809,18.953056544072915,936.7693761961584,1.7152,33.15858295255516,510.54843651703834,22.410913390915205,sin_gas,393.8509413494739,0.98,11.6,1.12,0.29,83.5,60.061446716535144,11.73,4,47.4,55.3,0,0.36,Medio,Avanzar con precaución
Entrada,19.994484504985174,24.85262862413304,943.258086686564,0.0,39.48686656755824,524.5486790823032,148.98368870678976,monoxido_carbono,349.88452174071915,1.81,20.2,3.86,0.25,59.9,60.061446716535144,11.69,22,44.7,37.0,0,0.2,Alto,Cambiar ruta o detenerse
Punto crítico,22.32776243508717,38.28418512432439,946.8504411057112,0.0,20.238278367570345,1041.1843879698595,123.20473315406883,sin_gas,102.78586267420332,1.43,3.4,0.49,1.12,38.7,60.061446716535144,11.78,4,47.4,59.7,0,0.11,Medio,Avanzar con precaución
Sector sur,24.22608804006956,39.26301091540174,951.4692857161872,0.0,30.700581291171925,2282.800202435483,20.376607913089977,sin_gas,35.71919150441416,1.22,32.7,4.99,0.43,38.2,43.2400596374137,11.41,24,31.0,82.8,0,0.16,Alto,Cambiar ruta o detenerse
Pasillo B,21.06706500396254,31.46751776721236,900.0,0.5333,76.50290747094259,1746.9258223189647,124.5390303579737,sin_gas,363.1432320090601,1.75,11.8,2.71,0.29,57.2,61.887253622200134,12.05,4,48.9,37.7,0,0.34,Alto,Cambiar ruta o detenerse
Pasillo B,19.832919270172283,43.73324179826173,900.0,0.5333,15.071925377943291,2017.2757130507307,106.59087341836478,sin_gas,255.52633389728823,0.99,34.9,2.81,0.8,20.7,60.061446716535144,11.69,24,44.4,51.4,1,0.98,Alto,Enviar alerta y cambiar ruta
Zona de escombros,24.53278393056719,21.814547773341104,951.328423381938,4.5628,13.102022539442023,697.2594299019227,109.04626770038284,metano,351.1066842041623,0.32,34.3,1.92,1.22,62.5,65.74541300897178,11.73,24,49.0,43.8,1,0.93,Medio,Enviar alerta y avanzar con precaución
Escalera colapsada,22.398748348171704,38.28353716301849,938.992678743574,0.0,3.767462420409811,2151.663409819216,55.901188647697246,sin_gas,238.42140195772987,1.22,27.3,3.51,0.49,96.2,37.75501809818902,11.39,24,26.6,65.8,0,0.31,Alto,Cambiar ruta o detenerse
Sector norte,20.50818441932352,20.29298644787993,932.2540239461596,0.0,61.81170380827654,417.10712120789384,51.63701000224792,sin_gas,156.11726020825202,1.3,0.7,2.46,0.49,32.4,60.061446716535144,11.77,24,44.4,68.8,0,0.24,Medio,Avanzar con precaución
Sector sur,18.55108934839976,38.32927377457583,949.7477631962934,0.0,7.789263045958923,847.420436539313,138.44364460945351,amoniaco,142.50895462978414,0.5,19.0,1.78,1.27,65.9,76.31091359495164,12.0,24,57.4,39.2,0,0.24,Medio,Avanzar con precaución
Punto crítico,19.44508553063268,39.82208024862414,945.558347807741,0.0,29.644485734425224,1693.7938744149862,49.942359178016844,monoxido_carbono,365.26606543499713,2.34,3.0,1.47,0.31,96.9,60.061446716535144,11.88,24,44.4,59.3,0,0.31,Medio,Avanzar con precaución
Sector sur,20.3902943741636,36.15908162955659,951.787155240281,2.9036,20.537447360943204,1188.0174580475057,83.09589406673226,metano,138.39004073288734,0.57,31.3,4.64,0.96,88.8,60.061446716535144,11.72,24,44.4,67.2,0,0.1,Medio,Avanzar con precaución
Pasillo A,21.486922341068315,32.75507691859381,900.0,0.0,20.46097101659069,2466.806122608983,126.58807475478733,sin_gas,357.33843546271044,1.02,27.6,1.6,1.44,88.0,60.061446716535144,11.99,4,47.4,35.3,0,0.22,Alto,Cambiar ruta o detenerse
Pasillo B,22.04438333696384,31.2341140539598,900.0,0.0,31.148449015066376,463.7124183184683,18.93284398230161,monoxido_carbono,191.98006315868926,0.39,34.0,2.29,1.28,85.7,60.061446716535144,11.62,43,41.6,78.9,0,0.13,Medio,Avanzar con precaución
Entrada,21.139878684681285,36.40660879300864,943.0983722379844,0.0,42.83642646853361,2497.0561526667407,109.04596695704001,sin_gas,385.44920215940124,1.34,21.3,1.88,0.19,44.7,73.75384994352794,11.96,22,55.7,37.1,0,0.05,Alto,Cambiar ruta o detenerse
Pasillo B,23.067970755372954,43.394218448293664,941.0230568840792,0.5333,37.02705768611209,1709.6184490087637,108.14086521342053,sin_gas,71.4049628913348,0.77,18.3,0.61,0.55,91.2,60.061446716535144,11.78,24,44.4,68.3,0,0.05,Medio,Avanzar con precaución
Habitación bloqueada,20.708563170531985,39.17682035230354,900.0,0.0,70.60090611785918,1573.2846886518028,124.74002440540447,monoxido_carbono,102.48997160217277,1.22,18.2,1.09,0.3,95.3,60.061446716535144,11.96,4,47.4,57.0,0,0.06,Alto,Cambiar ruta o detenerse
Escalera colapsada,24.058858998499343,31.71052719373951,944.1116919888844,0.0,31.32281175233564,524.9761293843462,69.73741667849026,humo,342.95580286008175,0.56,13.5,1.11,1.43,59.7,65.80430073633482,11.77,24,49.0,63.5,0,0.25,Medio,Avanzar con precaución
Pasillo A,23.85277628417539,36.43346352775289,946.837937587356,0.0,26.364278347040884,973.9906409983704,83.57146046117195,metano,280.1155600991313,0.13,16.4,3.53,1.48,48.4,60.061446716535144,11.82,22,44.7,63.4,0,0.05,Medio,Avanzar con precaución
Escalera colapsada,22.695450920848543,40.39949629078572,944.6921299831326,6.1626,68.79448978248708,2341.791645412351,62.74462994032139,sin_gas,101.93917131079961,1.95,22.2,2.15,0.43,53.1,72.29938873383611,11.84,24,54.2,66.0,0,0.23,Alto,Cambiar ruta o detenerse
Zona de escombros,20.782710110670248,39.02510195128249,900.0,0.47405,29.50998560576046,1143.916606697413,146.42944325803577,humo,451.4135058634108,1.6,32.7,3.95,1.04,46.7,60.460533525908765,11.91,24,44.8,33.1,0,0.24,Alto,Cambiar ruta o detenerse
Túnel estrecho,21.90351990954951,33.172212812104114,953.5637470936568,0.0,68.75339070000243,1789.471720981227,27.856883006323184,sin_gas,137.97207370632313,0.85,20.9,3.6,1.28,37.0,60.061446716535144,11.66,24,44.4,68.7,0,0.36,Medio,Avanzar con precaución
Sector norte,22.78728088684435,46.585259144492,944.7692494525716,0.47405,75.80583764580518,2498.9423358793156,173.51694187568273,humo,210.5356990968169,0.12,30.0,1.12,0.43,69.5,42.708658570296706,11.49,24,30.6,35.8,0,0.25,Alto,Cambiar ruta o detenerse
Sector norte,19.29183056898369,33.07978193567645,946.737086326528,0.47405,9.80827639690339,952.4463990504364,116.09632729636304,metano,101.14397093626899,2.16,30.2,2.9,0.36,65.0,60.061446716535144,11.86,24,44.4,60.0,0,0.39,Medio,Avanzar con precaución
Sector norte,24.031236437584774,35.67181133686183,941.6857608772294,0.0,52.60749227777874,1609.769845930437,160.20867676863077,metano,194.0138091707571,0.42,18.2,3.77,0.12,57.0,60.061446716535144,11.49,43,41.6,35.8,0,0.02,Medio,Avanzar con precaución
Punto crítico,23.54801247156152,32.759144174340456,900.0,0.47405,28.05764010987541,1862.5193646746477,79.59050519633375,monoxido_carbono,245.8233750557371,2.33,12.2,3.24,0.68,27.7,66.76012627153693,11.93,24,49.8,55.3,0,0.28,Alto,Cambiar ruta o detenerse
Túnel estrecho,23.09524015918884,48.927095293210535,900.0,0.0,68.5143039664134,745.7172177873719,63.14883731859942,gas_desconocido,147.62352725645954,1.2,22.4,3.08,1.36,83.8,60.061446716535144,11.69,43,41.6,60.8,0,0.02,Medio,Avanzar con precaución
Zona de escombros,23.66664892682188,38.43064546409325,935.9845291285644,1.3629,25.97379942001538,712.2123837619824,162.6270167716971,humo,384.54683659824167,0.85,15.6,3.75,1.36,34.0,37.70594699958766,11.37,4,29.6,27.2,0,0.29,Alto,Cambiar ruta o detenerse
Pasillo B,19.071026637851624,36.99796331284088,946.8312602253046,0.0,18.83110338106864,1358.246614482164,22.302780053352986,metano,196.96648932312354,1.85,2.9,0.47,0.28,29.2,60.061446716535144,11.63,24,44.4,81.2,0,0.16,Alto,Cambiar ruta o detenerse
Pasillo A,21.21765393072699,47.2801808893086,942.820216927453,0.0,31.97792360153532,1210.2062956945078,25.493765513423615,monoxido_carbono,364.75499997938357,2.19,13.2,3.71,0.39,69.8,60.061446716535144,11.67,4,47.4,62.0,0,0.25,Medio,Avanzar con precaución
Túnel estrecho,19.79612449688752,38.21546367741098,900.0,0.0,15.963179264048035,1899.852417400359,57.385685884818535,monoxido_carbono,103.53608769512168,0.93,34.8,1.51,0.67,51.9,60.061446716535144,11.94,4,47.4,72.6,1,0.85,Medio,Enviar alerta y avanzar con precaución
Pasillo B,20.68836198163033,32.683616101697346,941.0896101975144,0.47405,13.753758202316726,545.9684200420311,172.96062180910573,monoxido_carbono,188.51774839658935,1.02,1.7,2.94,1.19,24.8,60.061446716535144,11.93,24,44.4,38.1,0,0.07,Alto,Cambiar ruta o detenerse
Habitación bloqueada,22.110314603493844,21.35082233833808,948.239046016966,0.0,36.63619558817183,2441.54990985545,115.78700672639373,humo,4.029144447767585,1.08,24.4,1.36,0.96,48.4,60.061446716535144,11.61,24,44.4,52.4,1,0.91,Medio,Enviar alerta y avanzar con precaución
Escalera colapsada,23.257562862373533,29.48927818941649,949.6684015668742,0.0,14.741401471423432,429.98166154024796,101.98389690769469,sin_gas,379.3187919568559,2.31,29.4,4.23,0.82,81.7,15.0,11.08,24,8.4,48.3,0,0.36,Alto,Cambiar ruta o detenerse
Sector norte,21.65007206117162,27.371954942286408,949.7454452998434,1.3629,28.91917486576173,1662.7653311059175,128.4373588621986,sin_gas,312.9433221652421,1.73,22.7,2.51,0.93,69.2,60.061446716535144,11.37,4,47.4,40.0,0,0.08,Alto,Cambiar ruta o detenerse
Habitación bloqueada,23.78925726437792,37.09806044618538,943.262590863084,0.0,24.23931884041184,1581.5284513215156,78.05804731367908,gas_desconocido,408.9116624602281,0.62,19.9,3.29,0.23,49.0,73.72340032160938,12.08,24,55.4,52.8,0,0.37,Medio,Avanzar con precaución
Sector norte,22.368613918858088,33.54964282523408,959.5211986152384,0.0,21.056757335277005,682.9030348264241,137.66286274863987,humo,227.80539405135664,0.46,24.8,4.01,0.77,35.3,60.061446716535144,11.57,24,44.4,52.3,1,0.76,Medio,Enviar alerta y avanzar con precaución
Punto crítico,24.438774296842706,23.01599846540664,952.2767579916544,0.0,36.03905211767604,716.9235636984126,73.81537214525358,sin_gas,399.8703218564196,0.58,15.0,4.5,1.49,70.5,60.061446716535144,11.82,24,44.4,52.5,0,0.3,Medio,Avanzar con precaución
Pasillo A,19.848139549826254,35.16323330290335,950.0842921574988,0.0,18.160524100432934,2064.6227243687163,149.6135573498813,sin_gas,323.7912721354892,0.66,3.2,3.71,0.22,91.0,60.061446716535144,11.72,43,41.6,34.5,0,0.38,Medio,Avanzar con precaución
Sector sur,20.25390455393882,36.05353219614373,951.4579336762116,0.47405,46.760812639036814,2263.8811626666347,51.7766393633883,gas_desconocido,1.8064662671193332,0.58,33.7,0.91,0.83,71.7,60.061446716535144,11.61,24,44.4,78.8,0,0.07,Medio,Avanzar con precaución
Zona de escombros,20.20173479188173,23.67266104000236,945.1656677308353,1.54065,72.53573984389251,994.3356283559161,53.57066537715424,metano,126.84714754425596,1.65,15.1,4.3,0.51,85.0,60.061446716535144,11.65,24,44.4,72.5,1,0.61,Medio,Enviar alerta y avanzar con precaución
Entrada,22.46583532955877,30.81460667813909,948.7810589405848,0.0,17.498169008138213,1319.7243243213939,96.41707844967866,monoxido_carbono,246.94567610312401,0.29,23.3,3.17,0.86,61.7,83.4716408927009,12.13,24,63.2,47.1,0,0.14,Medio,Avanzar con precaución
Punto crítico,21.71013201825238,34.9616175130686,900.0,0.0,5.990693948026389,1145.4895861805426,80.38320271330365,sin_gas,309.3436748559856,0.97,18.6,3.13,0.9,77.4,60.061446716535144,11.77,4,47.4,63.8,1,0.94,Medio,Enviar alerta y avanzar con precaución
Túnel estrecho,20.015513652986307,24.514343484336194,900.0,0.0,11.675055930067195,552.348727271969,118.42027274982169,humo,32.795432332318576,1.56,1.9,4.62,0.91,91.7,65.80561421460845,12.03,4,52.0,62.8,0,0.3,Bajo,Avanzar
Sector sur,24.06180370562212,35.65363421576016,900.0,0.0,30.35484094886795,1813.7289166331998,68.75088206787632,sin_gas,352.53996409189585,0.73,33.3,1.39,1.29,81.9,60.061446716535144,12.06,24,44.4,49.0,0,0.27,Alto,Cambiar ruta o detenerse
Escalera colapsada,23.92608605611059,22.50796319845504,942.3258020555392,0.0,73.13172755529027,2132.9051630919494,45.346363587314194,sin_gas,271.76804882362995,0.16,27.7,1.35,0.65,92.8,51.344817609467725,11.55,24,37.5,56.7,0,0.39,Medio,Avanzar con precaución
Pasillo A,23.633888408085447,31.26267653770189,944.4785123662762,0.0,21.227708353986763,1040.2466505215348,87.21649850450768,sin_gas,262.88965340914285,0.2,5.2,2.66,0.82,54.5,60.061446716535144,11.81,24,44.4,56.8,0,0.08,Bajo,Avanzar
Túnel estrecho,20.173689529749705,41.23858722318074,952.3945228282564,0.0,31.95739701690886,2479.3691666245086,103.1673874120006,humo,146.02277904895755,0.31,34.4,3.8,0.12,92.3,58.543916958524136,11.91,24,43.2,49.1,1,0.81,Medio,Enviar alerta y avanzar con precaución
Sector sur,22.952479298004164,26.38915401864386,946.4664842233494,0.0,23.12838992237037,559.2882702929453,29.955009420195825,amoniaco,297.4115497452884,2.09,25.8,2.35,1.21,69.7,60.061446716535144,11.69,4,47.4,73.7,0,0.19,Medio,Avanzar con precaución
Túnel estrecho,24.536153490914764,36.62430864663991,951.6562229211906,0.0,26.592505814704808,1789.760499010494,102.42575950330394,amoniaco,13.746444815887326,1.64,16.5,3.24,0.46,89.6,60.061446716535144,11.64,24,44.4,69.3,1,0.69,Medio,Enviar alerta y avanzar con precaución
Pasillo A,24.642049689493344,35.22522717183525,900.0,0.0,21.424655906962585,1341.2788305047868,60.869923418381944,metano,32.35016525199425,0.16,21.4,2.37,1.24,23.2,67.2793499748071,12.21,24,50.2,66.2,0,0.01,Medio,Avanzar con precaución
Sector norte,23.05204352584329,39.26645684280032,946.9189472849092,0.0,31.394698019259994,1337.8639923239773,73.67907985198889,humo,366.9350436064208,0.98,3.7,3.13,0.47,72.6,60.061446716535144,11.73,24,44.4,45.2,0,0.4,Medio,Avanzar con precaución
Sector sur,23.091645001928285,27.383637637583668,900.0,0.0,27.14361436207247,1361.0557936704345,53.88067258607422,amoniaco,160.94567126698195,0.7,19.6,4.15,0.12,87.8,60.061446716535144,11.79,24,44.4,74.0,0,0.2,Medio,Avanzar con precaución
Sector norte,23.86933307860261,33.57409702407244,900.0,0.0,35.29422641500751,943.2317249829997,167.99680736378548,amoniaco,173.4835378122419,1.45,2.6,1.07,0.32,33.9,60.061446716535144,11.52,24,44.4,48.1,0,0.25,Alto,Cambiar ruta o detenerse
Sector sur,20.21773528313914,39.35177585121587,947.2825626223066,0.0,72.48928038180554,1902.681937397688,124.58384922403742,gas_desconocido,104.19260162822592,1.31,19.1,3.54,1.48,72.9,70.71523283567772,11.91,4,56.0,61.8,0,0.15,Medio,Avanzar con precaución
Pasillo B,22.25066478592345,36.05162120997148,900.0,0.0,69.3047586141437,1915.3107047785563,50.930554495119594,metano,222.81034604996609,1.2,19.3,3.98,0.55,86.0,15.0,11.1,24,8.4,70.9,0,0.34,Alto,Cambiar ruta o detenerse
Túnel estrecho,22.002658077567325,47.73574519340167,900.0,0.0,30.41104648886094,993.0339312222368,117.88048354659128,monoxido_carbono,25.996715705650153,0.79,30.6,2.35,0.25,43.0,76.71488712405085,12.18,24,57.8,54.0,0,0.23,Medio,Avanzar con precaución
Pasillo A,19.20685455776164,32.34994933282564,948.9840906710784,0.0,32.5251832781388,2154.1435678027456,153.5001716768581,humo,150.18161178555684,0.34,25.4,1.75,0.27,52.4,60.061446716535144,11.76,24,44.4,43.9,1,0.66,Alto,Enviar alerta y cambiar ruta
Pasillo A,19.49755760581858,36.94347709252504,900.0,0.0,23.12866630080481,1065.374381665693,75.28528645823451,amoniaco,263.5619608888488,1.86,8.7,0.27,0.53,65.6,60.061446716535144,11.97,24,44.4,58.9,1,0.93,Alto,Enviar alerta y cambiar ruta
Sector norte,23.162112158262865,18.225092064554,950.660368640297,30.41155,28.883615034805,1922.6955603717388,150.2425641023319,monoxido_carbono,232.8159607795685,2.2,31.1,4.03,0.15,61.5,60.061446716535144,11.51,24,44.4,39.1,0,0.15,Alto,Cambiar ruta o detenerse
Punto crítico,23.86743435859136,37.02587821816087,950.1054494384764,0.0,20.00331521085753,654.0995117753395,32.022615259498664,sin_gas,499.8348215615169,2.36,20.1,1.77,0.82,23.1,32.15872513368,11.11,4,25.1,49.2,0,0.04,Alto,Cambiar ruta o detenerse
Pasillo B,25.78928864118081,37.35332736070079,950.365923796477,4.32575,16.56250930007725,754.2734498878659,148.98673885157942,monoxido_carbono,194.38232605845502,0.15,21.2,1.92,0.4,27.9,60.061446716535144,12.1,4,47.4,51.2,0,0.33,Medio,Avanzar con precaución
Pasillo A,23.02584884658496,33.66888629476183,900.0,0.0,21.954670215041457,1063.1708534673276,99.55149246766412,monoxido_carbono,193.49952962715443,1.85,5.9,1.81,0.83,28.0,60.061446716535144,11.75,4,47.4,51.5,0,0.12,Medio,Avanzar con precaución
Sector sur,19.9981417478662,32.56406743750093,947.3980069309216,0.0,40.02992712781575,1647.1349121025091,44.02053540174687,sin_gas,251.79088870723015,1.82,30.0,2.59,0.3,41.0,69.49609419042578,11.95,24,52.0,57.9,0,0.34,Alto,Cambiar ruta o detenerse
Sector sur,19.12923954988002,34.41940512021131,950.3039232879232,0.0,42.38630602625003,1755.5741195052685,76.2497422972845,humo,95.15155513561491,2.37,32.6,3.57,0.7,39.7,77.22167080186553,12.3,22,58.5,71.9,0,0.25,Alto,Cambiar ruta o detenerse
Zona de escombros,23.856075017622665,35.99830480637123,946.8469239636978,0.0,31.17232970466221,1232.347961131697,177.89877367815794,sin_gas,438.15221147957897,0.63,27.1,3.9,0.94,79.4,60.061446716535144,11.95,24,44.4,16.9,0,0.15,Alto,Cambiar ruta o detenerse
Escalera colapsada,24.32970867335292,37.93374840170674,900.0,0.5333,46.58462598856761,563.4622215320794,142.12230291242457,metano,286.1338944322243,1.86,32.9,2.08,0.19,65.8,51.606893228737576,11.39,43,34.8,36.2,0,0.24,Alto,Cambiar ruta o detenerse
Habitación bloqueada,18.98685860706752,45.49019246219852,900.0,1.30365,76.79124358452913,1184.632769394721,105.64011324239517,monoxido_carbono,96.0538195997112,0.14,10.6,3.38,0.66,81.1,60.061446716535144,11.83,4,47.4,68.5,0,0.26,Bajo,Avanzar
Pasillo B,20.51945920919017,36.80285536237737,942.3855618489024,0.5333,49.097271956255405,1846.4117835142183,25.153684583291977,metano,396.72079568606614,1.58,30.1,3.66,0.52,25.6,42.6535720511487,11.66,4,33.5,69.2,0,0.29,Alto,Cambiar ruta o detenerse
Punto crítico,24.371869573147663,35.0320747872357,947.6250893422372,0.88885,20.6414420225184,1809.0904683736635,78.11702700776254,sin_gas,17.166085571426628,0.88,17.1,1.63,0.44,58.8,60.061446716535144,11.66,24,44.4,67.5,0,0.33,Medio,Avanzar con precaución
Entrada,17.36479888984831,34.35282663771425,900.0,1.24435,35.76489339335188,736.4124677314298,51.034014952089024,metano,491.2821002927136,1.92,5.7,0.66,0.95,45.9,76.0646893206756,12.04,24,57.3,52.6,0,0.07,Medio,Avanzar con precaución
Sector norte,23.33175944610708,31.932451738868128,945.838801876474,0.0,55.64365758144639,416.346337564831,17.425188913443293,sin_gas,432.5746673856857,2.16,23.4,4.49,0.92,88.0,57.58539407054947,11.71,24,42.5,63.5,1,0.87,Medio,Enviar alerta y avanzar con precaución
Sector sur,22.29546715687693,34.76200360309725,951.870543003536,0.0,15.7059360442227,1981.2613963218453,99.88576802588013,sin_gas,289.8197277670099,0.91,23.9,3.45,0.98,76.6,37.033646349401934,11.38,24,26.0,55.9,0,0.17,Alto,Cambiar ruta o detenerse
Pasillo B,19.59182289852244,43.83457110368448,943.6134482730164,0.0,35.676405591783144,623.3731494090118,160.6074974721533,sin_gas,55.64783137853324,1.31,10.0,3.31,0.32,89.5,60.061446716535144,11.55,43,41.6,43.6,0,0.35,Medio,Avanzar con precaución
Pasillo A,24.60104031209225,34.06192828063057,950.9632821061258,1.3629,31.727794038248035,572.9332023249996,123.22997693047189,sin_gas,107.63638664483571,0.29,1.0,0.48,0.5,23.7,60.061446716535144,11.29,4,47.4,58.5,0,0.1,Medio,Avanzar con precaución
Pasillo B,19.530518391389503,20.86818356227725,948.1544125653196,1.54065,29.94431769078837,405.67255535174326,48.69406789658946,sin_gas,139.71758515678155,1.04,7.0,4.13,0.39,77.7,78.51487944345573,12.18,24,59.2,73.1,0,0.02,Bajo,Avanzar
Pasillo B,23.11499732237452,26.59915437431645,949.1105436598853,15.2884,37.59313540665393,1308.4627845095472,105.3773062169131,monoxido_carbono,120.51586895180549,0.9,14.0,2.92,0.86,63.2,76.65325205212496,12.28,43,54.9,60.3,0,0.23,Medio,Avanzar con precaución
Zona de escombros,21.23371277799384,36.91256193783824,942.147996390752,0.0,45.06713459274086,1456.8541918917103,170.06599958571957,humo,248.76000522672288,0.46,5.9,4.27,0.75,86.0,54.258535757341754,11.59,24,39.8,31.6,0,0.14,Medio,Avanzar con precaución
Entrada,19.51604486462331,23.54666479404406,900.0,0.0,10.261410195179314,1739.0944969120403,131.51013426151368,monoxido_carbono,472.28018513357387,2.24,6.8,4.88,0.56,60.6,60.061446716535144,11.67,24,44.4,41.7,0,0.39,Alto,Cambiar ruta o detenerse
Escalera colapsada,19.992655883584074,42.65167157358191,951.3530946324336,0.0,36.24367603147217,1021.7340654964303,125.6579323961837,amoniaco,222.08629238390526,0.37,13.7,4.79,1.2,63.2,74.10068438925484,12.03,24,55.7,53.4,0,0.05,Medio,Avanzar con precaución
Pasillo B,19.12964275167133,38.91943916019162,950.0044638608836,4.91825,22.416602736852862,1891.8919044122379,174.42767908981534,metano,330.78228408670276,1.59,33.7,4.31,0.23,24.1,74.19433821555134,12.3,24,55.8,35.8,0,0.03,Alto,Cambiar ruta o detenerse
Punto crítico,18.59233881519368,33.58215939243457,939.3141071038297,0.0,16.32672738394076,755.5969005545774,144.80282945720435,amoniaco,344.29160298941156,2.23,26.7,0.25,1.46,73.5,68.0575931802337,11.83,24,50.8,44.4,0,0.03,Alto,Cambiar ruta o detenerse
Zona de escombros,22.651289749145505,20.284755032537184,942.3359516425108,0.0,37.0822638670652,2147.179111531729,28.90912004228162,monoxido_carbono,435.79036262724134,2.28,11.2,4.45,0.26,41.9,60.061446716535144,11.85,24,44.4,66.8,0,0.09,Alto,Cambiar ruta o detenerse
Entrada,24.142197509266538,33.6012164998636,942.6511849534804,0.0,22.50638532973125,1600.8814906699356,65.83614022083523,metano,16.91064378575963,1.98,33.3,0.56,1.18,21.6,15.0,10.64,4,11.4,70.6,0,0.24,Alto,Cambiar ruta o detenerse
Habitación bloqueada,22.716764066988144,42.11748474258569,900.0,1.16185,32.264363846309124,1626.1686290813018,173.89962262909506,sin_gas,202.1650296737711,0.44,22.6,4.29,0.62,25.3,15.0,10.65,43,5.6,31.8,0,0.21,Alto,Cambiar ruta o detenerse
Punto crítico,19.28113253544326,41.44398081492192,946.5543441998062,0.5333,37.82613593963684,840.5283689361271,90.69844398464963,sin_gas,392.36755704304966,2.04,15.9,1.54,1.31,96.6,60.061446716535144,11.89,24,44.4,44.5,0,0.15,Alto,Cambiar ruta o detenerse
Zona de escombros,20.890566346457103,38.03311778375024,931.6416947135918,0.4148,64.90726130545826,555.6283735308153,24.53655293120744,monoxido_carbono,407.4335074827231,0.69,16.4,3.13,0.2,47.7,45.67583584489646,11.7,24,32.9,64.0,0,0.04,Medio,Avanzar con precaución
Habitación bloqueada,20.829109849952964,35.38976937017149,949.3848493949848,1.3629,31.130658422811816,1375.92208646941,85.25585394265983,metano,463.66630758700563,2.31,14.4,0.38,0.62,89.4,74.32269439709201,12.19,24,55.9,54.5,0,0.1,Alto,Cambiar ruta o detenerse
Habitación bloqueada,23.95495875604352,22.113515243016025,949.7367420505722,0.0,17.29531861093748,1692.7850990369539,126.97381596239012,humo,351.3971799090012,1.77,8.2,3.9,0.57,96.8,60.061446716535144,11.45,24,44.4,31.5,0,0.08,Alto,Cambiar ruta o detenerse
Túnel estrecho,23.676433313877403,24.15253949861961,948.5726601071826,3.4304,31.46728728085189,599.5975631895398,179.5709387942172,sin_gas,122.57697305237176,1.96,13.5,0.74,1.49,95.5,60.061446716535144,11.7,24,44.4,45.6,1,0.86,Alto,Enviar alerta y cambiar ruta
Entrada,22.573425076052093,38.55177826149668,900.0,0.0,15.806709385592738,2396.12239650915,61.683430398560326,sin_gas,252.83287154218908,0.21,18.5,2.17,1.48,90.5,75.64415495512485,12.12,24,56.9,58.6,0,0.31,Medio,Avanzar con precaución
Túnel estrecho,27.632850610261983,24.26213241610722,948.3024433781142,0.0,20.1405933089612,2458.8701564888943,94.96520310387291,monoxido_carbono,16.172643959448784,1.46,18.5,4.12,0.37,91.6,60.061446716535144,11.77,24,44.4,57.2,0,0.31,Medio,Avanzar con precaución
Entrada,23.59688483927635,46.09697642294624,900.0,0.0,13.402066679829554,1545.4590603242332,158.94412331371393,humo,323.4641705491234,2.05,26.7,3.54,0.98,43.1,60.4434559968411,11.48,22,45.1,30.1,0,0.39,Alto,Cambiar ruta o detenerse
Pasillo B,21.658417170091514,20.50214302039387,951.0265182279056,0.0,51.617528449837685,2395.145226074153,67.17176316003336,metano,277.14760575437833,2.15,12.6,0.23,0.85,32.1,60.061446716535144,11.57,24,44.4,65.0,1,0.74,Alto,Enviar alerta y cambiar ruta
Zona de escombros,16.59482547357992,36.83775944671566,951.40364485523,0.0,56.23543463472949,776.8349989197914,24.120772403400014,monoxido_carbono,333.41814038064655,0.07,25.1,2.13,0.32,71.1,60.061446716535144,11.64,24,44.4,71.0,1,0.72,Medio,Enviar alerta y avanzar con precaución
Habitación bloqueada,21.51435209226068,26.91338386512832,952.907211735411,0.5333,9.058988060436322,453.3834388770023,171.0637781252632,sin_gas,465.0702766937977,2.35,20.2,0.4,0.33,59.0,60.061446716535144,11.75,24,44.4,33.4,0,0.17,Alto,Cambiar ruta o detenerse
Sector norte,23.935489912473525,44.130735946057634,900.0,0.5333,25.106297738358307,482.76002410981886,90.47714117486252,monoxido_carbono,343.6383058602158,0.11,33.7,3.43,1.48,27.9,60.061446716535144,11.47,4,47.4,47.9,1,0.91,Alto,Enviar alerta y cambiar ruta
Entrada,18.871654637145955,38.94764899011008,900.0,0.59255,29.65099445632628,1633.776206796236,92.98714938509505,amoniaco,160.2249651873806,1.54,13.5,4.85,0.73,74.2,72.67029845208025,12.12,24,54.5,56.5,0,0.25,Medio,Avanzar con precaución
Pasillo B,23.36369904132776,33.13565595114075,900.0,0.0,27.549864161326408,529.4479552173294,113.71002530573188,humo,99.36833193507837,1.73,31.5,3.35,0.28,65.0,60.061446716535144,11.75,24,44.4,52.1,0,0.12,Medio,Avanzar con precaución
Zona de escombros,23.92472258382077,23.95334041593048,925.6694691937907,0.0,40.77819782531424,2412.945774330583,5.618909148064306,sin_gas,427.3181034093274,0.27,28.7,1.28,0.4,89.0,60.061446716535144,11.6,24,44.4,77.0,0,0.23,Medio,Avanzar con precaución
Pasillo A,18.04279485181064,39.092589259326495,900.0,0.0,70.32106132977397,698.059742594737,167.9479557245486,metano,97.16607163688029,0.12,22.3,1.91,0.48,68.7,60.061446716535144,11.79,24,44.4,36.8,0,0.4,Medio,Avanzar con precaución
Pasillo A,20.599616083506003,37.84143095073141,932.7540476431382,0.0,75.95689943076364,1039.9178927112553,68.2539398355448,monoxido_carbono,80.80479029768195,1.96,22.9,4.89,0.82,65.9,46.94643175560315,11.27,22,34.3,64.1,0,0.34,Medio,Avanzar con precaución
Túnel estrecho,21.5833836589216,27.59589467921501,900.0,0.0,70.17239675306087,2127.287384196532,74.46307591726101,sin_gas,103.3060403404879,0.96,3.0,1.28,0.57,55.3,60.061446716535144,11.75,24,44.4,73.4,0,0.12,Medio,Avanzar con precaución
Sector sur,20.63633223989242,32.888152805550064,950.6082452768284,0.0,23.2373332488267,859.3546785185954,35.46911831831612,monoxido_carbono,254.4204240652534,0.27,33.3,2.9,0.74,57.0,60.061446716535144,11.49,4,47.4,71.5,0,0.38,Medio,Avanzar con precaución
Escalera colapsada,24.29636450905678,33.78659103600786,944.3894088865396,0.47405,26.188688203772145,910.2337627545983,71.17653232618069,monoxido_carbono,62.093721579728424,1.91,3.7,2.12,0.33,96.4,60.061446716535144,11.51,24,44.4,66.3,0,0.39,Bajo,Avanzar
Punto crítico,21.333773005559287,22.68314879182538,900.0,0.0,10.763393729818327,1748.8488071611382,145.69011788580912,sin_gas,469.0591652983511,2.12,19.7,3.89,0.56,31.1,49.82584133179766,11.48,4,39.3,30.2,0,0.1,Alto,Cambiar ruta o detenerse
Túnel estrecho,23.101116458600075,39.30336134147806,934.9047693960448,0.0,12.970523271265876,979.7807858274508,144.9985426972186,humo,483.1268536200448,1.47,11.6,4.36,0.2,55.7,60.061446716535144,11.65,4,47.4,37.3,0,0.36,Alto,Cambiar ruta o detenerse
Zona de escombros,21.738933370028967,42.55956771914266,944.6729131487788,0.47405,53.57202856439418,856.6400314161706,168.76444715670425,sin_gas,486.90092664149944,0.4,15.0,1.84,1.35,72.5,74.95754201832263,12.13,24,56.4,31.7,0,0.35,Medio,Avanzar con precaución
Zona de escombros,23.071566005856344,37.62113582740051,942.5007463945392,0.0,35.39548860269284,933.7732000418807,75.56515771913926,gas_desconocido,19.562402409859903,0.04,21.4,3.37,0.38,54.6,60.061446716535144,11.76,24,44.4,64.5,0,0.03,Bajo,Avanzar
Habitación bloqueada,21.77282679174281,20.81547299992868,900.0,0.0,34.58831324073399,1430.3597486155263,129.02626315600224,humo,473.0987632400159,1.75,31.8,2.84,1.16,42.7,60.061446716535144,12.08,4,47.4,41.0,0,0.27,Alto,Cambiar ruta o detenerse
Pasillo B,21.09879199535107,38.43162333381135,900.0,0.0,40.36749001923878,2428.8097327361124,93.76657216132249,amoniaco,498.7074663087126,1.38,16.0,1.54,0.59,43.0,60.061446716535144,11.72,24,44.4,48.2,0,0.13,Alto,Cambiar ruta o detenerse
Pasillo A,20.0264853837576,24.478484625588177,949.3914392472736,0.0,73.3410648917181,2147.6996772785797,145.70398816584793,sin_gas,471.21455467274353,1.63,34.6,1.51,0.76,38.7,60.061446716535144,11.27,24,44.4,23.4,0,0.27,Alto,Cambiar ruta o detenerse
Entrada,24.09053650554295,39.160167298834686,947.0670644446928,0.0,12.72668208140367,997.6815555763719,129.69485159827445,humo,335.46945288135305,2.03,20.7,2.79,0.51,47.5,60.061446716535144,11.46,22,44.7,38.6,0,0.37,Alto,Cambiar ruta o detenerse
Pasillo A,20.19837595599706,30.64858208506519,945.349841567418,2.07395,19.19272589782775,1163.083737846005,69.38301192509824,amoniaco,350.61507620425044,1.09,5.6,0.94,1.08,89.7,15.0,10.64,24,8.4,53.0,1,0.81,Alto,Enviar alerta y cambiar ruta
Pasillo B,23.52455272297746,19.64001325339132,959.8761083756476,1.16185,38.8166526821612,1375.4757260585625,63.917920994396184,sin_gas,61.12646993672383,0.31,6.7,4.09,1.28,60.4,60.061446716535144,12.27,24,44.4,71.4,0,0.17,Bajo,Avanzar
Sector norte,19.15326129619369,30.44653228502222,948.704590873213,0.0,16.242988129797368,2455.75225873568,49.17743102989433,metano,437.1485385374813,2.35,25.1,0.53,0.5,39.2,54.1000708401671,11.63,24,39.7,54.5,0,0.37,Alto,Cambiar ruta o detenerse
Habitación bloqueada,21.40902317684721,45.238602250145085,900.0,1.54065,56.75705215766526,762.019983505003,105.8902633355116,sin_gas,29.81979231438575,1.36,1.8,0.65,0.44,50.8,60.061446716535144,11.93,22,44.7,60.0,0,0.39,Medio,Avanzar con precaución
Pasillo B,24.56998477765472,34.125480414533484,949.1489565592168,0.0,36.56280570082929,1150.714517332954,173.67249902892542,gas_desconocido,158.8652733088199,1.54,16.8,1.84,1.05,28.5,60.061446716535144,11.91,4,47.4,29.3,1,0.69,Alto,Enviar alerta y cambiar ruta
Zona de escombros,20.74636404183573,47.356980437985946,900.0,0.0,23.38047674623724,1931.7947973637015,40.01167908307405,humo,495.5758225740935,2.33,5.2,0.77,0.37,92.3,63.996956564538195,11.65,4,50.6,60.8,0,0.37,Medio,Avanzar con precaución
Sector norte,20.776036684644023,41.9644873331127,950.599469166916,0.0,61.02727903417027,2424.281841964781,21.66917960825691,humo,211.16393955149763,2.33,15.2,2.48,1.0,52.7,60.061446716535144,11.49,24,44.4,79.7,0,0.04,Alto,Cambiar ruta o detenerse
Sector norte,24.617041631334693,32.409692506007346,900.0,0.0,15.458174565199409,726.9179468048992,25.895112363354883,amoniaco,65.57811198262937,1.43,26.2,2.12,0.23,98.4,60.061446716535144,11.86,4,47.4,89.1,0,0.14,Medio,Avanzar con precaución
Habitación bloqueada,19.354761182988977,34.38261899232946,940.1440843635796,0.0,6.621189396723879,877.497903808126,142.04226834377624,metano,484.64733102454005,0.74,16.1,3.66,0.97,47.8,60.061446716535144,11.43,43,41.6,27.1,0,0.31,Alto,Cambiar ruta o detenerse
Punto crítico,20.752537442234352,40.95582978611549,951.3050514044744,1.5999,40.96726520200286,873.9588162199035,66.26834074979865,sin_gas,492.06982352086806,2.49,5.7,4.77,0.82,86.9,60.061446716535144,11.91,24,44.4,47.8,0,0.31,Medio,Avanzar con precaución
Sector norte,19.147471628288177,39.5787565571078,944.0452004296476,7.05155,29.38069694071704,443.9572619333544,44.26419484616645,sin_gas,93.52134261935718,1.7,8.8,3.82,0.26,40.5,60.061446716535144,11.74,24,44.4,82.0,0,0.29,Medio,Avanzar con precaución
Punto crítico,20.152515870393884,46.23895135329417,933.380417370966,0.0,23.869143942450453,1668.642812459994,66.7477207153625,sin_gas,432.4019043700854,1.02,12.9,1.06,1.01,26.1,60.061446716535144,11.85,24,44.4,54.4,0,0.03,Alto,Cambiar ruta o detenerse
Zona de escombros,21.389048371597724,38.615993322712285,942.759949134008,0.0,33.46272448520896,1808.476455706377,117.93289224516631,monoxido_carbono,195.21166309694587,1.4,2.4,4.69,0.73,22.5,58.724842242484144,11.78,24,43.4,57.2,0,0.06,Medio,Avanzar con precaución
Punto crítico,21.193923501781804,41.01542011746952,944.5663616156148,4.91835,36.04227996883286,1665.3043692630322,100.68774684494966,humo,190.68423224335723,1.04,20.5,2.08,0.4,68.5,70.86865003292934,12.04,24,53.1,58.7,0,0.38,Medio,Avanzar con precaución
Habitación bloqueada,23.835073236377195,40.79746580490124,943.0707623147284,0.0,17.090088437738185,549.7782777669102,135.12814614121453,gas_desconocido,131.34881594845083,2.22,21.3,2.48,0.59,44.9,60.061446716535144,11.78,22,44.7,40.6,0,0.04,Alto,Cambiar ruta o detenerse
Habitación bloqueada,21.116521472487484,37.247639409059765,900.0,5.6293,17.989022318916412,545.3832640658266,64.33797598431084,sin_gas,22.355137277448257,1.21,2.2,2.22,0.79,55.5,60.061446716535144,11.8,24,44.4,69.1,0,0.04,Bajo,Avanzar
Pasillo B,22.551140916202897,42.64768698709417,900.0,0.0,20.658625722332243,841.8117644376605,84.10500035631995,monoxido_carbono,134.00449184261177,2.06,14.1,1.55,0.23,85.5,60.061446716535144,11.77,4,47.4,72.1,1,0.85,Medio,Enviar alerta y avanzar con precaución
Escalera colapsada,20.027553562804112,38.81606397117399,950.7503337390611,0.0,4.635673295283373,1009.6184829677208,22.84446456851161,monoxido_carbono,26.888452666526007,2.1,14.5,4.5,1.44,39.8,60.061446716535144,11.55,24,44.4,87.9,0,0.26,Medio,Avanzar con precaución
Habitación bloqueada,23.872463296120216,23.016651291808195,952.2988122004888,0.9481,33.807164941029775,2051.7416774110998,17.785263055736756,metano,462.1860231799817,2.06,11.7,1.79,1.03,44.7,63.335534166981105,11.77,43,44.2,72.2,0,0.15,Alto,Cambiar ruta o detenerse
Sector norte,22.814203648326902,33.70601142911253,900.0,1.65915,14.656756692988877,734.7195580727343,85.89466749771758,monoxido_carbono,330.86033619636424,1.81,19.5,2.98,0.24,87.6,60.061446716535144,12.09,24,44.4,47.7,0,0.07,Alto,Cambiar ruta o detenerse
Entrada,19.76972228832602,44.0241345375516,934.65209282896,0.0,37.90558383487214,492.5936544348175,57.779406303036616,metano,443.31132500819575,2.14,12.1,1.35,1.25,59.4,60.061446716535144,11.81,24,44.4,54.0,0,0.35,Medio,Avanzar con precaución
Zona de escombros,22.5761297722632,32.84597043853998,900.0,2.84425,4.132937425042423,1227.3737661974158,112.2401001238229,humo,358.6453407352853,0.97,14.6,4.03,0.55,86.2,71.04613380493588,12.16,24,53.2,34.1,0,0.4,Alto,Cambiar ruta o detenerse
Pasillo B,25.278287715024284,36.30770410579306,947.645894422206,0.0,55.15269668795253,1274.4235572980326,12.525378952800086,amoniaco,65.64343554131963,0.29,27.9,3.92,0.94,50.0,60.061446716535144,11.61,4,47.4,78.9,1,0.67,Medio,Enviar alerta y avanzar con precaución
Pasillo A,24.020131277591982,46.7998165655939,949.8506112608438,0.0,37.430906627727545,1346.905410196804,26.30911607992395,amoniaco,470.2907683676489,2.11,5.7,1.62,0.49,51.9,60.061446716535144,11.61,4,47.4,59.5,0,0.23,Medio,Avanzar con precaución
Punto crítico,21.524188394625288,47.17152655539034,945.5712860825032,0.88885,31.533909597129394,2136.497442456634,156.40839194361916,sin_gas,449.94652681638354,1.25,21.7,3.47,1.13,33.4,60.061446716535144,11.58,24,44.4,22.3,0,0.11,Alto,Cambiar ruta o detenerse
Sector norte,22.37958593678112,20.65564676506622,900.0,0.0,20.75582219559861,605.8113712289776,104.10453376584329,sin_gas,174.03803895051783,0.32,17.7,3.58,1.11,93.3,41.6387285556598,11.17,24,29.7,51.2,0,0.33,Medio,Avanzar con precaución
Entrada,25.132676305044324,43.52921070872517,943.8487408649728,8.1775,22.28888659353302,1878.2783730861204,129.60954339596475,metano,55.76667017583825,0.29,10.7,2.9,0.87,91.7,74.80094273294847,11.83,24,56.2,59.9,0,0.14,Bajo,Avanzar
Túnel estrecho,23.761826716384824,22.136579556162506,900.0,0.47405,55.35524458612269,1109.6856991951106,152.34512077377676,amoniaco,352.0773753944369,0.4,25.5,3.08,0.44,98.7,76.16128511018279,12.13,24,57.3,33.7,1,0.96,Alto,Enviar alerta y cambiar ruta
Punto crítico,23.96533976828767,22.2127580957938,900.0,0.0,20.310494620311008,1050.9582865144869,86.17101001625913,humo,364.1806513683612,1.88,19.3,2.96,0.46,52.2,60.061446716535144,11.71,24,44.4,49.1,0,0.22,Alto,Cambiar ruta o detenerse
Sector norte,22.232671842619816,41.80486852121625,939.4449923633852,1.53075,18.46637252134053,2358.3405647805575,138.1855671943083,metano,448.4145224203536,1.78,16.7,0.59,0.64,85.5,60.061446716535144,11.89,24,44.4,34.0,0,0.22,Alto,Cambiar ruta o detenerse
Sector sur,25.36224815582993,35.461647280006055,900.0,0.0,20.444319472361222,921.7839012751583,96.80247633786675,amoniaco,26.327879725539958,0.51,23.4,3.42,0.3,53.2,75.7743428659037,12.04,24,57.0,70.9,0,0.34,Bajo,Avanzar
Zona de escombros,24.506111014550022,27.45278041454601,900.0,0.4148,36.43333196270647,1749.3168542126693,43.981034797898175,metano,70.85191901368593,2.12,28.1,2.45,0.57,56.3,58.907677528644506,11.38,24,43.5,81.0,0,0.19,Medio,Avanzar con precaución
Túnel estrecho,19.873650479657105,26.3530922076874,900.0,0.0,30.78457229838413,977.7682904897933,64.08982954016442,sin_gas,299.1243964395912,0.7,34.0,2.3,1.06,86.4,60.061446716535144,11.83,24,44.4,63.4,1,0.69,Medio,Enviar alerta y avanzar con precaución
Sector norte,17.75682675276658,40.15141342553596,949.210080173478,0.0,15.032731437130716,1465.0021535448088,90.81132718474065,amoniaco,309.56577543504125,1.98,22.0,4.33,1.26,34.2,60.061446716535144,11.46,24,44.4,61.6,0,0.15,Alto,Cambiar ruta o detenerse
Escalera colapsada,22.880543408692,45.80469175722497,948.7274841699502,0.0,45.61710659329661,2051.215074452183,60.454971630147384,amoniaco,16.80483115750314,1.22,30.6,0.31,0.57,37.6,60.061446716535144,11.79,24,44.4,65.7,0,0.08,Alto,Cambiar ruta o detenerse
Pasillo B,21.73818164425519,35.70860560084336,959.4252453566716,0.5333,39.24339412501698,2251.6172993841474,63.71734598623221,sin_gas,198.4660255308292,1.83,0.0,1.41,0.43,45.2,62.14793369670343,11.69,43,43.3,60.4,1,0.86,Alto,Enviar alerta y cambiar ruta
Sector norte,20.104570712507897,27.790681380032296,941.5453380384232,0.0,29.321718057843192,2161.2642046196056,64.04374546853413,sin_gas,292.08086563802453,0.95,18.6,0.78,1.27,83.1,69.04771881494871,11.98,24,51.6,55.6,1,0.97,Alto,Enviar alerta y cambiar ruta
Punto crítico,25.356304773650898,24.038418306269104,900.0,0.0,42.78181708162807,1622.5795459037436,26.49699629999323,metano,368.9556665758669,0.87,7.5,0.37,1.35,49.8,60.061446716535144,11.54,4,47.4,63.5,0,0.2,Alto,Cambiar ruta o detenerse
Punto crítico,22.87083085416446,36.49051880278312,950.5008049022294,0.0,14.36706535164954,922.5142622102665,19.81245626214399,sin_gas,158.07534588916428,2.1,3.3,1.52,0.67,48.7,60.061446716535144,11.88,24,44.4,73.4,0,0.33,Medio,Avanzar con precaución
Pasillo B,19.229154282824684,42.850509520377386,900.0,0.0,32.57001003293977,1788.5901048499181,13.13680694597826,humo,241.9517465109207,0.09,18.6,4.94,0.14,99.9,15.0,10.82,4,11.4,65.0,0,0.23,Medio,Avanzar con precaución
Sector norte,21.8283029141637,22.032267482964244,944.1960903980004,0.0,28.89517398825344,1890.8005961371769,24.417345681008932,monoxido_carbono,407.0274361560046,2.44,26.1,1.5,1.07,50.7,60.061446716535144,11.71,24,44.4,65.8,0,0.36,Alto,Cambiar ruta o detenerse
Habitación bloqueada,22.31146800746812,19.81894445214154,943.0415306492308,0.5333,28.87471378707684,422.45317923835296,65.14874112373315,sin_gas,476.9475319488702,1.62,14.4,3.39,1.2,39.8,60.061446716535144,11.51,24,44.4,45.6,0,0.21,Alto,Cambiar ruta o detenerse
Pasillo A,22.649140079332938,29.308778677298307,947.3271647385558,0.0,34.13054374343292,1322.3420729569366,108.92756601203499,sin_gas,115.15733769492276,1.08,23.5,0.77,0.13,69.9,43.09201399689464,11.68,43,28.0,59.8,0,0.1,Alto,Cambiar ruta o detenerse
Escalera colapsada,24.36592625008086,41.82866725475603,900.0,0.0,20.00167984680757,2170.850289925705,37.92571226164657,gas_desconocido,126.52110290994811,1.57,17.1,3.09,0.93,84.2,60.061446716535144,11.63,24,44.4,67.1,0,0.06,Medio,Avanzar con precaución
Habitación bloqueada,25.106903785714373,32.834641337686385,944.1986339153505,0.0,37.5464261288277,1428.1339521103994,160.40154805046166,amoniaco,469.9090937169377,0.31,15.3,4.93,0.92,25.6,60.061446716535144,11.8,24,44.4,19.2,0,0.35,Alto,Cambiar ruta o detenerse
Sector norte,24.458107289079223,42.04652646235726,941.6601280303744,0.0,43.6710729312098,1053.8884285429745,146.46692546690366,amoniaco,197.9555753813418,1.29,10.2,1.6,0.63,69.5,60.061446716535144,11.62,24,44.4,35.4,0,0.03,Medio,Avanzar con precaución
Habitación bloqueada,22.10665727181885,44.75004730823248,946.420733175922,0.0,14.342771490466664,2230.775319151792,96.09224474160364,sin_gas,359.17416226037136,2.46,13.4,4.27,1.15,22.9,73.0587104620231,12.6,24,54.8,57.9,0,0.06,Alto,Cambiar ruta o detenerse
Sector sur,24.40788582653573,22.696042636550995,900.0,0.0,66.47335361253613,727.349464812592,131.736720392338,humo,306.1326143649381,0.59,12.2,4.99,0.7,62.1,60.061446716535144,11.78,4,47.4,45.8,0,0.03,Medio,Avanzar con precaución
Entrada,21.9900798797436,28.501084205360552,900.0,0.0,31.22256203564891,833.5349880740208,69.10749182228273,metano,142.79383989702816,1.81,22.6,3.03,1.05,40.6,77.48363230219644,12.03,4,61.4,72.9,0,0.18,Medio,Avanzar con precaución
Sector norte,22.580575750017548,22.22746888847504,949.4625775495967,0.0,11.131440797737634,1843.4819705658801,11.436113728290731,monoxido_carbono,326.78111097901245,1.09,4.1,1.69,0.82,44.5,60.061446716535144,11.85,24,44.4,71.7,0,0.22,Medio,Avanzar con precaución
Punto crítico,22.75931813497445,43.47617304765407,947.758430417561,0.0,43.427640949388696,1140.1154772058076,163.25824831819446,gas_desconocido,327.78295047848667,1.63,3.2,3.43,0.45,57.4,60.061446716535144,11.87,4,47.4,32.9,0,0.02,Alto,Cambiar ruta o detenerse
Pasillo A,20.100703164966447,34.23008782500189,946.597629757402,0.0,11.731404806996954,1897.3353550409358,27.36386044511885,sin_gas,296.2215927045381,0.51,23.1,4.26,0.95,94.2,66.05151982050118,11.95,4,52.2,73.2,0,0.21,Medio,Avanzar con precaución
Zona de escombros,24.327747298268623,34.66950142036986,951.6715387523852,0.0,58.0157215705708,731.1776046449329,170.889035616439,metano,49.830412424756446,1.18,19.1,1.02,1.13,76.9,73.28995715902654,11.99,24,55.0,40.3,0,0.16,Medio,Avanzar con precaución
Punto crítico,20.90454115837128,41.82261013612158,952.1576158871662,0.0,20.320681701423226,929.7650881617765,105.07945294656926,sin_gas,497.58591118701884,2.45,15.1,2.37,1.46,94.9,60.061446716535144,11.83,24,44.4,43.5,0,0.31,Alto,Cambiar ruta o detenerse
Escalera colapsada,22.109539168575218,39.657025247324015,900.0,0.0,14.124140130495135,728.9594945636304,58.47353567875024,metano,200.2082305854137,0.49,5.3,1.73,0.63,72.8,73.60036233787207,12.02,4,58.3,58.3,0,0.33,Bajo,Avanzar
Pasillo A,19.56423719216897,44.1759843153228,947.4035549668216,12.14775,30.4062357983611,2401.1116584833703,91.71680907957281,sin_gas,319.12549269849444,1.59,14.4,1.56,0.19,20.6,45.00810471553164,11.44,24,32.4,57.6,0,0.28,Alto,Cambiar ruta o detenerse
Entrada,21.84438345171609,38.47830433124978,941.958965366663,0.0,65.00820935969446,1251.3483177869407,92.78521656154147,humo,442.8808470563096,1.44,27.6,4.33,1.48,41.2,72.72195491194257,11.91,24,54.6,47.3,0,0.19,Alto,Cambiar ruta o detenerse
Sector norte,22.93778859676294,21.7049418780962,952.4501191786752,0.0,41.65395761760172,1108.1618108114744,9.075238902451833,metano,211.64424420991818,1.41,31.1,2.22,0.97,92.5,62.45232419519426,11.59,4,49.4,74.7,0,0.09,Medio,Avanzar con precaución
Punto crítico,24.16002741807385,37.00529998640395,949.9173613859228,0.0,27.23788556220044,429.82452795860587,67.20547407972427,monoxido_carbono,386.9625284027743,1.54,24.6,1.83,1.43,71.5,60.061446716535144,11.85,24,44.4,51.7,1,0.64,Alto,Enviar alerta y cambiar ruta
Habitación bloqueada,22.038897340416923,33.964334115278376,955.1714657879114,0.0,36.499063909093344,722.1769167628636,134.47651492001054,humo,485.912212339703,1.26,2.1,3.1,0.25,98.5,60.061446716535144,11.85,4,47.4,40.5,0,0.14,Medio,Avanzar con precaución
Habitación bloqueada,24.101022356076232,35.51400111664007,950.9464743018308,0.0,37.59003049555962,1284.385298109249,94.2621080663739,gas_desconocido,179.46738012652415,0.04,23.5,1.25,0.58,32.5,60.061446716535144,11.96,24,44.4,50.5,1,0.85,Medio,Enviar alerta y avanzar con precaución
Punto crítico,18.99290772979746,38.04582299888823,949.4181517331834,0.4148,27.53255065839811,543.8558644009776,47.74027047667723,monoxido_carbono,202.63478511636833,2.25,8.4,1.3,0.29,43.7,60.061446716535144,11.77,4,47.4,66.0,0,0.37,Medio,Avanzar con precaución
Pasillo A,23.3700994596268,33.23648801301188,948.5120744408932,0.0,61.07174851860152,1472.5525919630556,63.6442255064652,metano,452.78802949828435,2.07,11.0,2.7,1.27,49.0,60.061446716535144,11.73,24,44.4,44.1,1,0.78,Alto,Enviar alerta y cambiar ruta
Sector sur,23.74256189816825,32.191213262458575,944.4978473307716,0.0,74.50921432460473,1355.5324207753404,156.0345187952911,sin_gas,79.8214339075915,0.44,6.9,2.16,1.33,46.1,55.65660822723198,11.46,24,40.9,39.6,0,0.36,Medio,Avanzar con precaución
Zona de escombros,22.76269282236609,21.9088778461041,947.9101559795128,1.83695,48.97353245849023,2011.053094723139,96.97119227629018,sin_gas,14.29741917972116,1.03,27.2,1.62,0.8,40.2,59.48832487142435,11.74,24,44.0,64.1,0,0.4,Alto,Cambiar ruta o detenerse
Punto crítico,19.13035542181518,32.72540857495786,900.0,0.0,59.62353158414327,1785.5856729406648,97.4616214464663,monoxido_carbono,454.44450242455594,1.93,22.7,0.46,0.36,55.5,60.061446716535144,11.82,24,44.4,34.7,0,0.35,Alto,Cambiar ruta o detenerse
Entrada,20.335219696512592,40.54568458858195,949.9558375512738,0.47405,39.43239693462023,1336.489341173205,173.25680533392676,sin_gas,410.79578705879015,2.45,21.4,2.7,0.28,71.4,60.061446716535144,11.49,24,44.4,19.2,0,0.28,Alto,Cambiar ruta o detenerse
Sector norte,22.756193394748344,29.6749484203015,900.0,0.0,61.06779238750682,871.78747022065,61.15424483141259,metano,486.291516275666,2.38,23.4,4.12,0.92,44.9,55.84101518258532,11.83,24,41.1,41.2,0,0.12,Alto,Cambiar ruta o detenerse
Sector sur,19.25912496055297,41.63953762330772,944.0467239381408,0.0,16.991080722831644,1926.4134886373934,88.91969689358997,sin_gas,29.118891355339127,2.25,8.3,4.29,0.81,26.4,60.061446716535144,11.65,24,44.4,59.3,0,0.38,Medio,Avanzar con precaución
Zona de escombros,23.134957116433142,36.62956775203242,953.6985602020732,1.7152,23.67172589072544,1886.5104172538288,147.04987960114593,monoxido_carbono,78.08866522049362,0.4,15.6,1.33,1.07,76.7,60.061446716535144,11.73,24,44.4,42.9,1,0.74,Medio,Enviar alerta y avanzar con precaución
Túnel estrecho,20.81843531877909,34.249588932300334,900.0,0.0,43.64792032823741,721.9219370823135,137.8096435552302,metano,52.65627954490443,2.29,22.2,3.08,0.53,56.7,60.061446716535144,11.85,24,44.4,53.5,0,0.1,Medio,Avanzar con precaución
Pasillo B,19.752649552721618,28.0341554772478,951.0260562821472,0.0,26.43917953477764,2320.9788459933457,51.5148988375177,sin_gas,341.7080661468546,2.2,22.3,4.31,0.66,64.5,60.061446716535144,11.76,24,44.4,65.8,1,0.84,Alto,Enviar alerta y cambiar ruta
Habitación bloqueada,23.199044611590896,25.523428077441444,900.0,0.4148,34.56911514953959,535.2507436315907,31.44093333094252,sin_gas,303.0050368735716,0.94,27.7,2.16,0.13,56.4,60.061446716535144,11.97,24,44.4,58.8,0,0.04,Medio,Avanzar con precaución
Punto crítico,24.784859376340048,33.87007964906826,900.0,3.3184,33.892429670232225,515.579188674704,127.62330083278944,monoxido_carbono,179.66759969362982,0.99,10.0,4.67,0.95,91.2,60.061446716535144,11.86,24,44.4,44.7,0,0.38,Medio,Avanzar con precaución
Pasillo B,20.58887369868385,34.13809241624135,951.2905379151664,0.0,16.360252856440876,793.4358770910967,50.08983094125909,monoxido_carbono,28.711739701122507,1.15,27.0,4.53,0.69,64.7,74.70163975297154,12.05,24,56.2,80.4,0,0.23,Medio,Avanzar con precaución
Túnel estrecho,21.91271948510333,40.15101985016821,942.78370462057,0.0,17.873451063746494,2309.8676759024193,166.4682699917422,metano,319.8309920232705,1.64,15.4,1.2,1.39,93.9,15.0,10.5,4,11.4,35.6,0,0.11,Alto,Cambiar ruta o detenerse
Habitación bloqueada,25.61565472568477,33.45159078393765,953.4919286949014,0.0,7.145468990903016,1491.9960604775358,27.618346448114565,humo,285.06024255752834,0.65,23.5,1.44,1.0,60.8,60.061446716535144,11.91,44,41.4,65.1,0,0.12,Medio,Avanzar con precaución
Túnel estrecho,25.603117238463863,39.25719607369737,900.0,0.0,74.55729945344402,2054.67593341309,60.7051600235859,sin_gas,56.451605530307866,0.06,16.0,1.07,0.66,43.4,43.17577475924637,11.23,24,30.9,72.4,0,0.39,Medio,Avanzar con precaución
Sector norte,23.708766353878744,36.5209267119896,900.0,0.0,59.45523004950957,878.4706949606514,14.58776821185991,sin_gas,454.45485223685705,0.35,33.2,1.14,0.47,48.4,56.994842867341816,11.82,24,42.0,72.0,0,0.25,Medio,Avanzar con precaución
Túnel estrecho,22.64744814647425,35.28526009638788,948.6610213371972,0.0,70.61258312307068,1429.4661467728558,128.07842870109118,sin_gas,99.47485483599527,1.1,6.3,4.56,1.37,61.8,60.061446716535144,11.83,24,44.4,60.2,0,0.17,Medio,Avanzar con precaución
Pasillo B,22.950589341676874,22.474314141592355,948.1538429308092,0.0,59.09435829346354,1152.4078736101528,160.9709635601947,monoxido_carbono,371.75457607192817,0.71,23.6,4.67,0.12,62.4,60.061446716535144,11.73,24,44.4,26.3,0,0.2,Medio,Avanzar con precaución
Zona de escombros,21.758754076733577,35.40519595330698,959.92809526704,0.0,20.468562925589097,2138.4400748390044,116.27804228292622,amoniaco,442.5379312714741,1.91,20.2,0.45,0.56,75.0,60.061446716535144,11.9,22,44.7,42.2,0,0.05,Alto,Cambiar ruta o detenerse
Pasillo B,16.42700266986537,36.82457003469469,900.0,0.0,10.920644041603913,447.4693226543759,169.10677771450963,sin_gas,289.73749534685425,0.27,6.0,3.05,1.42,38.0,60.061446716535144,11.84,24,44.4,33.1,0,0.04,Medio,Avanzar con precaución
Sector sur,24.455756963184665,39.45805734199853,951.2587968137444,0.0,11.744293275359569,912.0697329288212,27.488196237711687,monoxido_carbono,123.42445264912566,2.29,2.3,2.91,1.02,72.7,60.061446716535144,11.81,24,44.4,71.6,0,0.24,Bajo,Avanzar
Habitación bloqueada,21.004492283406226,26.615961381044244,900.0,0.0,19.66325859673063,720.4058710349955,20.353437270972307,metano,154.6242588125707,2.24,28.0,2.07,0.85,82.3,60.061446716535144,11.5,24,44.4,72.2,0,0.21,Medio,Avanzar con precaución
Pasillo A,20.418024167419976,45.19917984362011,948.57613066638,0.0,19.96645332678171,2204.296981315296,151.72222795428988,gas_desconocido,442.87376685941615,2.27,5.5,3.23,0.38,74.1,60.78478250079155,11.78,4,48.0,36.6,0,0.15,Alto,Cambiar ruta o detenerse
Habitación bloqueada,22.08220475576552,22.76591779394404,947.6508382032276,0.0,68.96265558198249,1381.842084356908,154.71445569263884,amoniaco,149.12857818824233,1.85,6.5,4.75,1.27,58.5,60.061446716535144,11.57,24,44.4,51.9,0,0.23,Medio,Avanzar con precaución
Entrada,20.44368185889019,36.14335635715323,900.0,0.0,10.938392893019731,1248.862092175754,150.43191724374742,monoxido_carbono,373.0952416586521,0.27,34.2,1.02,0.39,99.3,50.09104552783619,11.39,24,36.5,31.9,0,0.04,Alto,Cambiar ruta o detenerse
Escalera colapsada,23.68792047593624,38.19932819140103,900.0,0.0,16.887124694718747,1343.9138004122678,144.81885794340548,monoxido_carbono,495.08260612770266,1.1,25.1,0.78,0.45,52.4,60.061446716535144,11.71,24,44.4,24.2,0,0.38,Alto,Cambiar ruta o detenerse
Zona de escombros,25.97539232528309,32.407526265579534,940.6944927542638,0.4148,43.673049539949766,2441.0415564749037,68.38996368926553,gas_desconocido,499.9083596813389,0.33,8.8,0.36,0.37,28.5,57.392971576315695,11.92,24,42.3,54.9,1,0.9,Alto,Enviar alerta y cambiar ruta
Entrada,24.08999240369552,47.137035195528846,900.0,2.42955,38.051769376878,2185.5615281054406,43.055864628492856,gas_desconocido,266.7398741346657,2.47,20.7,1.95,0.32,85.7,60.061446716535144,11.82,24,44.4,68.5,0,0.04,Alto,Cambiar ruta o detenerse
Sector sur,21.22633999958773,26.27141764307958,942.0757343945515,0.0,49.69032030974559,1883.3744208856458,167.54070349961327,monoxido_carbono,413.27789839304893,0.83,18.7,1.82,1.43,37.0,55.751391721267,11.74,4,44.0,20.0,0,0.08,Alto,Cambiar ruta o detenerse
Punto crítico,22.30588277997721,37.01005913475806,945.7679935462176,0.88885,25.020264126930144,1010.0058143688346,58.72503199845845,metano,495.1249339605998,1.46,29.6,2.27,0.94,77.1,60.061446716535144,11.88,24,44.4,41.7,0,0.05,Alto,Cambiar ruta o detenerse
Sector sur,23.01764543421013,18.36673728673368,946.9414286643456,4.59225,11.950416241076253,746.8632989887403,74.72134437870564,metano,187.3364449209911,1.95,25.5,2.62,0.99,34.3,60.061446716535144,11.63,4,47.4,62.9,0,0.08,Alto,Cambiar ruta o detenerse
Zona de escombros,16.95403065040345,21.1092219817424,942.2349415959922,4.2665,28.88792117834273,2335.0106209513524,127.4228179040358,metano,126.20479253515293,2.3,29.1,3.84,1.44,21.4,60.061446716535144,11.52,24,44.4,60.2,0,0.17,Alto,Cambiar ruta o detenerse
Túnel estrecho,20.623988983694503,49.383440715470094,951.1245898852072,1.12585,29.987869713948047,1288.458597872614,56.337313998947835,monoxido_carbono,57.11667792109159,1.89,7.4,2.08,0.42,32.8,71.19945368943048,11.73,24,53.4,77.9,0,0.3,Medio,Avanzar con precaución
Zona de escombros,20.44773944040045,21.34176797019181,946.5753669127506,2.42955,15.392621484680106,985.3871788841212,148.3477887731752,sin_gas,70.44981903656306,1.69,22.4,1.79,0.11,50.2,77.70726351726785,12.17,24,58.6,54.7,0,0.12,Medio,Avanzar con precaución
Pasillo B,20.23403413569699,43.468932494465946,940.1264326598168,1.0666,15.035731440447456,1388.9337354770346,17.25605913556172,humo,426.77818181033166,1.16,1.4,4.17,0.94,28.5,60.061446716535144,11.91,24,44.4,69.6,0,0.18,Medio,Avanzar con precaución
Escalera colapsada,24.66109459465444,38.317664086011966,949.877983932828,0.0,28.90184758718154,2327.4795879227395,143.45696679306354,metano,294.361545153537,1.51,2.4,4.28,0.81,35.8,60.061446716535144,11.9,24,44.4,39.5,0,0.37,Alto,Cambiar ruta o detenerse
Entrada,23.152870073323285,28.05203453885054,925.8317205828944,0.0,52.402803815077625,1212.8413581217155,110.32398145811572,humo,436.8545876962429,0.24,25.0,1.32,0.77,81.2,15.0,10.69,44,5.4,38.9,0,0.13,Alto,Cambiar ruta o detenerse
Sector norte,23.10873269867617,37.586832379982695,952.1864988138856,1.7152,33.76160726104316,1581.5460942210088,105.27388771987876,metano,394.7275445160842,2.21,0.9,1.71,0.19,81.6,60.061446716535144,11.96,24,44.4,51.5,1,0.64,Medio,Enviar alerta y avanzar con precaución
Zona de escombros,18.77718008824414,29.35087270188224,950.7608883984286,0.0,40.287414360454456,2086.2292323279903,85.21598184926562,amoniaco,336.87231502400886,1.36,20.3,4.16,0.74,85.4,38.92049509259358,11.62,4,30.5,44.1,1,0.67,Alto,Enviar alerta y cambiar ruta
Pasillo B,24.114378868126664,47.12924322838696,958.1332079390036,8.4467,26.38164119112995,1296.9783152016216,53.48297934959892,sin_gas,304.65609595343034,0.1,29.4,0.58,0.5,87.3,68.42759467543381,12.03,4,54.1,59.0,0,0.08,Alto,Cambiar ruta o detenerse
Sector sur,22.755495640774384,34.761902280076896,945.8072132157722,0.0,37.97906595922864,890.4377840453735,86.21229995046642,monoxido_carbono,24.169452089046473,2.3,13.3,1.76,0.48,53.6,60.061446716535144,11.98,24,44.4,65.3,0,0.19,Medio,Avanzar con precaución
Pasillo B,19.391498022108347,42.45638204426295,945.5611961430114,0.8296,20.27282127978073,2488.50407160437,83.75498960327027,metano,436.13759800159613,1.22,1.6,2.35,0.41,89.4,60.061446716535144,11.89,24,44.4,37.5,0,0.1,Alto,Cambiar ruta o detenerse
Escalera colapsada,23.33336979363841,37.32196522671854,900.0,0.0,28.87951509191806,2408.798800649535,107.15698303703724,metano,208.92103083985714,2.17,25.0,1.1,0.57,62.1,60.061446716535144,11.73,43,41.6,50.2,0,0.36,Alto,Cambiar ruta o detenerse
Sector norte,22.15758145246992,35.58241115249884,900.0,0.5333,69.22096315899063,2171.3062551635794,54.27550002471779,humo,279.893428535696,2.14,32.5,1.06,0.59,57.6,60.061446716535144,11.66,4,47.4,53.9,0,0.03,Alto,Cambiar ruta o detenerse
Sector sur,20.919027944222734,37.61342388501092,948.2217993569648,3.4304,10.218473660117857,1845.5851467104374,18.579226845826078,sin_gas,10.97675093851036,2.04,25.1,2.24,0.53,77.5,60.38291889313636,11.53,24,44.7,89.1,0,0.24,Medio,Avanzar con precaución
Sector sur,25.208415375340053,38.846236310132376,942.3659395359966,0.0,23.183444136984843,1019.2178189463636,30.390653161849194,metano,468.0367509313935,0.15,20.2,3.82,1.47,37.1,60.061446716535144,11.69,24,44.4,64.2,0,0.25,Medio,Avanzar con precaución
Entrada,23.893950576890862,37.42571079293741,954.0165182443216,5.3924,53.81524858464951,2318.1671701444675,127.35605050577524,sin_gas,451.37023054600076,0.62,8.1,4.23,1.41,83.2,60.061446716535144,11.73,4,47.4,35.3,0,0.04,Alto,Cambiar ruta o detenerse
Habitación bloqueada,23.45829791126069,39.17875173131248,951.406445438454,0.0,22.00676882939678,978.6690072545804,8.936157686219586,humo,271.6390149590528,2.19,0.5,4.9,0.9,54.4,60.061446716535144,11.73,4,47.4,74.0,0,0.3,Medio,Avanzar con precaución
Pasillo B,24.178707636324013,42.898013178015546,900.0,0.47405,39.26624604376466,2081.699938821348,154.87753281295025,sin_gas,288.6558165841787,2.25,24.3,0.56,1.47,30.2,60.061446716535144,11.74,22,44.7,42.3,0,0.19,Alto,Cambiar ruta o detenerse
Escalera colapsada,19.84225186329762,20.213909497811088,945.5809068360566,0.0,17.953791172146612,2328.3421526767434,126.51953230898484,monoxido_carbono,352.5086062017443,1.15,8.1,1.24,1.49,29.5,60.061446716535144,11.42,4,47.4,36.8,0,0.29,Alto,Cambiar ruta o detenerse
Habitación bloqueada,18.55744073947399,40.55440109252933,946.9946946215842,0.0,49.1194129995389,1666.308064902814,139.41514472885035,sin_gas,132.34744821807504,1.1,30.0,3.83,0.6,33.2,53.67681312303404,11.74,4,42.3,57.9,0,0.33,Alto,Cambiar ruta o detenerse
Sector norte,24.24454108511219,31.11843545755158,935.3796298344596,0.0,18.5876715585669,2086.4180575714754,151.2972785913581,metano,110.95781135665128,0.44,16.3,2.79,0.72,91.2,60.061446716535144,11.9,24,44.4,42.8,1,0.91,Medio,Enviar alerta y avanzar con precaución
Sector sur,17.937498390645743,34.78482717580294,946.1698785998212,0.0,21.75228848726308,2062.559708323668,26.474327687781702,humo,337.01147330081636,2.42,18.6,1.77,1.44,99.3,60.061446716535144,11.82,24,44.4,67.4,0,0.2,Alto,Cambiar ruta o detenerse
Entrada,22.08185392340076,38.20210214430866,958.6909608031532,24.9712,40.15116208654585,805.6312773540578,148.9289409197616,sin_gas,52.211223079454086,0.53,26.4,1.19,0.95,48.6,50.22880117475782,11.38,24,36.6,46.4,0,0.11,Medio,Avanzar con precaución
Habitación bloqueada,23.843274132469706,37.69871655943696,946.5616767247864,0.0,25.804298160906026,1802.6413945517777,93.31242659033487,monoxido_carbono,227.03100236169038,0.48,27.3,1.55,0.4,43.4,60.061446716535144,11.82,24,44.4,55.8,0,0.09,Medio,Avanzar con precaución
Sector norte,21.316858015625183,34.42694176674098,900.0,1.7152,64.93578039769189,596.2826674993314,159.96667178180948,sin_gas,246.38021199954503,1.65,22.5,2.26,1.07,37.5,60.061446716535144,11.76,24,44.4,28.1,0,0.01,Alto,Cambiar ruta o detenerse
Entrada,23.70569253543263,33.87982466590597,900.0,0.0,73.88212153859992,1466.4853005887107,160.15265518556012,metano,190.668488457584,0.61,32.8,1.05,0.39,85.9,60.061446716535144,11.83,24,44.4,43.7,0,0.39,Alto,Cambiar ruta o detenerse
Zona de escombros,23.166003090599823,41.29199186170917,946.283849505876,0.0,57.744115179652056,740.6946510952127,9.231157656979786,monoxido_carbono,92.63408784886734,2.35,34.4,4.83,0.58,36.7,46.440197780282865,11.71,4,36.6,73.4,0,0.18,Medio,Avanzar con precaución
Pasillo A,20.60935994086197,28.59742832992556,953.5519260147696,3.4304,24.92044474875745,1274.3339474725067,72.00141270961932,monoxido_carbono,177.65813216267733,0.03,33.1,0.72,0.42,93.9,60.061446716535144,11.73,24,44.4,71.8,1,0.71,Medio,Enviar alerta y avanzar con precaución
Sector sur,25.96768778198261,21.9024712854102,945.2210298531396,2.4888,27.373038248735643,2149.262356866719,97.11978927642284,monoxido_carbono,168.77862678022498,0.01,28.8,4.93,0.44,73.4,60.061446716535144,11.79,43,41.6,53.6,0,0.01,Medio,Avanzar con precaución
Pasillo B,19.678400457059823,36.13361456665065,944.3760763614384,63.2571,13.322909854464536,2473.052463223429,123.71301571200785,monoxido_carbono,249.6328373243752,1.26,24.7,4.24,0.11,91.8,60.061446716535144,11.63,4,47.4,47.5,1,0.71,Alto,Enviar alerta y cambiar ruta
Sector sur,22.57795844802581,38.611368465291946,938.4813760024172,13.7216,16.192841025774037,1067.7156464851973,55.08259316972344,sin_gas,337.34042078925967,1.22,23.2,2.23,1.33,64.3,60.061446716535144,11.9,24,44.4,52.9,0,0.02,Medio,Avanzar con precaución
Túnel estrecho,22.997677807260427,26.63311782611912,943.6937612637796,2.13325,14.898234950320957,1517.1069674446708,49.12489561631415,metano,484.1175617630853,0.41,3.6,3.75,0.51,75.3,72.29938873383611,12.12,24,54.2,47.7,0,0.16,Medio,Avanzar con precaución
Sector sur,22.613325263178783,39.96241791845006,900.0,0.0,70.38712742451162,1473.725851178026,71.72150084058327,sin_gas,72.08163008716411,1.24,9.5,3.42,0.22,69.6,60.061446716535144,11.79,24,44.4,62.5,0,0.03,Medio,Avanzar con precaución
Entrada,24.03430375541241,41.91075781884331,900.0,0.0,35.07118964602163,2404.2431706452385,92.66427105623153,amoniaco,436.5085549705409,1.03,0.2,1.22,0.22,86.5,15.0,10.66,24,8.4,53.1,0,0.03,Alto,Cambiar ruta o detenerse
Sector sur,26.32151958153105,32.83562620917092,945.5612742875712,4.91835,20.81520645909785,1405.0258381088242,171.45059049594732,humo,142.0890001951312,2.23,4.8,1.83,0.88,86.9,60.061446716535144,11.66,24,44.4,33.6,1,0.79,Medio,Enviar alerta y avanzar con precaución
Pasillo B,19.18028567804572,43.293996490882456,947.6233878173754,0.0,17.162809141353243,1868.1230313393653,138.36898167205155,sin_gas,295.68638500070284,0.02,15.4,2.66,1.49,67.2,44.58573526324338,11.16,4,35.1,46.3,0,0.36,Alto,Cambiar ruta o detenerse
Escalera colapsada,20.807066213644564,40.90075075262647,952.1311834422008,57.1531,41.111558934159305,2335.7573895279047,80.13120421409842,sin_gas,273.368473991934,2.44,5.1,3.26,0.3,70.6,60.061446716535144,11.66,43,41.6,65.8,0,0.17,Medio,Avanzar con precaución
Escalera colapsada,21.891626359748727,45.05997329592459,948.5565570565892,0.5333,62.00851805671077,1184.0949750273642,14.51408122703216,sin_gas,278.4742093141315,1.56,31.6,2.81,0.24,93.8,60.061446716535144,11.87,43,41.6,78.1,0,0.34,Medio,Avanzar con precaución
Túnel estrecho,21.3561739416347,34.53580303049866,900.0,0.0,60.218073807119815,2294.4567003153143,34.49110362515789,gas_desconocido,361.67930585940644,0.38,28.2,2.47,0.71,94.4,60.061446716535144,11.82,24,44.4,63.7,0,0.02,Medio,Avanzar con precaución
Habitación bloqueada,23.560574157655783,20.35128883733323,951.1603807355812,1.0666,32.17481324059147,2326.658065971128,84.78677425589798,humo,190.84415287449795,0.12,2.5,2.33,0.89,73.1,62.73387167542949,11.84,4,49.6,54.4,0,0.31,Medio,Avanzar con precaución
Zona de escombros,20.74230680727749,34.88313291292395,939.4489349916664,1.7152,8.439580986044524,2354.3912583309743,147.41953251727324,metano,159.5499816184278,1.35,8.7,2.59,0.51,20.6,60.061446716535144,11.98,24,44.4,50.8,0,0.03,Alto,Cambiar ruta o detenerse
Sector norte,22.507775598404823,19.79067328739472,945.566142278134,0.0,22.31319222605281,967.9369894899954,71.62171874353518,metano,426.41728659273866,0.59,28.7,2.28,0.52,28.4,60.061446716535144,11.81,43,41.6,58.5,0,0.34,Alto,Cambiar ruta o detenerse
Punto crítico,23.848303051483395,22.55137919820044,900.0,4.22335,8.890667731025244,1240.7467479669128,99.23691388038544,sin_gas,110.04752013713515,0.75,28.1,2.8,0.69,88.6,60.061446716535144,11.67,4,47.4,56.8,0,0.35,Medio,Avanzar con precaución
Escalera colapsada,21.87516842390461,22.916234015625136,900.0,0.0,11.380409243968783,2227.831407273974,161.06585506489287,monoxido_carbono,90.12301865557154,0.61,33.1,4.46,0.54,26.8,60.96330758047895,11.68,24,45.2,35.5,0,0.32,Alto,Cambiar ruta o detenerse
Pasillo B,20.76099313106866,38.01600889168412,900.0,0.0,5.350266924563601,1154.2398309888795,164.91434539966005,amoniaco,7.803718327630438,1.63,34.9,3.24,1.38,37.1,60.061446716535144,11.73,24,44.4,46.4,0,0.33,Alto,Cambiar ruta o detenerse
Entrada,23.524946763803555,38.32794206886593,900.0,0.5333,75.17752596934766,1660.5313691603606,42.76062437747064,metano,105.28889101459337,1.38,34.2,3.67,0.16,38.4,53.61042971489068,11.56,4,42.3,70.2,0,0.23,Medio,Avanzar con precaución
Túnel estrecho,19.963855099982464,16.47181991068466,945.8436937021454,0.0,25.251708981452385,647.9144652461091,12.629111313704017,humo,259.26571665835417,0.19,14.4,3.07,0.43,68.0,61.35369837055678,11.93,4,48.5,72.7,0,0.11,Bajo,Avanzar
Habitación bloqueada,22.047682813070374,34.72543542034171,952.2934966766466,0.0,13.278772337346952,518.1774750336056,58.446842920015115,monoxido_carbono,269.25443650705677,1.32,8.8,3.29,1.23,66.1,42.56454579446512,11.46,4,33.5,56.3,0,0.26,Medio,Avanzar con precaución
Entrada,19.14624825820757,21.5145458949883,900.0,0.0,7.876532312157268,1265.1873779335624,126.76540509451152,sin_gas,127.21024559776717,1.98,26.5,2.98,1.27,43.2,60.061446716535144,11.71,44,41.4,42.4,0,0.18,Alto,Cambiar ruta o detenerse
Pasillo A,20.66128959718637,38.6617556557597,900.0,0.0,19.448595750897333,1615.7247184447067,171.44463517084662,monoxido_carbono,36.137085020599926,0.2,10.5,0.33,0.26,36.6,60.061446716535144,11.72,24,44.4,44.4,0,0.01,Medio,Avanzar con precaución
Entrada,19.12679902321817,42.017525737607095,946.1628717155417,0.0,74.46009225875947,1224.6681380537768,18.480599997219937,metano,372.3203981726031,2.22,28.2,5.0,1.46,81.2,68.99141590356672,12.05,24,51.6,68.4,0,0.2,Alto,Cambiar ruta o detenerse
Entrada,20.69447793370268,22.935442466058976,946.7532605850164,0.0,40.67549393945399,1613.245117337768,9.984666846122515,humo,378.98767428114985,1.45,18.7,0.36,1.07,94.8,37.226751718991856,11.43,24,26.2,61.3,1,0.76,Alto,Enviar alerta y cambiar ruta
Túnel estrecho,22.013511261648155,39.70516685509008,950.3707047473996,2.7258,73.22164703944327,1481.6771899607486,159.72576227250133,metano,498.91819814578076,2.38,27.8,2.1,0.48,24.2,60.061446716535144,11.48,44,41.4,15.7,0,0.02,Alto,Cambiar ruta o detenerse
Sector norte,24.97550373887077,27.35031061394673,900.0,0.0,36.161685405444885,1839.9851815007594,135.9254220930497,metano,450.01478526735883,0.37,9.7,0.7,0.74,30.7,60.061446716535144,11.74,24,44.4,40.9,0,0.25,Alto,Cambiar ruta o detenerse
Pasillo B,21.830071868404183,15.14125688176219,949.0314586337748,0.0,49.39363939964687,1764.0181052373187,178.64350135222568,monoxido_carbono,463.03103225882126,2.48,17.8,0.67,0.52,71.4,60.061446716535144,11.78,24,44.4,20.6,0,0.26,Alto,Cambiar ruta o detenerse
Pasillo A,19.31606776851252,37.55863536167417,954.3979076798336,0.0,34.53779709669721,1290.915976733818,74.4387542564893,monoxido_carbono,399.10191287197097,1.61,19.7,4.01,0.31,84.4,40.24857736639523,11.43,4,31.6,45.6,0,0.07,Alto,Cambiar ruta o detenerse
Habitación bloqueada,22.51731041179968,23.92705890311837,900.0,0.0,47.76832300848777,1292.4900048817128,77.80890839893463,metano,307.75142669124955,1.42,33.0,2.24,0.51,83.3,60.061446716535144,11.78,24,44.4,54.5,0,0.18,Alto,Cambiar ruta o detenerse
Habitación bloqueada,26.42184837149791,37.93064767884278,947.5585840200696,0.0,68.41924474483324,695.6345140256872,35.154571527053676,gas_desconocido,64.27297880225524,1.29,9.3,4.05,0.91,77.6,60.061446716535144,11.82,24,44.4,79.8,0,0.39,Bajo,Avanzar
Sector sur,24.02529315283738,42.89408942269134,944.6940540757902,0.0,37.30579315465611,1477.8010014025642,25.273251704534232,sin_gas,311.15664872793883,0.06,32.8,1.51,1.26,91.0,60.061446716535144,11.73,24,44.4,65.0,0,0.35,Medio,Avanzar con precaución
Pasillo A,23.149311302675045,16.82729721986759,946.629513925218,2.60725,24.871952700214365,1633.076169084963,106.27565185329165,sin_gas,27.977930207313317,2.35,28.2,1.43,0.61,37.4,40.13078403198796,11.22,4,31.5,66.6,1,0.85,Alto,Enviar alerta y cambiar ruta
Entrada,22.87756970342356,25.83103906900308,939.4554370407752,0.0,36.82630724444716,1400.627734443035,68.74987522659569,humo,442.6495556355962,1.61,25.6,1.41,0.59,28.6,15.0,10.93,24,8.4,53.7,0,0.15,Alto,Cambiar ruta o detenerse
Sector sur,23.86642303804276,34.22737288474288,945.4358916280476,0.0,21.563992560824605,1083.9854036826978,19.055378390417886,sin_gas,240.91066770709872,0.23,27.5,3.16,0.76,69.2,60.061446716535144,11.88,24,44.4,63.3,0,0.06,Medio,Avanzar con precaución
Entrada,20.74346682908373,40.24340182552384,947.0912718130307,0.0,20.107305834968905,1915.4619429286454,160.22273716658097,sin_gas,348.7364159879001,0.05,21.2,4.11,1.0,85.8,60.061446716535144,11.86,24,44.4,29.8,0,0.02,Alto,Cambiar ruta o detenerse
Sector sur,23.86374847602109,44.36750986903963,950.728325619952,0.0,47.66941128688036,556.7894537549705,39.71238194363329,monoxido_carbono,26.121831847982,0.13,8.5,2.37,1.15,66.6,60.061446716535144,11.89,4,47.4,71.3,0,0.13,Bajo,Avanzar
Punto crítico,25.67496188654024,38.04374874097005,945.3704102449684,0.0,24.270389358244618,2320.3247764834996,136.00226072561824,sin_gas,267.1242114614127,1.52,6.6,2.02,0.56,97.0,60.0789606564075,11.62,43,41.6,36.5,0,0.38,Alto,Cambiar ruta o detenerse
Pasillo A,25.102959492029104,35.749765318576145,900.0,0.0,21.29409691022017,443.3512230461659,54.39000432066945,gas_desconocido,150.63169892668128,1.54,30.3,4.87,0.92,83.6,60.061446716535144,11.69,4,47.4,65.8,0,0.38,Medio,Avanzar con precaución
Zona de escombros,20.725791887946936,35.72816970399757,942.4857686086948,0.0,19.545825857290712,2420.935280220384,147.25834538173984,metano,142.48413286862282,1.25,25.4,0.76,0.65,76.1,60.061446716535144,11.93,24,44.4,39.2,0,0.33,Alto,Cambiar ruta o detenerse
Punto crítico,22.22420936519982,32.822661312061605,951.2099235921304,0.0,16.462321255823003,1370.9467619627912,25.719447249839458,monoxido_carbono,194.82795735159127,0.77,7.5,2.54,1.1,24.8,15.0,10.87,24,8.4,78.1,0,0.15,Medio,Avanzar con precaución
Pasillo A,18.34746039243608,32.66285132203328,949.7912021383668,2.96285,28.88380568815101,1266.6068824074364,137.31253178880826,sin_gas,0.31973043026745085,1.33,21.5,2.16,0.33,28.6,60.061446716535144,11.77,4,47.4,52.9,0,0.07,Alto,Cambiar ruta o detenerse
Pasillo A,22.8614035088866,24.16956693647598,943.4615665916316,0.0,57.28114729680532,938.5324366726951,22.170802932589677,sin_gas,233.33044086008675,1.29,15.7,0.67,0.46,82.8,41.20554709237319,11.33,44,26.4,71.0,1,0.84,Medio,Enviar alerta y avanzar con precaución
Sector sur,19.615548857094,38.3669078650174,900.0,1.83695,40.51280879763876,421.14938314779465,83.21026287496508,monoxido_carbono,243.28334180396917,0.05,5.6,1.49,0.7,35.9,77.22939119667144,12.31,43,55.3,54.6,1,0.76,Bajo,Enviar alerta y continuar exploración
Escalera colapsada,22.84951709042793,38.90055417230891,948.4962108994,0.0,37.00055169637429,977.0595552857795,133.4507613549308,monoxido_carbono,431.56545791953204,0.71,18.6,0.34,1.35,22.3,60.19432025766254,11.5,4,47.6,41.7,0,0.18,Alto,Cambiar ruta o detenerse
Sector sur,22.379090112780545,48.06293501581116,900.0,7.22925,15.079329126954391,629.7398434667014,35.3132167077076,amoniaco,224.2628039412412,0.13,9.9,4.41,0.9,92.9,58.4480394908606,11.77,24,43.2,74.4,0,0.28,Bajo,Avanzar
Habitación bloqueada,19.33312918747972,22.39785636408821,900.0,0.0,69.99878788664174,1785.6237696561288,54.99137304817652,sin_gas,181.77814693383644,2.25,3.4,3.12,1.45,91.3,60.061446716535144,11.75,24,44.4,71.4,0,0.3,Medio,Avanzar con precaución
Punto crítico,24.726765017473586,39.3013842715386,927.1073547765304,0.0,7.24969990734106,1070.057441873525,156.33422361613458,monoxido_carbono,497.3735256812317,1.81,16.3,4.11,0.24,37.5,60.061446716535144,11.57,4,47.4,24.0,0,0.32,Alto,Cambiar ruta o detenerse
Pasillo B,20.22854826124671,20.95051921055852,900.0,0.0,70.4485120052818,2011.0765896476892,159.89588115883805,sin_gas,285.60666230124815,2.49,20.7,2.7,0.74,82.4,60.061446716535144,12.0,24,44.4,26.3,0,0.21,Alto,Cambiar ruta o detenerse
Sector norte,20.988117124660786,43.38227830544624,900.0,0.59255,24.99224553254039,834.5239934268455,12.86370417922709,monoxido_carbono,236.30660431706974,0.76,1.6,3.08,0.69,23.8,33.60645105906739,10.8,4,26.3,65.9,0,0.32,Medio,Avanzar con precaución
Sector norte,21.028389209053586,34.77413788064938,900.0,0.0,22.643801627540984,2290.49320060743,34.41585243677068,monoxido_carbono,247.96791727418972,2.2,14.1,3.56,0.94,42.8,60.061446716535144,11.78,24,44.4,74.5,0,0.02,Alto,Cambiar ruta o detenerse
Punto crítico,24.514438368620432,19.557004401348006,900.0,0.0,73.01176417909969,1498.2611817222485,25.557589547750325,sin_gas,404.59064875440254,1.51,9.0,4.56,1.24,69.9,60.061446716535144,11.84,4,47.4,67.3,0,0.28,Medio,Avanzar con precaución
Túnel estrecho,21.209466963808005,47.45693843822229,949.990613242356,0.59255,51.4574339090221,640.463012584861,36.44629156397802,monoxido_carbono,170.33818448508043,1.13,1.1,0.64,1.28,81.1,53.92213176734423,11.49,24,39.5,81.7,0,0.1,Medio,Avanzar con precaución
Zona de escombros,20.5000993303865,23.454030316403937,900.0,2.25175,31.774256027995,1241.7749948723058,174.7828517535977,sin_gas,194.5802313429728,0.56,4.4,1.79,1.04,20.8,59.28575752922469,11.79,4,46.8,38.6,0,0.12,Medio,Avanzar con precaución
Túnel estrecho,18.798512968694887,31.04629737041978,900.0,0.0,40.41384730713558,834.1971005464994,101.53966853832988,monoxido_carbono,377.93667966873267,1.85,4.9,3.6,1.0,46.1,60.061446716535144,11.73,4,47.4,39.0,1,0.67,Alto,Enviar alerta y cambiar ruta
Habitación bloqueada,21.1961673418816,35.79698944950467,900.0,0.0,56.0100839391866,819.3393949531762,86.9196683296122,monoxido_carbono,36.491869806884736,2.26,6.4,4.8,1.43,37.1,67.46095649637454,12.06,24,50.4,58.1,0,0.09,Medio,Avanzar con precaución
Pasillo B,25.09437087202407,36.35196389626236,900.0,0.0,6.577951696605581,1463.3764490696387,177.2817902912078,sin_gas,432.5845790716293,0.59,28.1,4.91,0.64,99.9,60.061446716535144,12.29,24,44.4,29.3,1,0.89,Alto,Enviar alerta y cambiar ruta
Pasillo A,22.9958491286602,31.9436312463502,950.0774772071942,0.0,47.43884957499248,1810.9732328363823,102.46732272562869,humo,215.10134823398496,0.44,15.4,3.26,1.27,73.7,60.061446716535144,11.81,4,47.4,58.3,1,0.82,Medio,Enviar alerta y avanzar con precaución
Pasillo B,25.49744852941967,34.74827848795384,900.0,1.3629,25.149018850605653,2314.3982315571993,120.6956372854668,metano,290.6464877528242,1.74,5.1,1.13,1.39,52.5,60.061446716535144,11.85,24,44.4,50.9,0,0.37,Alto,Cambiar ruta o detenerse
Sector sur,21.105707426462537,41.56899052299936,937.5436067602756,0.0,21.54709942710624,1454.5402226036722,63.23484555860654,humo,378.7380796299176,2.44,3.5,0.77,0.79,26.1,65.78967564510437,11.74,24,49.0,58.3,0,0.07,Alto,Cambiar ruta o detenerse
Punto crítico,21.026793673792984,40.43042911443066,952.2903003027608,12.79935,67.63603147561719,2428.261427622493,71.87010128916576,sin_gas,133.0259612196724,1.87,10.4,4.74,1.12,67.9,54.36629476618033,11.67,43,37.0,59.3,0,0.09,Medio,Avanzar con precaución
Escalera colapsada,20.583615537532378,21.55687979257485,945.8076828478912,0.0,24.88577499802258,2377.4331893540743,109.02164216658778,humo,445.15710416032556,0.71,27.9,2.28,0.63,71.3,60.061446716535144,11.71,4,47.4,37.5,1,0.84,Alto,Enviar alerta y cambiar ruta
Entrada,24.343812777495053,22.512875912901105,945.69211900378,0.0,19.25255020541631,2216.631312967157,17.212512200081335,sin_gas,489.61248612830536,1.05,12.8,1.14,0.32,85.3,50.32021180233899,11.67,24,36.7,55.5,0,0.15,Alto,Cambiar ruta o detenerse
Punto crítico,24.61622520655283,40.72075422523985,949.4271278241756,0.0,20.3329998073448,1449.952256421079,49.77950505783565,metano,247.13718070306228,0.96,5.6,4.68,0.92,43.1,60.061446716535144,11.55,24,44.4,63.5,0,0.26,Medio,Avanzar con precaución
Punto crítico,20.71512298600312,35.76611816106304,943.814811717021,0.0,13.226949078558423,695.8982817447654,39.44205615555374,humo,468.4686825163367,2.13,14.1,0.7,0.38,98.5,55.297840751261205,11.5,4,43.6,61.6,0,0.17,Medio,Avanzar con precaución
Túnel estrecho,23.041566101548327,20.78126762187962,900.0,0.0,28.262635324787507,857.5993866123083,7.78134379950063,sin_gas,0.5643112634913794,1.93,19.4,3.7,0.74,55.2,15.0,10.99,24,8.4,93.5,0,0.33,Medio,Avanzar con precaución
Sector sur,23.57407126624613,35.942808208750385,900.0,0.4148,47.168953937362176,1760.1070056951487,98.95772234107383,sin_gas,447.11891481776416,1.47,1.0,3.2,1.32,43.7,73.32400020533821,12.07,24,55.1,52.7,0,0.18,Medio,Avanzar con precaución
Entrada,23.86550869051878,38.55745355410771,900.0,0.8296,73.22834658007297,1285.6854585968117,103.18424691667884,amoniaco,155.52265987565278,0.69,22.0,0.62,0.22,47.9,60.061446716535144,11.96,4,47.4,50.8,0,0.23,Medio,Avanzar con precaución
Pasillo B,23.18203575392169,32.846112420946994,953.525632595353,0.0,25.075260854921943,708.2834266833925,72.18936403152031,monoxido_carbono,155.74771236380099,2.34,13.8,1.83,0.14,61.6,72.83026345993758,12.08,24,54.7,57.2,0,0.14,Medio,Avanzar con precaución
Entrada,24.1418093963155,33.65708572808418,945.0738704069004,0.0,31.703583055630297,1405.8872606425518,52.0273071563384,monoxido_carbono,114.0444323849697,1.63,0.3,0.92,0.95,94.9,73.99515275174699,12.13,24,55.6,65.9,1,0.79,Medio,Enviar alerta y avanzar con precaución
Túnel estrecho,21.04148930258894,26.30279702260912,948.5753757214374,0.0,25.378883166555973,436.60414555429645,119.11047829905934,sin_gas,158.50695057545096,2.43,23.6,3.1,0.56,78.8,57.872191269498735,11.67,4,45.7,60.8,0,0.27,Medio,Avanzar con precaución
Escalera colapsada,18.91569642708973,20.307246510832865,900.0,1.83695,12.77268256906064,1941.1802788891457,28.565353242279954,monoxido_carbono,106.74229184931755,1.45,24.9,2.49,0.69,66.2,45.306675745551225,11.42,4,35.6,72.3,0,0.16,Medio,Avanzar con precaución
Pasillo A,19.338359284203843,38.35015321483301,948.857662904482,0.0,19.5582340039798,554.5207184283508,95.75763053618346,sin_gas,452.93455315498585,2.05,22.0,0.22,0.67,33.0,60.061446716535144,11.91,24,44.4,52.5,1,0.64,Alto,Enviar alerta y cambiar ruta
Escalera colapsada,24.298322269206658,19.93331887494405,900.0,1.95545,22.744413314545703,1721.1386018154499,139.41294751685848,humo,449.5118636066832,2.03,12.0,4.88,0.22,31.9,60.061446716535144,11.74,24,44.4,40.6,0,0.25,Alto,Cambiar ruta o detenerse
Pasillo A,24.10872272448379,39.27582741163551,951.1367657935864,0.0,41.10435389438968,2065.3216460137587,33.75214719168265,monoxido_carbono,51.105657460311264,0.84,18.5,1.88,0.1,60.2,54.027658895907,11.81,24,39.6,80.2,0,0.38,Medio,Avanzar con precaución
Sector sur,20.61241652173327,22.115354607398256,900.0,6.91595,22.34446493166265,678.5521363533276,136.82041925426827,amoniaco,71.42921443324623,2.41,13.6,1.44,1.36,78.3,60.061446716535144,11.74,24,44.4,52.7,0,0.06,Medio,Avanzar con precaución
Sector sur,21.35931457734997,33.81983495369703,946.7063433199696,0.0,25.756419526699723,1489.1412503986264,138.13903910184465,sin_gas,431.0093195053333,0.05,24.5,1.27,0.4,80.1,60.061446716535144,11.58,24,44.4,27.6,1,0.7,Alto,Enviar alerta y cambiar ruta
Zona de escombros,19.142287107689807,35.716801091848225,900.0,0.0,30.890391189866087,2036.0417801548863,15.487163440329608,humo,199.46888543637297,1.92,20.4,0.96,0.7,38.1,60.789976415866555,11.59,24,45.0,72.6,0,0.22,Alto,Cambiar ruta o detenerse
Túnel estrecho,23.44210439326318,32.93673969945802,949.7962643838856,0.0,20.39263044202433,947.3302549897029,8.28725706525682,monoxido_carbono,84.63583866963914,2.41,2.9,5.0,1.46,28.0,60.061446716535144,11.74,43,41.6,90.6,0,0.21,Medio,Avanzar con precaución
Túnel estrecho,22.99880267574428,29.20078115390953,947.5351706171832,0.0,70.70324432720082,742.1248453034001,175.4386960479341,humo,255.3347012182836,0.85,22.5,1.62,1.26,50.8,60.061446716535144,11.9,24,44.4,38.9,0,0.39,Alto,Cambiar ruta o detenerse
Escalera colapsada,24.34332561878943,45.86209344834902,945.8402643459718,2.7258,15.186695492180592,1107.3201330316595,38.841965412294364,sin_gas,208.3340249600475,1.62,24.1,2.15,0.25,93.5,76.94644616045753,12.02,44,55.0,74.2,0,0.25,Medio,Avanzar con precaución
Túnel estrecho,21.07176177568113,26.09023982753795,934.9186166015164,0.0,28.564254639648688,1564.8682708249632,148.87436159251803,amoniaco,109.5807768689826,1.41,13.0,4.38,0.81,63.6,60.061446716535144,11.87,24,44.4,54.8,1,0.72,Medio,Enviar alerta y avanzar con precaución
Habitación bloqueada,19.044155608747083,33.367090463394966,944.4741850239718,0.5333,13.119253725770667,1608.087149194975,103.32386428292725,monoxido_carbono,360.3761091388172,1.9,30.7,3.28,1.12,45.6,60.061446716535144,11.78,4,47.4,50.4,0,0.21,Alto,Cambiar ruta o detenerse
Entrada,25.193059202260983,37.03328473099421,900.0,0.0,15.85956744214335,674.8403002611427,51.28262756897444,sin_gas,315.64465616636545,2.17,29.5,1.97,1.08,45.9,66.43504368611416,11.99,24,49.5,56.8,0,0.11,Alto,Cambiar ruta o detenerse
Zona de escombros,23.66317523132462,38.0413923539558,900.0,0.0,10.21771172797643,1360.8945801153404,27.7448264082922,metano,49.830806777720284,1.51,6.1,4.51,1.17,30.6,60.061446716535144,11.72,24,44.4,85.7,0,0.28,Medio,Avanzar con precaución
Zona de escombros,24.410171708930285,40.58204051922511,900.0,1.16185,37.90788837117656,963.3926106329245,91.91852287610232,sin_gas,462.69335716267125,2.04,31.6,3.8,0.74,57.9,60.061446716535144,11.79,24,44.4,37.2,0,0.37,Alto,Cambiar ruta o detenerse
Punto crítico,23.12026084614357,19.8220293456246,900.0,0.0,10.5939524718741,2168.2508579363966,76.28709203515372,metano,279.23498286503457,0.78,15.4,1.29,0.35,83.3,60.061446716535144,11.9,22,44.7,57.6,0,0.34,Medio,Avanzar con precaución
Escalera colapsada,23.18828045151588,24.416695982667008,953.7542736523744,2.1925,20.43510371876302,1058.5077773344647,127.30506489548688,metano,125.10224353177091,0.57,25.3,3.29,0.75,97.5,69.7462107262091,11.96,4,55.2,55.5,0,0.09,Medio,Avanzar con precaución
Zona de escombros,24.97241093400659,32.944282140580924,900.0,0.5333,20.579725995957844,2161.279501521105,163.22949617085217,metano,103.14590753618175,1.08,28.5,4.63,1.01,60.1,57.06725454708145,11.62,4,45.1,45.8,0,0.13,Alto,Cambiar ruta o detenerse
Punto crítico,19.110442425800315,37.71083510569324,948.3064616672626,0.0,12.624258696367898,1299.9856864637636,145.91841521860172,monoxido_carbono,67.97399068610078,1.69,17.7,2.58,0.95,33.4,60.061446716535144,11.49,24,44.4,45.9,0,0.21,Alto,Cambiar ruta o detenerse
Punto crítico,20.9525429233694,37.36215940295212,900.0,0.0,18.979059535410023,1925.830108235552,53.029108785842084,monoxido_carbono,212.31870319517537,0.47,14.0,3.72,0.2,74.6,60.061446716535144,11.84,24,44.4,65.8,0,0.23,Bajo,Avanzar
Sector norte,18.508223513690385,38.530767005371445,900.0,0.4148,41.522235659598,1471.1264799427017,158.81331322915352,sin_gas,67.77050654541839,1.7,32.0,4.86,0.19,80.5,60.061446716535144,11.65,22,44.7,56.8,0,0.09,Alto,Cambiar ruta o detenerse
Sector norte,23.94708136991052,22.79649621353829,942.7840305882812,0.0,54.67639060053987,1706.1215106750506,150.84347996830573,amoniaco,207.90820629761308,0.99,8.1,3.51,1.45,25.7,60.061446716535144,11.68,24,44.4,33.4,0,0.1,Alto,Cambiar ruta o detenerse
Sector norte,24.16786840357063,41.6810599622366,946.2081146036586,0.0,20.76012423052225,1230.2486728089045,167.59884090130944,humo,74.38521411705884,1.99,9.0,0.69,0.31,88.0,60.061446716535144,11.6,24,44.4,53.1,1,0.81,Medio,Enviar alerta y avanzar con precaución
Sector sur,21.40234731210695,34.78029467147278,948.8104428147944,0.0,21.510041429733224,2013.2342123957305,85.26564368164784,sin_gas,328.4037607619447,0.09,12.7,1.37,0.51,86.3,76.20153984188646,12.07,24,57.4,43.5,0,0.29,Medio,Avanzar con precaución
Zona de escombros,22.40244431049205,44.839574033362645,955.0596191443224,0.0,24.13961398836717,1292.8977055046826,139.50065517164472,sin_gas,392.62101084317914,1.67,30.1,3.06,1.17,57.8,43.168720429317816,11.72,22,31.2,44.9,0,0.34,Alto,Cambiar ruta o detenerse
Sector norte,22.018881343148152,42.39703340102678,947.7108997642864,0.0,73.91251358350097,1360.6694578302258,108.54016146664232,monoxido_carbono,274.76137376137933,1.62,32.9,1.52,0.67,64.8,59.720232017112615,11.81,24,44.2,43.7,0,0.37,Alto,Cambiar ruta o detenerse
Túnel estrecho,24.3103070233342,40.722779009525006,900.0,0.0,30.317204306375963,1487.1252032850102,59.33798169615959,amoniaco,340.02843742744864,2.35,7.7,4.8,0.35,77.1,60.061446716535144,11.66,24,44.4,57.5,0,0.13,Medio,Avanzar con precaución
Túnel estrecho,24.744457849959865,40.20486888853062,946.5197990692656,0.5333,9.905226983367823,2146.8306486105653,179.0254254449836,monoxido_carbono,469.1893685420305,1.78,30.2,2.15,0.75,74.1,60.061446716535144,11.69,4,47.4,21.7,0,0.35,Alto,Cambiar ruta o detenerse
Zona de escombros,21.10787744772458,40.89653171645053,949.7714530864592,1.12585,19.61707208128921,1784.6957500630763,11.703806696940736,monoxido_carbono,319.1857647853039,1.99,9.0,2.39,0.9,21.3,59.58190304942331,11.54,24,44.1,79.7,0,0.27,Alto,Cambiar ruta o detenerse
Punto crítico,22.24060711297908,23.257530324269293,900.0,0.0,37.33411035599804,1133.2368117880746,33.39770019783807,sin_gas,182.07909909194132,2.26,34.0,3.57,0.73,29.8,60.061446716535144,11.59,4,47.4,77.8,0,0.38,Alto,Cambiar ruta o detenerse
Pasillo B,20.78887983707687,36.88132514434677,953.3773911908368,0.0,60.60734876827971,1807.67123136124,161.19491344308162,humo,224.74007933745776,1.69,20.9,2.72,1.39,33.0,60.061446716535144,11.57,24,44.4,32.9,0,0.12,Alto,Cambiar ruta o detenerse
Escalera colapsada,18.961364317636164,33.61917877467867,943.868793362932,0.0,18.56508997405456,1749.0958033180123,15.598497597210866,metano,430.2626130360185,0.73,0.2,2.03,0.5,80.5,60.061446716535144,11.8,24,44.4,56.8,0,0.12,Bajo,Avanzar
Escalera colapsada,19.118975010033058,27.39016282608925,941.713833412464,0.47405,47.20769143838933,2355.1404793473794,160.1936167851163,sin_gas,65.36015947504819,2.17,1.2,0.57,1.03,55.2,64.50350897269597,11.92,22,48.3,46.1,0,0.28,Alto,Cambiar ruta o detenerse
Zona de escombros,21.634644658601,27.27724449907511,952.3853024646388,7.28865,25.82297242804556,2166.974515653235,130.16375831018513,sin_gas,162.86851122521634,1.87,5.2,3.06,0.26,63.6,60.061446716535144,11.77,24,44.4,52.2,0,0.37,Alto,Cambiar ruta o detenerse
Pasillo A,24.2866013618873,20.83857147330923,953.4391644556748,0.0,58.48761213588392,1759.638539877621,11.419700944044903,metano,288.64003448524204,1.06,6.6,4.36,0.65,81.8,60.061446716535144,11.82,24,44.4,81.5,1,0.81,Medio,Enviar alerta y avanzar con precaución
Sector norte,20.95729107674465,19.54739791384257,948.5431956246124,0.9481,19.404251648075626,1117.1649324364917,80.1310074994809,monoxido_carbono,338.1947847042172,1.78,26.9,3.49,1.14,47.3,44.378917020376875,11.32,24,31.9,49.4,1,0.69,Alto,Enviar alerta y cambiar ruta
Escalera colapsada,23.38926467679641,24.65391730453036,952.15481786959,0.0,27.515942594404333,2037.110542608666,137.0325081253915,monoxido_carbono,381.7495377158526,2.17,7.8,2.03,0.41,79.9,60.061446716535144,11.59,24,44.4,41.1,0,0.16,Alto,Cambiar ruta o detenerse
Punto crítico,19.251756153932963,37.08001050714299,948.3308174868783,0.0,35.05968022393358,1607.937415431882,107.04254981038994,gas_desconocido,159.10339799804356,2.44,33.9,0.81,0.93,55.4,60.061446716535144,11.59,4,47.4,64.2,0,0.29,Alto,Cambiar ruta o detenerse
Túnel estrecho,22.60487056371912,39.870405448859245,900.0,0.0,31.994090082369848,2469.066975011893,168.77747609378014,sin_gas,72.92956700457515,2.38,22.3,4.12,0.31,50.2,60.061446716535144,11.58,4,47.4,40.8,0,0.32,Alto,Cambiar ruta o detenerse
Entrada,22.515821904778765,35.69746977811603,952.4140179958858,0.0,73.04240966585921,919.7628699965885,156.83770575959997,gas_desconocido,477.4196048382799,0.81,24.2,4.72,0.24,46.6,60.061446716535144,11.82,24,44.4,27.2,0,0.3,Alto,Cambiar ruta o detenerse
Punto crítico,24.73992554636497,23.319997328522145,946.8188589402732,0.0,25.23945393719925,567.2772659548626,63.21333618347555,monoxido_carbono,38.19610856601974,1.05,7.6,2.06,0.83,97.2,60.061446716535144,12.06,43,41.6,82.0,0,0.27,Bajo,Avanzar
Pasillo B,23.89752181469984,34.218499246394295,944.7996255654894,0.0,33.19466883585784,546.7728049646902,19.809759216015813,metano,47.902677893442714,0.27,31.2,3.7,1.05,81.8,60.061446716535144,11.6,43,41.6,90.4,0,0.03,Bajo,Avanzar
Sector sur,24.261619022963444,33.63584341664262,946.8159088864644,67.48045,26.20247081437153,1744.0638155385288,170.244981937989,humo,247.47127095098443,0.62,23.4,2.17,0.26,21.6,60.061446716535144,11.71,24,44.4,31.1,0,0.27,Alto,Cambiar ruta o detenerse
Escalera colapsada,20.662761055425424,24.47240387476993,952.0582833650848,0.0,37.22119094473374,2372.4464807142003,95.52518435938715,monoxido_carbono,409.63551407179915,2.21,30.3,2.61,1.38,96.6,76.26164411533003,12.13,24,57.4,54.4,0,0.2,Alto,Cambiar ruta o detenerse
Pasillo B,23.278956107555764,41.27931712264751,949.9077705829784,0.5333,49.03183467055203,404.0570200121609,18.01958426509099,sin_gas,387.25205317766336,0.9,33.5,4.22,0.42,82.0,60.061446716535144,11.72,24,44.4,58.8,1,0.69,Medio,Enviar alerta y avanzar con precaución
Sector sur,22.55778222702081,34.64643331402437,900.0,0.0,41.64673054447554,1924.1191986113324,147.9007323378739,humo,468.8496330970459,1.55,4.4,0.6,0.27,31.9,60.061446716535144,11.81,24,44.4,33.4,0,0.25,Alto,Cambiar ruta o detenerse
Pasillo B,24.841680420145025,38.02805948985552,951.4783255671048,0.47405,11.398492171886735,1779.8368833191855,156.98863236994345,monoxido_carbono,70.8012878064942,1.66,3.4,2.75,0.38,26.1,60.061446716535144,11.67,24,44.4,55.4,1,0.73,Medio,Enviar alerta y avanzar con precaución
Zona de escombros,22.11363089768412,34.87637268236315,947.6821938801708,0.0,23.742940393993155,1937.8388036608783,116.89931203089992,monoxido_carbono,187.863628531218,1.95,28.1,1.23,0.34,44.7,60.061446716535144,11.66,24,44.4,46.2,1,0.86,Alto,Enviar alerta y cambiar ruta
Entrada,18.93901107320421,44.22617269994526,952.238659032922,1.6592,20.65227811434567,1146.3513542009046,83.31406899510948,humo,141.07106436085505,0.46,30.3,1.83,0.23,69.9,60.061446716535144,11.73,43,41.6,61.6,0,0.05,Medio,Avanzar con precaución
Túnel estrecho,17.331935384417655,47.32987572431955,900.0,1.7152,24.88433521059954,2123.042533781496,120.88027715662523,metano,430.435061777336,0.76,20.4,3.29,1.22,69.3,60.061446716535144,11.81,24,44.4,42.1,0,0.12,Alto,Cambiar ruta o detenerse
Punto crítico,28.208360369631432,39.94500307298388,952.0342378248206,2.48875,13.803893175180429,493.8845559796101,128.66964674839664,monoxido_carbono,244.17731014060018,1.12,12.8,0.33,0.79,42.1,60.061446716535144,11.95,24,44.4,47.5,0,0.27,Alto,Cambiar ruta o detenerse
Pasillo A,22.35106548569634,26.239288750132246,948.1833667623058,0.0,32.86208718269047,1986.4053113062578,161.2802426650444,amoniaco,13.423967207833176,0.91,22.8,3.05,0.64,55.7,60.061446716535144,11.82,24,44.4,58.6,0,0.13,Medio,Avanzar con precaución
Escalera colapsada,18.57303239746225,33.000371850986426,947.4879683724286,4.83185,22.44740900846696,960.8510768330842,172.27579406557916,metano,353.9822034191983,2.46,10.7,1.56,1.43,37.0,60.061446716535144,11.72,4,47.4,26.0,0,0.14,Alto,Cambiar ruta o detenerse
Sector sur,20.72934914108243,34.43262997365157,947.8033195757556,0.0,47.94439330010372,1401.3593272019502,95.00616316840949,sin_gas,194.3490489133013,2.09,8.3,3.41,0.62,24.0,59.98042560839166,11.88,24,44.4,59.2,0,0.36,Alto,Cambiar ruta o detenerse
Sector sur,21.48914985120443,41.33869840018824,900.0,0.47405,26.35232081443214,2127.536170270163,144.73654336714844,amoniaco,265.57338168550615,1.2,17.1,0.88,0.33,61.4,72.78187237819117,12.18,24,54.6,36.3,1,0.98,Alto,Enviar alerta y cambiar ruta
Habitación bloqueada,22.12494393124479,19.93256100611562,951.868908971178,0.0,26.827197656239456,969.8539739013877,173.7891722985396,sin_gas,446.893713504999,2.2,7.6,3.73,0.48,47.8,60.061446716535144,11.72,24,44.4,21.6,1,0.75,Alto,Enviar alerta y cambiar ruta
Habitación bloqueada,20.36631136945192,37.71405836357017,942.178019281944,0.0,35.5875070462489,788.9357744521762,31.46758417571905,amoniaco,128.36888731640585,0.87,16.9,3.3,0.43,63.4,60.061446716535144,11.74,24,44.4,72.7,0,0.13,Medio,Avanzar con precaución
Escalera colapsada,23.518223515893155,36.69981709812093,956.0377414118803,2.78505,20.29272741548156,1830.757689230557,8.19689678169342,humo,120.13233780608856,1.96,33.5,4.86,0.8,95.7,79.06904581013629,12.1,4,62.7,76.1,0,0.04,Medio,Avanzar con precaución
Sector sur,19.4406795724469,34.85398769256615,900.0,0.59255,33.81564855409463,1520.1292721642894,157.06866024845144,sin_gas,131.59625209004466,0.56,29.4,4.57,0.51,31.5,60.061446716535144,11.88,24,44.4,41.5,1,0.68,Alto,Enviar alerta y cambiar ruta
Túnel estrecho,20.36996361570572,24.166808513515065,900.0,0.0,19.820223611283744,1480.2481243669874,39.17283331825314,sin_gas,169.05399562985136,1.93,33.0,1.56,0.82,20.2,60.061446716535144,11.77,22,44.7,73.4,0,0.08,Alto,Cambiar ruta o detenerse
Zona de escombros,20.4061948491056,20.95716735551498,949.3984013842426,0.0,32.96433926590589,939.2159826296177,12.433784160565166,sin_gas,53.676987323049815,1.14,28.2,0.33,1.04,26.2,56.499611236622115,11.48,24,41.6,86.4,0,0.34,Alto,Cambiar ruta o detenerse
Habitación bloqueada,22.844186607680754,44.211854315979146,900.0,2.548,22.51336293277188,473.2486422220581,33.0168240900528,monoxido_carbono,348.6098304042947,0.27,12.4,3.35,1.19,57.0,60.061446716535144,11.82,24,44.4,71.9,1,0.61,Bajo,Enviar alerta y continuar exploración
Habitación bloqueada,22.655375499818792,34.01088732816314,946.3896719116934,0.0,16.50173408122483,1261.5651904966053,72.22010946765963,humo,103.69935891456828,0.68,28.4,3.09,1.09,76.6,60.061446716535144,11.98,24,44.4,61.2,0,0.03,Medio,Avanzar con precaución
Pasillo A,22.611888007194047,42.11021214507527,943.127784845482,0.9481,34.23171993189509,623.7749089823128,43.37149777870151,monoxido_carbono,463.07287363529286,1.01,32.3,0.33,0.39,66.5,60.061446716535144,12.0,24,44.4,50.8,0,0.13,Alto,Cambiar ruta o detenerse
Zona de escombros,20.789394258523963,28.04077930715401,958.9994975625872,0.0,23.0194474744312,2302.5772163633246,58.419385092577535,sin_gas,107.84315695493535,1.87,33.1,0.79,0.26,59.6,60.061446716535144,11.69,22,44.7,75.1,1,0.69,Alto,Enviar alerta y cambiar ruta
Pasillo B,22.33770454250496,44.09963162323832,900.0,0.0,22.00676882939678,486.6256792906341,175.67645900025812,monoxido_carbono,127.82101465438755,0.18,23.9,3.01,0.86,48.3,60.061446716535144,11.66,24,44.4,32.4,0,0.14,Medio,Avanzar con precaución
Zona de escombros,23.67617646817557,39.19736844809802,949.3012515551252,0.0,38.918233816984674,1306.466793787201,128.27097022845064,amoniaco,148.5101144054082,1.65,7.4,4.58,0.38,44.8,60.061446716535144,12.05,4,47.4,48.7,0,0.21,Alto,Cambiar ruta o detenerse
Pasillo A,24.25861256245041,23.1311619219648,943.7559616523145,0.0,41.7358437771071,509.71572577173856,129.63355244431068,metano,384.269048505708,1.79,1.4,4.55,0.22,50.1,60.061446716535144,12.0,24,44.4,38.8,0,0.36,Alto,Cambiar ruta o detenerse
Entrada,23.921770049234368,32.09972667341096,900.0,0.88885,10.853789537434444,600.6421365860092,21.569940577386493,amoniaco,213.8032437210149,1.63,5.2,0.93,0.84,68.9,60.061446716535144,11.83,24,44.4,83.6,0,0.15,Medio,Avanzar con precaución
Túnel estrecho,24.16450068096851,20.6674824991296,941.3877582226836,0.0,15.019774505322198,1783.6200005362462,133.11721471897104,sin_gas,409.66731201530934,1.9,33.8,2.05,0.56,33.4,60.061446716535144,11.5,24,44.4,38.6,0,0.14,Alto,Cambiar ruta o detenerse
Punto crítico,24.76258836883912,28.7762239783819,942.496249710078,0.0,8.944795060318555,1758.9336480455986,134.38525826717836,amoniaco,392.42685617789425,0.45,16.2,0.41,1.16,81.7,60.061446716535144,11.67,24,44.4,34.0,1,0.8,Alto,Enviar alerta y cambiar ruta
Punto crítico,23.37712918517113,33.270957118565136,937.4005294007424,0.0,40.358491601767085,469.40960924682355,120.45537822116064,sin_gas,464.74521138373325,1.47,29.9,2.45,0.54,66.0,60.061446716535144,11.6,4,47.4,44.9,0,0.13,Alto,Cambiar ruta o detenerse
Entrada,24.49148130582185,33.77970918245477,945.2407931226452,1.7152,15.183922984301512,402.3760977538274,44.97635179962814,sin_gas,378.30207755202736,2.35,16.3,3.81,1.47,41.5,60.061446716535144,12.03,4,47.4,60.6,0,0.04,Alto,Cambiar ruta o detenerse
Entrada,25.0496013892175,16.538752032622916,955.4650097675506,0.0,36.1648026232856,565.5179622098465,79.03133133938236,humo,25.95558483453142,1.53,23.1,3.99,1.16,60.1,57.699913229304755,11.48,4,45.6,59.1,0,0.08,Medio,Avanzar con precaución
Pasillo B,18.655318865143364,24.647464052113367,948.3799534164856,0.0,21.418835194718284,2002.2976851950787,153.09837956718442,monoxido_carbono,418.6406368495292,1.53,0.8,2.6,0.18,97.0,60.061446716535144,12.03,24,44.4,26.5,0,0.38,Alto,Cambiar ruta o detenerse
Entrada,22.1750555089804,22.223214274105302,940.8404846502822,0.0,42.33423585897239,1627.610592778165,122.28528513460961,sin_gas,469.0362983527056,1.84,8.7,0.66,0.81,21.6,60.061446716535144,11.75,24,44.4,35.0,1,0.89,Alto,Enviar alerta y cambiar ruta
Zona de escombros,21.79258430626173,33.58800637156734,940.3231067747796,0.0,18.07995783067218,480.0483148958324,133.2345461249829,humo,496.84459627483454,0.83,15.3,2.03,0.89,36.0,55.87623531667403,11.49,4,44.1,31.2,0,0.1,Alto,Cambiar ruta o detenerse
Zona de escombros,23.79977230934269,32.56486026450447,900.0,0.59255,11.749146515826794,1425.0037333329374,107.79052002201655,monoxido_carbono,62.63379706623257,1.75,22.1,4.67,1.07,55.9,60.061446716535144,11.91,24,44.4,69.0,0,0.23,Medio,Avanzar con precaución
Habitación bloqueada,24.760916312005783,40.987068457087,950.1486405167672,0.0,28.63523000687812,1895.261649814348,83.67765484456123,sin_gas,306.6366346632673,2.29,6.0,1.3,0.8,71.1,60.061446716535144,11.86,24,44.4,44.6,0,0.06,Alto,Cambiar ruta o detenerse
Pasillo A,23.80608695753409,23.1613630230532,900.0,1.54065,37.96132567610045,2224.7979286616933,137.83410176174394,monoxido_carbono,99.7293329420797,0.03,26.8,1.73,0.78,37.0,60.061446716535144,11.57,4,47.4,42.0,0,0.27,Alto,Cambiar ruta o detenerse
Zona de escombros,21.62311600047961,40.13814115923647,950.1698066197516,0.0,68.88617987918059,2361.4766303839224,16.88701751410337,humo,131.25482045629948,2.18,12.8,3.78,0.62,94.5,46.63025683324247,11.48,24,33.7,75.6,0,0.08,Medio,Avanzar con precaución
Túnel estrecho,24.013273627600253,20.916471327580496,900.0,0.0,13.63092429261961,1087.62518220354,122.80312823654621,monoxido_carbono,372.79216911142896,0.55,28.6,3.72,0.48,71.4,60.061446716535144,11.97,24,44.4,48.7,0,0.03,Alto,Cambiar ruta o detenerse
Punto crítico,23.09518318379534,34.60599787715598,947.2126290896264,0.0,23.852694680226183,685.248099667858,179.51078887386885,sin_gas,488.8338588495302,1.14,3.4,4.58,1.42,90.2,60.061446716535144,11.7,24,44.4,26.5,1,0.89,Medio,Enviar alerta y avanzar con precaución
Sector norte,18.975583075714084,38.61065938885329,946.104159301492,1.95545,74.00128252346482,897.5444335360396,141.53358765690552,monoxido_carbono,297.4277507315115,2.13,23.8,2.06,0.54,46.3,58.856961393124415,11.99,22,43.8,46.1,0,0.14,Alto,Cambiar ruta o detenerse
Punto crítico,20.775579524727767,34.17909557834294,947.8406431287226,0.0,24.21385899706525,2029.9601332844697,55.848614526054675,monoxido_carbono,425.29223491112367,2.06,10.3,2.67,0.19,86.3,47.764440650276136,11.39,44,31.6,54.4,0,0.05,Alto,Cambiar ruta o detenerse
Pasillo B,22.04173965207654,39.26868379196679,946.7738988864576,0.0,27.2771496734435,2440.116851588852,53.618411573441605,humo,4.441901914413959,2.23,27.8,2.44,0.33,50.3,60.061446716535144,11.52,24,44.4,82.2,1,0.86,Alto,Enviar alerta y cambiar ruta
Túnel estrecho,24.724120500000783,36.56469851044885,945.1218828294868,0.9481,15.143477373122726,1379.4265964567992,121.76325685385531,sin_gas,18.315819924809627,2.35,14.1,4.65,1.3,40.2,60.061446716535144,11.77,24,44.4,54.7,0,0.31,Medio,Avanzar con precaución
Entrada,20.51396811875189,46.53964833115343,950.9855484380262,0.4148,68.46957703526289,1041.2417484503585,161.7744949764928,monoxido_carbono,298.3621686629317,1.12,23.3,3.89,0.92,92.9,69.50418782621577,11.74,24,52.0,33.7,0,0.28,Alto,Cambiar ruta o detenerse
Pasillo B,24.00948380833496,34.45370196064462,900.0,0.0,37.5565700198536,1301.3002221160723,106.14120464837251,sin_gas,194.49155080021956,1.64,32.7,4.19,1.19,27.4,60.061446716535144,11.78,24,44.4,63.4,0,0.37,Alto,Cambiar ruta o detenerse
Pasillo A,25.259242976130192,42.66938439683916,948.5063463913184,0.0,52.30905929787061,1040.1076037547782,97.29540025476021,monoxido_carbono,444.87890748657696,0.98,0.7,0.84,1.23,95.4,60.061446716535144,11.76,4,47.4,38.6,0,0.2,Medio,Avanzar con precaución
Pasillo A,22.500735364229627,28.429768958891003,900.0,0.0,28.889425339180026,938.623798735024,33.067223422642485,gas_desconocido,150.99095654286688,0.88,0.4,4.0,1.25,56.7,77.5526483119054,12.01,44,55.4,80.4,0,0.06,Bajo,Avanzar
Pasillo B,23.64339047104315,29.88556834206205,942.2276763637892,1.7152,58.41001468038016,1646.876580055077,130.2049671879679,sin_gas,216.02551375202373,1.08,27.0,2.28,0.87,99.4,60.061446716535144,12.04,24,44.4,40.1,1,0.7,Alto,Enviar alerta y cambiar ruta
Punto crítico,22.6287424317349,31.111400131800806,900.0,0.0,34.1236978071827,433.04555878444324,127.90225843663089,sin_gas,263.9545989157841,1.86,22.6,0.31,0.35,63.2,60.061446716535144,11.76,4,47.4,47.7,1,0.8,Alto,Enviar alerta y cambiar ruta
Zona de escombros,18.69667425408132,28.4708795383833,947.1288122003996,0.0,65.25225794504715,945.0597221964751,174.21649365842333,monoxido_carbono,136.51941644312376,1.25,10.3,0.49,0.31,80.6,62.44323187567135,11.94,24,46.4,42.8,0,0.04,Alto,Cambiar ruta o detenerse
Sector sur,23.53784618813456,30.74084667884529,946.537428954496,0.0,29.67507813807586,1788.902363474477,57.53363225349127,amoniaco,454.24743372664716,2.04,17.3,3.45,0.9,20.6,77.17261885320781,12.26,24,58.1,62.7,0,0.22,Alto,Cambiar ruta o detenerse
Túnel estrecho,19.41252707047408,19.5466791017276,945.4771905492744,0.4148,9.97261697014782,467.33166224429056,137.37795836431806,sin_gas,232.26679232904857,1.86,1.5,1.99,0.61,59.7,15.0,11.08,24,8.4,34.3,0,0.02,Alto,Cambiar ruta o detenerse
Punto crítico,25.5748385470411,32.99414860853922,948.8812777180568,0.0,15.325538295463048,574.7238146687635,80.96142070958507,monoxido_carbono,212.07780455950848,0.05,6.7,4.37,0.88,79.0,60.061446716535144,11.58,24,44.4,56.9,0,0.18,Bajo,Avanzar
Punto crítico,24.28424784132383,35.26960111489001,953.3524107045054,0.0,26.13730452120125,1016.131904050148,102.73273853282362,humo,424.8765244671663,1.58,14.9,3.72,0.8,82.6,60.061446716535144,11.5,22,44.7,44.6,0,0.08,Alto,Cambiar ruta o detenerse
Pasillo B,21.86505534163273,33.54673949738767,947.5703719851912,0.0,26.53481025082359,2243.390077078868,147.87942473009767,amoniaco,155.98920082394923,1.09,29.2,0.3,0.94,32.6,60.061446716535144,12.02,24,44.4,53.3,0,0.15,Alto,Cambiar ruta o detenerse
Sector norte,24.59326824347175,42.91011218784214,900.0,0.0,40.02636071591111,2006.260936347122,43.84913287832073,amoniaco,408.7326722554805,1.14,16.8,3.5,0.14,53.5,60.061446716535144,11.85,24,44.4,54.6,1,0.88,Alto,Enviar alerta y cambiar ruta
Túnel estrecho,17.098388647112976,34.007643943368514,945.989404308473,0.0,17.900576540638202,446.5289217741114,65.00202941729762,metano,61.13642636067473,2.05,20.5,1.12,0.15,53.5,15.0,10.83,24,8.4,75.0,0,0.15,Alto,Cambiar ruta o detenerse
Pasillo B,23.49026461021988,35.48682171281347,900.0,0.0,31.206391986421984,1453.596915045833,140.32901728457946,humo,91.39426668244982,1.37,30.6,2.23,1.11,28.3,61.77780361276616,11.78,24,45.8,40.6,0,0.14,Alto,Cambiar ruta o detenerse
Habitación bloqueada,23.131455509348307,36.280842454155405,943.5951068505336,0.0,42.33113553986676,976.8437373735752,104.83013517537566,sin_gas,475.42083308586734,2.21,10.8,3.2,0.37,55.4,61.9063786097515,11.75,4,48.9,31.0,0,0.4,Alto,Cambiar ruta o detenerse
Túnel estrecho,19.688190786679247,19.618156414529867,937.5382680424226,0.0,7.8735609507425,1762.1558840303321,21.174010458387286,sin_gas,421.22374540385397,1.78,24.5,4.39,1.01,84.6,56.85985868748683,11.82,4,44.9,58.9,0,0.29,Alto,Cambiar ruta o detenerse
Zona de escombros,23.02264864605094,35.74977378008501,943.1666166116556,0.0,75.91686129032988,1915.2631534462685,80.28252668623978,metano,193.94945072820315,1.38,30.2,2.39,0.87,44.0,41.6836906697738,11.16,4,32.7,50.8,0,0.21,Alto,Cambiar ruta o detenerse
Sector sur,23.786549167570666,33.77644994923146,900.0,2.60725,16.32671440512168,2212.0114119714935,107.66082977027786,monoxido_carbono,319.2282243585147,1.89,7.1,4.08,1.47,54.6,62.139523721586755,11.88,44,43.1,55.0,0,0.24,Alto,Cambiar ruta o detenerse
Sector sur,22.67199858925965,33.99153643006145,949.564182413622,2.13325,46.09000485129659,1398.37409791843,164.1655303778842,humo,471.4850947154779,0.1,12.5,3.96,1.27,96.9,59.093815341856285,11.9,24,43.7,29.8,0,0.25,Medio,Avanzar con precaución
Sector sur,19.690577046767466,14.802726773487564,900.0,3.7332,27.492475126765825,2488.3451859457273,37.985408739261764,sin_gas,105.92945143204213,0.07,34.3,2.19,0.68,22.5,60.061446716535144,11.87,24,44.4,80.1,0,0.02,Medio,Avanzar con precaución
Sector norte,23.860119540722263,40.871324375671584,900.0,2.96285,19.753326724838715,2457.9708253029294,146.0417694660595,humo,29.505235111500326,0.21,34.4,2.6,0.96,67.3,55.266130527033425,11.65,4,43.6,60.6,1,0.95,Medio,Enviar alerta y avanzar con precaución
Zona de escombros,21.254226856252725,25.03345541828584,900.0,1.24435,56.82646208446674,2252.5501213891694,27.859284538403486,humo,268.73403225265264,1.09,7.8,3.56,0.26,79.5,67.82946121945535,11.92,24,50.7,60.2,0,0.26,Medio,Avanzar con precaución
Zona de escombros,20.10648761589211,32.69042430700432,900.0,0.0,36.34938583437936,1607.2259398319488,47.39124051326626,monoxido_carbono,71.29843933179664,0.59,2.3,0.35,0.64,80.9,60.061446716535144,11.95,24,44.4,83.4,1,0.78,Bajo,Enviar alerta y continuar exploración
Zona de escombros,21.101589694127487,35.95866600811544,939.1021766102994,0.0,40.86244798743324,1235.8135187580115,47.58517961077153,amoniaco,93.65954635568757,2.46,9.5,4.48,1.13,77.3,52.982157021009954,11.7,24,38.8,66.3,0,0.03,Medio,Avanzar con precaución
Pasillo B,21.97510923036789,23.67881941822774,900.0,0.0,58.38194861561372,1165.2112512935482,158.5588592840457,sin_gas,445.7695948657897,1.36,13.9,3.9,0.97,78.1,15.0,11.08,24,8.4,22.7,0,0.13,Alto,Cambiar ruta o detenerse
Sector sur,20.72563217613364,42.61828899081825,950.9042039466418,1.3629,24.936144705083,425.46197518426413,39.82809610262274,sin_gas,3.701729322445668,1.66,15.4,1.4,0.78,24.7,60.061446716535144,11.5,24,44.4,82.3,1,0.95,Medio,Enviar alerta y avanzar con precaución
Túnel estrecho,23.032249247894377,34.58146525002328,900.0,0.0,24.04470445296042,923.2664442089697,142.71812722244658,humo,408.4100132319343,0.7,21.7,4.91,0.35,62.7,60.061446716535144,11.9,24,44.4,43.5,0,0.37,Medio,Avanzar con precaución
Túnel estrecho,21.07132054069229,23.053435873637284,946.3196909111832,0.0,75.00378856956101,1909.4972933932456,85.81614345343348,metano,258.47538816780377,0.8,31.5,1.06,1.22,82.6,60.061446716535144,11.64,4,47.4,65.5,1,0.78,Medio,Enviar alerta y avanzar con precaución
Escalera colapsada,22.081000167195228,25.1686883249903,947.9959425577424,0.0,10.817236055884852,1667.6274097754397,179.8408843645294,sin_gas,279.6471938226502,0.84,11.6,4.59,0.48,27.5,74.63617803630956,12.06,24,56.1,37.0,0,0.07,Alto,Cambiar ruta o detenerse
Túnel estrecho,24.04573317415902,38.49017811564987,946.5394822450268,0.0,42.39692934984622,2324.4865972518205,151.84101226411846,monoxido_carbono,335.8839802281812,1.75,29.7,1.76,1.25,21.0,60.061446716535144,11.97,4,47.4,35.4,0,0.25,Alto,Cambiar ruta o detenerse
Pasillo A,19.03165687282137,39.77131218771238,952.3920225422432,0.0,7.309030589219229,505.0467605247715,134.44804852836816,humo,215.72249615400517,1.18,3.3,3.86,0.96,85.2,60.061446716535144,11.61,24,44.4,46.4,0,0.21,Medio,Avanzar con precaución
Habitación bloqueada,22.71246520629078,35.20532475475479,947.6121435985464,1.3629,36.83449559143349,726.0808666723942,157.3771036641342,monoxido_carbono,57.80594409620738,1.29,1.5,2.39,0.62,77.0,60.061446716535144,12.08,24,44.4,46.1,0,0.23,Medio,Avanzar con precaución
Pasillo A,21.370844784659184,34.975501745906485,900.0,1.7152,54.80113223234744,2057.4119576394733,115.95531870588087,sin_gas,51.410111902411906,1.48,17.6,3.74,0.16,53.0,60.061446716535144,11.93,24,44.4,53.0,1,0.7,Medio,Enviar alerta y avanzar con precaución
Sector norte,23.384728988376075,20.8887230910613,947.3469417878676,0.0,6.537013174599148,1152.8660255102009,152.63914489248708,metano,377.18109959197125,1.92,2.1,0.95,0.43,95.2,50.66791524508685,11.65,4,39.9,35.4,0,0.19,Alto,Cambiar ruta o detenerse
Sector sur,19.98579855356395,48.36842292588641,940.1903668575324,0.0,28.837714823334927,648.5252008075436,50.697198288254775,amoniaco,110.51757163364245,0.23,13.7,1.49,1.34,81.3,60.061446716535144,11.62,24,44.4,78.6,0,0.31,Bajo,Avanzar
Pasillo A,22.06259211884213,21.08354023293121,948.1741431982556,1.30365,24.68108993067928,2492.5460607101872,22.098061942688116,sin_gas,14.050841808822101,1.94,31.4,0.68,1.25,97.4,61.67965163340563,11.77,24,45.7,77.8,0,0.1,Alto,Cambiar ruta o detenerse
Túnel estrecho,23.80695429354144,35.50313989290675,900.0,0.0,11.533303513645098,2053.2256356056623,112.78810124016702,sin_gas,489.80694454947053,1.41,8.5,4.35,0.9,94.3,66.54935138563661,11.84,24,49.6,40.7,0,0.16,Alto,Cambiar ruta o detenerse
Sector sur,23.46668855410063,40.83711414465811,900.0,0.0,34.303438187271325,1258.3561771920574,81.07081871612755,metano,490.19575968034667,1.67,24.7,1.62,0.75,58.5,60.061446716535144,11.58,24,44.4,49.5,0,0.38,Alto,Cambiar ruta o detenerse
Habitación bloqueada,23.37865108429838,44.98689267540394,947.9801606629402,1.3629,62.74536865192864,2129.0297015868946,79.62713917617559,monoxido_carbono,189.07066867188993,0.82,10.6,3.53,1.01,80.4,60.061446716535144,11.93,4,47.4,55.4,0,0.08,Medio,Avanzar con precaución
Escalera colapsada,24.20274724566394,45.16472550581084,946.849140745587,0.0,45.44692141411747,1829.268127250222,97.18087417525808,sin_gas,12.761922278556604,1.02,1.6,4.14,0.75,73.5,60.061446716535144,11.7,4,47.4,56.4,0,0.12,Bajo,Avanzar
Pasillo B,21.07513244218592,20.92937255512899,952.7400384170796,0.0,25.64096944465819,2058.94699509665,68.24195702396995,sin_gas,363.63232929637485,0.58,19.5,4.53,1.0,84.9,76.51015936358704,12.08,44,54.6,46.5,0,0.08,Alto,Cambiar ruta o detenerse
Escalera colapsada,23.073696121909244,34.83483247457899,900.0,0.0,44.36385403348765,2111.9333928878646,114.5604180024951,sin_gas,415.50603024283464,2.45,29.2,0.71,0.53,83.0,60.061446716535144,11.74,4,47.4,47.8,0,0.02,Alto,Cambiar ruta o detenerse
Entrada,21.73543865350932,24.22107585106725,900.0,0.0,76.56466632810954,577.9302349096677,10.349464285835234,sin_gas,62.50684505790488,1.24,14.3,4.49,1.27,32.3,60.061446716535144,11.73,4,47.4,84.2,0,0.12,Medio,Avanzar con precaución
Entrada,23.607857039713743,33.77241810107495,939.981417607266,6.54705,15.937294631861969,1708.243064145001,174.73098482930857,sin_gas,67.72930745461814,2.49,21.6,1.15,1.08,38.7,60.061446716535144,11.84,24,44.4,51.1,0,0.03,Alto,Cambiar ruta o detenerse
Habitación bloqueada,23.296395962728468,16.15990278934416,951.4575292051256,4.96115,49.46630189686534,414.24966125133795,166.82407360797484,monoxido_carbono,411.1119998483953,1.22,31.5,3.74,0.56,41.3,60.061446716535144,11.67,22,44.7,18.5,0,0.07,Alto,Cambiar ruta o detenerse
Entrada,22.33434386068524,16.383016645220508,946.9009436060028,0.5333,34.1260668951148,491.2581172324583,168.6722784518384,monoxido_carbono,460.9536943576174,0.55,27.6,3.7,1.26,85.5,15.0,10.97,4,11.4,30.5,0,0.15,Alto,Cambiar ruta o detenerse
Sector norte,22.887783125266743,31.478329282054343,940.0461723258444,0.5333,69.58036691918846,2298.358019017266,68.87561172715071,metano,395.3774183370748,1.27,6.8,0.24,0.78,84.9,60.061446716535144,11.67,24,44.4,59.1,0,0.02,Alto,Cambiar ruta o detenerse
Punto crítico,21.49057964088573,27.923696375457894,940.6182308475898,3.67395,20.394859495371414,1507.8838148492916,98.08091759034247,metano,100.37247458476479,0.1,25.7,1.26,0.34,59.6,59.278663025613845,11.74,4,46.8,52.7,1,0.72,Medio,Enviar alerta y avanzar con precaución
Túnel estrecho,19.76407841535644,44.02484387141806,900.0,0.0,31.05943577731332,1945.3941703239022,171.97285553507567,sin_gas,205.76060971711047,2.26,17.6,2.56,0.21,66.5,60.061446716535144,11.57,24,44.4,27.4,1,0.85,Alto,Enviar alerta y cambiar ruta
Pasillo B,21.838897477200177,43.754347489307975,952.5700617975428,0.0,37.2591247900632,2160.8520799306066,162.91055987482764,metano,300.421212932957,2.05,26.1,2.22,1.08,86.2,59.73596199721703,11.92,4,47.2,30.3,1,0.65,Alto,Enviar alerta y cambiar ruta
Punto crítico,19.81476729838429,41.32184169651283,947.9714681400956,2.7258,22.50163792659102,2394.1322118856287,143.29278328270078,sin_gas,80.14673691041435,1.81,17.3,4.61,1.31,45.0,53.54131982690353,11.82,43,36.4,57.7,0,0.39,Alto,Cambiar ruta o detenerse
Pasillo A,19.316168387770368,43.2959016029868,947.2572646508258,0.0,25.72528845180584,2225.6409806378715,76.28302822332867,sin_gas,105.30124631625415,1.52,4.5,1.93,1.23,24.0,61.441306684328374,11.9,24,45.6,65.9,1,0.81,Alto,Enviar alerta y cambiar ruta
Sector norte,20.99775943756228,36.85817520359173,945.739757234192,0.4148,29.720991541835616,1414.9540422643172,103.75936405688036,sin_gas,141.4430360342775,1.45,19.9,4.7,1.02,58.6,60.061446716535144,11.79,24,44.4,50.7,0,0.3,Medio,Avanzar con precaución
Pasillo A,18.524983261376867,35.20834183196137,948.0606047404297,9.5534,32.91923160121878,1105.5376454990742,143.75968298791335,gas_desconocido,254.75663514541824,2.49,17.2,2.41,0.3,93.1,60.061446716535144,11.76,24,44.4,39.9,0,0.08,Alto,Cambiar ruta o detenerse
Punto crítico,21.077205606780748,35.03056509565412,948.7525121744674,0.0,22.13503589449014,724.4357960326802,52.77709921950556,sin_gas,255.4024435887738,0.69,18.1,4.83,0.23,83.2,60.061446716535144,11.53,44,41.4,71.4,0,0.34,Bajo,Avanzar
Entrada,19.18907235010744,23.45896373053716,943.4494974525752,0.0,54.306728329310005,1240.675113223288,114.6286394399195,humo,407.1472596737763,1.95,30.8,3.74,0.58,49.3,60.061446716535144,11.56,24,44.4,47.5,0,0.38,Alto,Cambiar ruta o detenerse
Túnel estrecho,18.347003244596145,27.254314430698308,900.0,0.88885,71.59836322568997,1169.6365162384432,149.88850684907493,metano,376.5051003438128,1.45,31.3,4.18,1.3,25.2,60.061446716535144,11.87,24,44.4,26.4,0,0.1,Alto,Cambiar ruta o detenerse
Punto crítico,23.426394343623983,48.73875359506699,900.0,9.8367,35.12643981003574,1575.107168107334,128.80458855325776,metano,456.867837554971,2.44,15.9,0.7,1.45,71.0,60.061446716535144,11.73,22,44.7,34.4,0,0.28,Alto,Cambiar ruta o detenerse
Túnel estrecho,21.11342115063757,33.942686598756914,949.0229158794834,0.0,30.122577747870764,1797.5697583901483,88.90911045842512,amoniaco,416.4508614122982,2.07,16.0,3.01,0.44,86.8,60.061446716535144,11.56,24,44.4,42.8,0,0.3,Alto,Cambiar ruta o detenerse
Entrada,19.084686229600504,20.57754130769154,948.3574924516704,2.7258,28.88845737504384,2454.4835005345994,107.3064629221527,sin_gas,126.93877415282734,2.5,18.0,0.88,1.17,73.2,60.061446716535144,11.55,4,47.4,59.4,0,0.13,Alto,Cambiar ruta o detenerse
Escalera colapsada,20.517168220670285,31.607732918039087,900.0,8.53305,15.1841201694785,1929.6109908115382,178.01822005051397,sin_gas,165.64838465199995,1.47,18.2,1.63,0.9,54.0,60.061446716535144,11.86,24,44.4,36.6,1,0.82,Alto,Enviar alerta y cambiar ruta
Sector norte,24.130768081857617,30.74744422319604,954.1018796996738,1.7152,4.1225692783759005,1751.871918130139,110.34786406326177,gas_desconocido,250.21162181626687,0.51,33.3,3.19,0.14,29.9,60.061446716535144,11.89,24,44.4,40.4,0,0.05,Alto,Cambiar ruta o detenerse
Pasillo A,23.020536291980243,36.094528347457135,900.0,0.88885,15.69068100711772,1103.6941119635194,142.48310695326265,monoxido_carbono,7.135567281822297,1.26,22.7,3.69,0.86,92.9,60.061446716535144,11.53,4,47.4,57.4,0,0.08,Medio,Avanzar con precaución
Túnel estrecho,22.976709317177463,40.418949881845485,953.680903972902,0.0,41.37443214144486,472.4581406464846,132.15583376609095,sin_gas,451.9510031418607,1.78,9.7,0.39,1.23,42.1,27.82200620541476,11.11,24,18.7,30.9,0,0.03,Alto,Cambiar ruta o detenerse
Túnel estrecho,23.34684616418503,42.559476984431335,945.8288670934304,0.0,12.858766862840971,1005.0627705948527,127.76085771763856,sin_gas,22.17210628116961,1.94,18.6,2.75,0.49,37.9,60.061446716535144,11.82,44,41.4,63.5,0,0.23,Medio,Avanzar con precaución
Túnel estrecho,19.6786910406641,23.361171265708062,952.5397999141076,0.0,22.26428471899711,2013.7405909651973,130.36458464495763,humo,161.22063540831815,0.0,22.0,2.91,1.36,85.3,60.061446716535144,11.67,24,44.4,56.9,0,0.25,Medio,Avanzar con precaución
Habitación bloqueada,20.48806946201839,16.259517627714622,900.0,1.24435,28.888606306274863,831.0710756879837,84.52170647425618,humo,284.58739559820333,1.26,22.4,0.58,0.43,98.5,68.32923326256824,12.12,4,54.1,49.0,1,0.85,Alto,Enviar alerta y cambiar ruta
Sector sur,18.497404972537705,26.0438093000131,948.6907965523131,0.0,20.08626054513272,1895.5952067156404,87.97803054067192,metano,258.9206943034329,0.59,20.5,2.6,0.21,72.8,60.061446716535144,11.71,4,47.4,48.2,0,0.22,Medio,Avanzar con precaución
Entrada,19.271925228194405,35.98505840145488,948.6598846948646,0.0,66.19751361652908,1617.5376693957733,86.8759790381369,sin_gas,327.22994641293735,2.19,6.2,3.63,0.32,70.0,60.061446716535144,11.5,24,44.4,48.6,0,0.11,Alto,Cambiar ruta o detenerse
Punto crítico,23.14928521430489,37.24276866800061,951.4474142859524,0.0,50.10260985915448,760.8994264759763,10.819556262206415,humo,263.7600876471045,0.38,1.2,0.46,1.27,45.6,60.061446716535144,11.73,4,47.4,80.9,0,0.03,Medio,Avanzar con precaución
Sector norte,21.31512912061255,46.12873593402186,945.654576730898,0.0,12.371508584127811,949.4120932128428,47.18643280815661,sin_gas,114.50071285151719,1.67,11.8,3.85,0.68,21.6,60.061446716535144,11.97,4,47.4,77.7,0,0.36,Medio,Avanzar con precaución
Habitación bloqueada,21.35023083576105,36.59502249005713,900.0,0.0,12.542575889632236,1442.2375673216006,32.04870116372949,metano,100.53909389693594,0.67,15.0,2.97,1.22,35.3,45.07486921243864,11.39,24,32.5,68.7,1,0.7,Bajo,Enviar alerta y continuar exploración
Escalera colapsada,19.633789442160925,30.799512568339605,940.7574652426184,0.0,29.78495129278666,1278.5868807264796,160.12787699452002,monoxido_carbono,453.62353453774926,0.89,2.2,4.2,0.84,66.8,60.061446716535144,11.6,24,44.4,31.5,0,0.3,Alto,Cambiar ruta o detenerse
Habitación bloqueada,23.281938768031413,36.78122718753581,900.0,0.0,10.10760835442336,2034.984079848195,53.119639129266076,metano,131.9833683677963,2.35,28.5,1.25,0.77,32.1,60.061446716535144,11.86,24,44.4,63.7,0,0.02,Alto,Cambiar ruta o detenerse
Sector sur,23.173936086659253,23.34021672711015,944.9503363181108,0.0,30.00222586092125,1942.2497493408187,29.22746103146957,monoxido_carbono,140.48861693975672,0.6,12.0,4.2,1.23,90.7,60.061446716535144,11.8,24,44.4,79.9,0,0.2,Bajo,Avanzar
Entrada,22.48759443562064,34.78912944853146,940.2868424469484,0.0,44.87962882201347,1606.6064572933358,25.959213084404865,humo,206.47644805017228,0.24,32.0,0.65,0.69,35.1,70.79671968958169,11.99,4,56.0,64.4,1,0.9,Medio,Enviar alerta y avanzar con precaución
Entrada,23.18740335480672,45.24787875618627,943.1146304633554,0.0,35.85209823829397,2126.776894093143,127.49822104662778,amoniaco,69.71916357498698,0.17,5.4,2.14,1.22,61.8,46.819964868180776,11.55,24,33.9,46.4,0,0.02,Medio,Avanzar con precaución
Pasillo B,25.22451071966401,37.15189329759236,900.0,0.0,17.166429814790984,1581.6060354370481,6.064579410117874,metano,253.6364222116202,1.26,2.0,1.16,0.24,61.0,60.061446716535144,11.66,24,44.4,84.9,0,0.31,Medio,Avanzar con precaución
Entrada,22.200376429149536,42.68959339200898,956.4760609504266,0.0,32.861653240402966,2425.2174389802462,87.47827030738894,sin_gas,332.51588085106573,1.6,16.9,4.4,0.99,68.3,60.061446716535144,11.67,24,44.4,46.1,0,0.21,Alto,Cambiar ruta o detenerse
Escalera colapsada,19.777793051872983,37.83648288475619,944.1131852761042,0.0,64.07691008594198,856.170608217271,25.802443479684342,sin_gas,393.00024603868343,0.82,6.6,3.58,1.08,46.2,57.31859277079734,11.81,24,42.3,70.5,0,0.14,Medio,Avanzar con precaución
Pasillo B,23.319945806843883,38.856426949172494,940.5406160166344,0.0,27.804019873461296,1899.6771865645208,153.6910910862834,sin_gas,355.7271209321146,1.73,32.8,0.32,1.36,89.9,59.82065745650296,11.61,24,44.3,39.5,0,0.32,Alto,Cambiar ruta o detenerse
Zona de escombros,21.66567299260242,21.20216676932512,900.0,1.3629,39.55086990683073,1176.8826773143828,172.7288123791802,metano,73.81798204013185,0.15,0.4,0.25,0.41,55.5,60.061446716535144,12.0,4,47.4,43.9,0,0.18,Medio,Avanzar con precaución
Túnel estrecho,24.482794917060115,35.18979208066533,942.4154491702424,0.0,33.02642948755232,985.8290082824071,172.78205783760814,metano,228.03357248546197,2.14,14.4,1.6,0.95,76.0,60.061446716535144,11.95,24,44.4,33.9,0,0.01,Alto,Cambiar ruta o detenerse
Zona de escombros,24.44471762580152,42.32283473262401,950.5605721445424,0.0,41.64164469891049,778.813699532197,82.34371906568462,sin_gas,19.293100404089213,2.04,32.4,0.89,0.71,70.9,79.06904581013629,11.99,24,59.7,71.9,0,0.38,Medio,Avanzar con precaución
Sector norte,13.744087775262315,37.09108861980674,953.7447142598344,0.4148,25.195327594715334,1560.2573001492422,117.79009427608938,sin_gas,8.898998360474641,2.46,13.5,3.23,0.64,29.4,53.17419332833983,11.84,24,38.9,58.6,1,0.93,Medio,Enviar alerta y avanzar con precaución
Entrada,27.2081187185812,27.30375852600705,945.050689088331,0.4148,14.33787949102392,852.4858087733437,109.9482238893803,sin_gas,220.0652091369003,2.34,3.3,3.39,0.25,69.8,60.061446716535144,11.78,4,47.4,58.1,1,0.86,Medio,Enviar alerta y avanzar con precaución
Sector norte,21.500857823454115,26.88582215383436,947.2558508414648,0.0,18.4118130544899,820.7367880416525,66.25680774254177,monoxido_carbono,126.48024722881452,0.89,10.6,4.72,0.29,64.1,60.061446716535144,11.97,24,44.4,76.7,0,0.33,Medio,Avanzar con precaución
Entrada,22.117172100667727,33.929704227691495,947.8185377758164,0.47405,10.656945812016652,2480.1170006760176,82.71128599859296,monoxido_carbono,341.6803974366814,1.0,17.4,4.77,1.27,91.9,76.71488712405085,12.13,24,57.8,50.8,1,0.72,Alto,Enviar alerta y cambiar ruta
Sector sur,22.196719094886525,41.12073022512247,938.766575071072,0.0,44.37278822967056,2083.669575376098,16.256647015824996,metano,362.1203934067063,1.86,6.5,3.36,1.15,90.5,57.15054650468806,11.67,4,45.1,67.5,0,0.19,Medio,Avanzar con precaución
Habitación bloqueada,20.807623364221023,21.473327058575137,944.5165792206516,0.8296,70.64093266041364,1971.3813225341883,144.24733071751027,amoniaco,447.70186227912785,0.34,16.3,0.23,0.64,32.1,60.061446716535144,11.72,24,44.4,27.8,0,0.03,Alto,Cambiar ruta o detenerse
Zona de escombros,21.621604589689632,42.53311304785957,947.883344902116,0.0,40.07828634685474,2067.527314353785,47.14061462705833,amoniaco,380.34125676951936,0.79,29.3,1.92,1.26,26.5,71.8563805307067,11.64,24,53.9,56.2,0,0.15,Alto,Cambiar ruta o detenerse
Entrada,19.61743241142745,27.536625759697365,948.7925889217304,3.0813,6.966465949149257,2434.7380348093593,85.59228294886584,metano,24.122061568270848,0.3,30.5,2.66,0.21,43.6,60.061446716535144,11.9,24,44.4,59.4,0,0.3,Medio,Avanzar con precaución
Habitación bloqueada,20.618359582776417,23.282223333117607,900.0,0.4148,62.21784198355828,1603.8810463817274,89.10862838291268,sin_gas,185.81150517888383,1.14,1.7,2.6,0.97,98.9,67.29298368058694,11.81,43,47.4,59.2,1,0.91,Medio,Enviar alerta y avanzar con precaución
Túnel estrecho,18.381591898362807,29.4527006591228,939.732825431664,2.48875,35.568293818261935,862.5121425460072,103.12455435148068,monoxido_carbono,136.51167587606105,1.38,5.6,3.1,1.32,21.7,60.061446716535144,11.91,24,44.4,67.2,1,0.98,Medio,Enviar alerta y avanzar con precaución
Punto crítico,20.160744694483903,27.63556048998333,950.6731947308288,0.0,31.299317584799333,2210.640245581802,148.12841163041574,metano,193.0662249135806,0.53,9.6,4.81,1.27,73.8,71.34781997759129,12.25,4,56.5,40.7,0,0.21,Medio,Avanzar con precaución
Pasillo A,17.74087507671256,25.90665173747792,943.2232676642726,0.0,12.868552313384802,1959.7345318535893,126.07918308215619,sin_gas,80.03782948435078,0.07,20.8,4.45,0.62,68.7,60.061446716535144,11.67,24,44.4,51.0,0,0.22,Medio,Avanzar con precaución
Entrada,21.315486530053384,30.525316160468115,950.918146058653,0.0,47.48761872014549,1270.0474559017634,121.03603359760861,gas_desconocido,48.85205184529673,1.8,12.6,0.72,1.14,71.7,60.061446716535144,11.67,24,44.4,56.9,1,0.68,Medio,Enviar alerta y avanzar con precaución
Sector sur,19.409419257281208,19.44571974686672,950.0117495366884,0.0,20.96047691362717,1394.4959470067574,97.18046176586446,metano,260.4922712542003,0.05,29.5,1.48,0.7,37.5,60.061446716535144,11.91,24,44.4,48.9,0,0.31,Alto,Cambiar ruta o detenerse
Escalera colapsada,22.472338180878587,40.583941520997136,900.0,0.0,37.21148078879285,1263.630036805625,21.792257115653236,monoxido_carbono,360.19065543319715,2.43,25.1,4.2,1.28,38.1,60.061446716535144,11.69,24,44.4,70.1,0,0.28,Alto,Cambiar ruta o detenerse
Zona de escombros,24.614919525977854,24.684679008452804,900.0,0.0,9.910778115062252,2352.8785364809087,75.35148253890074,metano,350.9554509659714,0.55,3.5,4.16,0.84,54.5,57.307336474079925,11.9,24,42.2,60.6,0,0.34,Medio,Avanzar con precaución
Pasillo B,20.47379745472383,44.28178879673465,900.0,0.0,22.24730163133353,1121.4163841464178,172.5304489758466,sin_gas,225.47216108811358,1.66,21.9,1.52,1.17,27.7,60.061446716535144,11.66,4,47.4,32.3,1,0.79,Alto,Enviar alerta y cambiar ruta
Pasillo B,24.25276729481088,27.59178323886808,900.0,0.0,33.66026577821801,2423.316985177962,179.2209131754442,sin_gas,261.139493144473,1.09,4.0,3.71,0.21,26.0,60.061446716535144,11.98,44,41.4,37.2,0,0.23,Alto,Cambiar ruta o detenerse
Habitación bloqueada,23.90529378058786,32.52262704593714,953.2393616274652,0.0,59.75216466304459,2311.5707196332946,132.8371755676607,monoxido_carbono,258.1643612543207,0.15,8.9,3.43,0.93,27.1,48.16344036683389,11.47,24,34.9,44.8,0,0.15,Alto,Cambiar ruta o detenerse
Zona de escombros,23.58461027247481,40.97974385800536,900.0,0.0,22.54129822562528,1724.094398721164,44.81511853806288,sin_gas,345.7851888840281,1.18,6.2,2.47,0.87,65.8,67.12817821317044,11.96,4,53.1,61.7,0,0.39,Medio,Avanzar con precaución
Sector norte,22.006761524310328,43.30488324003706,945.9789875946252,1.3629,43.224583927450375,1617.6257235101568,22.830863050594285,sin_gas,23.96258797801204,1.29,6.1,1.17,0.95,51.8,60.061446716535144,11.91,43,41.6,83.6,0,0.18,Medio,Avanzar con precaución
Pasillo B,21.431841066051344,34.96518803937135,900.0,0.9481,22.590230219329303,1177.187488146939,77.58376283308486,gas_desconocido,354.94805443561194,2.14,21.6,4.47,1.07,43.5,60.061446716535144,11.84,24,44.4,50.9,0,0.38,Alto,Cambiar ruta o detenerse
Entrada,21.536653400412185,35.413303461817506,900.0,0.0,32.003085174875466,438.51061692236476,154.90008291288373,metano,291.10045037864376,1.83,19.7,3.45,1.39,45.3,60.061446716535144,11.92,24,44.4,46.1,0,0.31,Alto,Cambiar ruta o detenerse
Pasillo B,21.97225040566414,22.827643970084026,900.0,0.0,10.11822095159242,668.0086910992818,131.3262419816251,sin_gas,99.0543573357871,0.2,6.2,1.01,1.2,36.6,60.061446716535144,11.54,24,44.4,42.4,1,0.8,Medio,Enviar alerta y avanzar con precaución
Túnel estrecho,21.90230403147224,35.77275315222907,942.2561367590306,0.0,16.616991257808948,1983.8857790340521,159.68114156969335,sin_gas,24.529426873132255,0.52,34.7,3.58,0.41,52.9,60.061446716535144,11.7,24,44.4,44.5,0,0.2,Medio,Avanzar con precaución
Entrada,24.207770367329967,28.549361441657886,900.0,0.0,43.57791713345564,1390.234265835147,112.76085507208914,monoxido_carbono,54.263895278944204,0.78,14.8,3.76,1.26,36.2,57.392971576315695,11.71,4,45.3,60.6,1,0.79,Bajo,Enviar alerta y continuar exploración
Sector norte,23.02510798941685,47.31255487654089,900.0,0.0,39.47514881445261,714.6600817947331,27.807463803196157,sin_gas,262.3456707096348,0.29,3.4,4.46,0.27,75.8,60.061446716535144,11.65,4,47.4,76.1,0,0.22,Bajo,Avanzar
Escalera colapsada,23.736367388319167,27.51245302156951,939.7648989736692,0.0,15.7635562630568,954.3177936769291,25.089294224678714,sin_gas,379.2042650456414,1.14,4.2,1.27,0.97,29.9,60.061446716535144,11.91,24,44.4,73.2,0,0.12,Medio,Avanzar con precaución
Sector sur,24.37307216268656,44.08209800707735,941.4615634389094,0.0,39.20199988932769,2390.4574896786994,13.400402960272624,metano,167.3286435622506,2.46,20.4,4.95,1.34,95.9,69.88527512218522,11.89,24,52.3,74.8,0,0.36,Alto,Cambiar ruta o detenerse
Pasillo A,20.47019706760005,40.105358281093686,953.489071363549,2.7258,18.380552241106507,1170.9789541515565,104.23899485036792,sin_gas,189.56195535261082,1.29,34.3,0.94,0.24,27.2,60.061446716535144,11.65,24,44.4,58.1,0,0.32,Alto,Cambiar ruta o detenerse
Escalera colapsada,23.875276347766068,35.83882347897011,944.9570919374794,0.8296,16.40925149900207,2306.1320849602225,47.50509140933808,monoxido_carbono,467.0732075230562,1.85,20.0,3.08,1.29,95.5,60.061446716535144,11.9,24,44.4,60.2,0,0.32,Alto,Cambiar ruta o detenerse
Túnel estrecho,23.32400915750801,27.9788140790094,949.8003256742728,0.0,26.240719984544302,1039.7352478165112,133.51713723711634,monoxido_carbono,106.50654201628801,1.71,33.2,3.35,1.22,86.7,15.0,10.66,24,8.4,53.7,0,0.18,Alto,Cambiar ruta o detenerse
Sector norte,23.65034666215721,20.817480860071587,900.0,0.0,12.561005794804776,1540.7621981710379,125.09373877506377,sin_gas,51.87471228767582,2.12,15.5,2.21,0.81,74.5,60.061446716535144,11.61,24,44.4,54.3,0,0.04,Medio,Avanzar con precaución
Habitación bloqueada,18.125842175912304,43.685005964149255,900.0,6.67635,42.89358598629567,443.0018750606156,60.669379921455466,sin_gas,171.70505690000897,0.54,15.3,2.48,0.53,93.0,60.061446716535144,11.84,24,44.4,62.8,0,0.28,Medio,Avanzar con precaución
Pasillo A,19.83299840594754,44.86993218148194,952.6885542276184,1.5999,48.64034800640097,1495.9377317845115,35.94029163121127,metano,372.96105974613687,1.88,17.5,4.48,0.67,31.1,15.0,11.02,24,8.4,59.5,0,0.16,Alto,Cambiar ruta o detenerse
Túnel estrecho,21.3277718239884,43.56840873979229,900.0,0.0,12.85559129465683,1737.5782222823236,22.920061214300212,monoxido_carbono,313.03864552806596,2.2,24.4,3.3,1.46,34.1,74.02954768795345,12.08,24,55.6,61.4,0,0.35,Alto,Cambiar ruta o detenerse
Zona de escombros,24.564142012768706,27.505188464650363,944.9901786994052,0.0,28.65532108712462,892.0407086080736,134.030172917292,sin_gas,207.8977196847846,0.43,12.9,2.59,0.38,40.2,71.46057353821318,11.76,24,53.6,51.7,0,0.31,Medio,Avanzar con precaución
Zona de escombros,19.69459094638671,40.41650921459609,951.927259958566,3.49615,22.20426716250953,1615.7680700312496,83.8271741995383,sin_gas,482.37626641591527,0.87,30.2,0.82,0.91,39.6,60.077570574769915,11.86,24,44.5,42.2,1,0.62,Alto,Enviar alerta y cambiar ruta
Pasillo A,20.97905819179744,41.480748888519216,900.0,0.0,19.008425574035595,1759.0523213070696,61.61773498117431,gas_desconocido,367.49821914728665,2.43,1.0,0.24,0.22,44.9,60.061446716535144,11.67,4,47.4,64.2,0,0.24,Alto,Cambiar ruta o detenerse
Habitación bloqueada,22.707101791362263,43.928396002241584,940.7126910375436,0.4148,32.02161168561694,1842.4607646016887,154.91427776610462,sin_gas,30.93071219164689,1.95,15.4,0.8,0.41,66.1,61.372400862429444,11.96,24,45.5,48.8,0,0.28,Alto,Cambiar ruta o detenerse
Túnel estrecho,24.150785436678333,36.45514758913684,951.573612205661,0.0,10.570319305599432,2030.4469762464166,108.8823128996422,gas_desconocido,372.3157219270242,0.71,17.9,4.79,1.17,22.3,60.061446716535144,11.7,4,47.4,42.5,0,0.23,Alto,Cambiar ruta o detenerse
Punto crítico,21.52669548222593,27.89718644207521,900.0,0.4148,12.83080599574807,1053.8124101517747,95.65040886940227,sin_gas,12.019277952929174,1.41,21.2,3.87,0.52,50.6,60.061446716535144,11.93,24,44.4,71.2,0,0.21,Medio,Avanzar con precaución
Sector norte,23.43915956251538,35.52303847399395,900.0,0.0,39.26483145148646,1592.3316085069441,135.09135387073275,sin_gas,325.16166155870275,1.01,9.7,4.84,1.48,39.7,54.564164610697446,11.58,4,43.1,42.1,0,0.1,Alto,Cambiar ruta o detenerse
Pasillo B,24.077376669676227,26.88456828912721,900.0,0.0,20.25247545346604,2461.3159625056483,147.72704954117546,metano,105.24141814632937,1.22,15.0,0.37,0.8,68.5,60.061446716535144,11.66,24,44.4,41.3,0,0.1,Alto,Cambiar ruta o detenerse
Pasillo B,21.15909563194877,31.67266110056531,952.1910103957712,0.47405,49.08061420395502,2286.10275839683,125.06280219897592,sin_gas,348.2211045187789,0.89,17.0,3.47,0.82,98.8,60.061446716535144,11.47,4,47.4,48.4,0,0.31,Alto,Cambiar ruta o detenerse
Sector sur,23.024571051166888,36.351312957987616,950.9537776566234,0.0,68.16942586627258,2400.5973990065695,82.00110575488672,sin_gas,154.8897833238981,0.7,24.0,0.41,0.15,61.4,73.76794737327732,11.95,24,55.4,63.1,0,0.02,Alto,Cambiar ruta o detenerse
Entrada,23.66719137118848,27.951813315947323,900.0,0.0,38.084703643462525,1210.88643691,71.37728871763281,sin_gas,436.50315397778246,1.69,27.1,3.95,1.44,54.1,60.061446716535144,11.79,24,44.4,41.7,0,0.31,Alto,Cambiar ruta o detenerse
Punto crítico,19.31844611036129,29.230670606453234,947.009874538634,1.3629,49.490611968429405,2052.5490223829897,140.04136419772288,gas_desconocido,168.45691829573022,1.95,25.8,2.03,0.34,49.5,74.95880574485331,12.09,24,56.4,46.5,0,0.22,Alto,Cambiar ruta o detenerse
Túnel estrecho,20.757335858602783,21.14674945538141,900.0,0.0,13.279116863782413,1701.7856986967304,95.63375311205006,metano,309.84792770214847,2.18,12.0,0.66,0.85,82.8,60.061446716535144,11.85,24,44.4,46.1,0,0.38,Alto,Cambiar ruta o detenerse
Sector sur,19.40612692495145,34.73816769063373,944.7083075800576,0.0,37.62853547421723,573.7436744307063,128.26756374054088,monoxido_carbono,142.96377982699414,0.39,35.0,2.93,0.65,25.8,60.061446716535144,11.95,24,44.4,44.2,0,0.4,Alto,Cambiar ruta o detenerse
Túnel estrecho,21.430967048189927,43.14209345097337,935.0381639992572,0.0,24.63912662573457,2130.3588172298373,160.8197880890966,amoniaco,458.6107725710891,2.06,29.7,1.54,0.68,96.8,60.061446716535144,11.77,24,44.4,32.8,0,0.27,Alto,Cambiar ruta o detenerse
Pasillo B,21.75966840714313,43.853373595809295,948.2872112660168,0.0,30.35825972838237,1821.9126803504657,165.28086107892307,amoniaco,390.49799051408615,0.64,9.1,3.37,1.0,53.4,60.4806789461434,11.78,43,41.9,34.8,0,0.17,Alto,Cambiar ruta o detenerse
Punto crítico,25.24341212660128,42.06110740912472,939.76341573726,0.0,36.55655977580157,817.7264549820602,53.60023686710021,monoxido_carbono,121.65143817230157,1.07,6.8,3.36,1.03,45.1,61.69551474427374,11.96,24,45.8,65.3,0,0.2,Bajo,Avanzar
Pasillo B,24.450562899040747,33.1534155808041,941.1832311884714,0.0,35.0105519745834,567.4509706018688,37.880741297689966,sin_gas,474.3983562793298,2.25,11.0,3.58,0.32,97.9,70.99933018475775,12.03,24,53.2,51.7,0,0.09,Medio,Avanzar con precaución
Punto crítico,20.45058250461489,21.64104634678802,941.678515229414,0.0,17.581729662014908,2157.7464743614946,50.725288058946624,sin_gas,178.57879478811412,1.14,15.8,4.96,0.8,94.9,56.89986230235536,11.56,44,38.9,77.2,0,0.05,Medio,Avanzar con precaución
Zona de escombros,24.788582340063822,31.919561611963463,954.955399228278,0.0,73.4644960383508,565.6938419315222,136.49005984371297,sin_gas,325.93247383359375,0.49,29.8,2.06,1.21,71.4,60.061446716535144,11.68,4,47.4,43.1,0,0.24,Alto,Cambiar ruta o detenerse
Zona de escombros,20.4815099466982,33.64270166833339,900.0,0.0,18.79380404608424,591.8431172695169,69.76015630807802,sin_gas,371.4266155571982,0.4,27.2,2.43,0.72,21.5,60.061446716535144,11.44,4,47.4,56.0,0,0.32,Alto,Cambiar ruta o detenerse
Escalera colapsada,23.54875551132022,26.06716244141213,951.5372788533192,0.0,10.854034957065537,1297.557404599062,35.34312414723271,sin_gas,11.451080732456154,1.18,29.8,4.06,0.33,79.9,60.061446716535144,11.62,4,47.4,74.0,0,0.11,Medio,Avanzar con precaución
Habitación bloqueada,22.697317699428982,36.40699665081406,947.2092265927026,0.0,20.35481782876867,683.0754396809018,22.21746118871962,sin_gas,479.4836730786231,1.91,9.5,2.98,0.54,46.8,56.05824345126587,11.42,24,41.2,62.0,0,0.17,Medio,Avanzar con precaución
Pasillo A,21.11894918219962,29.604492704033248,950.3448275903876,0.0,18.272177486962736,2318.706154629711,62.279808045195374,humo,172.22065304368246,2.49,20.8,0.38,0.4,51.1,60.061446716535144,11.81,24,44.4,57.3,0,0.23,Alto,Cambiar ruta o detenerse
Entrada,21.42922018566675,30.17430675695348,900.0,0.0,33.538203222922824,1387.5962661527972,28.82387706133948,humo,94.88944671561211,1.97,9.9,4.25,0.28,32.7,60.061446716535144,11.94,24,44.4,68.1,0,0.36,Medio,Avanzar con precaución
Entrada,23.20508646858088,37.94974845769928,900.0,4.83185,36.281677277463984,1595.2170593746,32.36538219332871,sin_gas,425.35389586424907,2.19,3.8,0.45,0.63,61.9,60.061446716535144,11.62,24,44.4,55.0,0,0.06,Alto,Cambiar ruta o detenerse
Pasillo A,24.408732047482907,36.77906618082452,950.6109804680018,0.0,71.30646736400355,2349.022787903984,124.67969535309727,sin_gas,351.4496414117072,1.87,23.9,1.02,0.86,79.6,60.061446716535144,11.63,4,47.4,37.9,1,0.7,Alto,Enviar alerta y cambiar ruta
Sector sur,21.61447073428108,21.91649179938767,949.9068486611644,0.0,43.32923830962244,1513.5527738405322,8.453116741970923,sin_gas,43.37163631167628,2.24,5.0,0.69,0.2,41.8,60.061446716535144,11.9,4,47.4,87.9,0,0.37,Medio,Avanzar con precaución
Habitación bloqueada,17.310653313052786,45.33142499240411,900.0,0.0,74.50379388668203,1142.541406510369,25.57182078445165,sin_gas,58.52229068838477,0.19,23.4,0.57,0.95,95.1,15.0,10.75,4,11.4,89.3,0,0.03,Medio,Avanzar con precaución
Pasillo B,20.11669894849068,20.92801911788432,943.491214716349,0.0,17.129867617176785,2074.025722213247,152.7639609622919,sin_gas,357.5959353268245,2.32,22.7,0.32,1.49,35.6,60.061446716535144,11.8,43,41.6,32.5,0,0.27,Alto,Cambiar ruta o detenerse
Sector sur,18.638515313572828,32.55278582286439,950.4161813177676,0.0,24.593122471226167,1329.9854146979424,152.8599648781943,humo,37.39162797954199,0.99,28.4,0.46,1.45,25.3,60.0732029418047,11.87,24,44.5,52.7,0,0.26,Alto,Cambiar ruta o detenerse
Habitación bloqueada,21.42776690005013,20.796832964869257,939.5063077269302,0.0,65.50852911028912,1068.7857937648414,62.61760878362597,sin_gas,458.58771756203254,2.3,4.9,2.32,1.26,71.5,60.061446716535144,11.66,24,44.4,54.4,1,0.64,Medio,Enviar alerta y avanzar con precaución
Túnel estrecho,20.46928274996637,27.312625761362543,949.7354450243772,0.5333,21.599720099384104,1918.7818630716226,20.391776464527574,sin_gas,370.7700684738166,0.19,27.4,1.41,0.47,87.9,69.52928831162326,11.86,4,55.0,62.6,0,0.19,Medio,Avanzar con precaución
Habitación bloqueada,23.086726971599912,41.26842830378855,942.6127741027216,1.30365,22.32642139778924,2083.3719208873904,128.36980841626104,sin_gas,167.7461029834944,1.79,35.0,0.81,0.13,96.3,66.16964994526754,11.81,4,52.3,50.2,0,0.34,Alto,Cambiar ruta o detenerse
Zona de escombros,20.696890848355835,31.628054730562447,945.7323643650068,0.0,26.12100172851764,2062.60395192697,68.02304536042801,gas_desconocido,181.46938961266912,1.84,29.8,3.36,1.27,81.4,60.061446716535144,11.53,4,47.4,58.9,0,0.07,Alto,Cambiar ruta o detenerse
Escalera colapsada,22.19745676522612,45.2350565757094,953.2740948805211,0.88885,10.880046913864382,2453.116269670286,12.95630976086202,humo,253.24804810205072,2.49,26.3,1.29,0.18,36.0,42.45670099448525,11.46,24,30.4,76.1,1,0.69,Alto,Enviar alerta y cambiar ruta
Pasillo B,20.622888204568447,22.111424583651203,945.8917780665838,0.0,23.131678322104268,2052.0005926374215,32.61972172746475,amoniaco,180.4847068242701,1.92,23.2,0.29,0.39,98.2,60.061446716535144,11.85,24,44.4,79.8,0,0.21,Alto,Cambiar ruta o detenerse
Zona de escombros,26.496827359594715,44.832845853200695,951.1280414283608,0.0,32.5731643350684,2016.8602154922412,29.012592093704253,metano,391.7342757191579,0.96,14.8,2.21,0.86,93.6,77.64720883102774,12.14,24,58.5,63.9,0,0.17,Medio,Avanzar con precaución
Entrada,21.99282287597751,27.653257529532603,949.6103645191968,0.0,10.982747084949215,2200.7190328460624,108.09536016984089,sin_gas,487.36847205080784,1.39,25.6,1.69,0.35,33.1,74.99343123493507,12.28,24,56.4,29.6,0,0.23,Alto,Cambiar ruta o detenerse
Zona de escombros,21.350787737730165,37.098810694500735,900.0,0.0,19.956418785236163,400.3889101204299,162.17057713062323,sin_gas,292.26075771909655,0.92,25.3,1.73,1.27,64.7,60.061446716535144,11.72,43,41.6,28.8,0,0.37,Alto,Cambiar ruta o detenerse
Sector sur,19.164742545265945,43.25144270813504,944.5323069854348,0.0,17.886567551729183,1161.1059634943185,143.78760583160505,metano,223.01866383376446,0.49,22.1,2.34,1.19,64.4,60.061446716535144,11.85,24,44.4,48.8,0,0.37,Medio,Avanzar con precaución
Pasillo B,23.74818188306672,32.12265313710577,951.9150476387748,0.0,20.430334542983747,1948.9665016722863,100.64030787801526,amoniaco,111.38707013410858,0.62,27.9,3.41,1.16,55.4,60.061446716535144,11.83,43,41.6,61.4,0,0.1,Medio,Avanzar con precaución
Pasillo B,21.919636871330795,30.51694191989369,900.0,0.0,68.40197908513093,1659.4099233315824,78.87715386230902,sin_gas,326.7167096239001,0.56,15.7,3.16,1.24,98.7,60.061446716535144,11.64,44,41.4,45.4,0,0.13,Medio,Avanzar con precaución
Pasillo A,23.804704594917112,31.365415373957287,958.4091279557184,4.83185,38.42370034352275,772.901205526397,113.26842408705137,sin_gas,342.78843090769857,1.37,4.2,4.7,0.41,24.8,74.96662906726895,12.25,4,59.4,52.1,0,0.07,Medio,Avanzar con precaución
Entrada,20.658732967161114,40.12708091836198,942.3160410468848,0.0,8.183864927014495,1037.8394870859452,82.66722967151415,monoxido_carbono,342.5953035071819,2.27,19.6,2.69,1.12,70.2,50.05333010804238,11.57,24,36.4,57.1,1,0.76,Alto,Enviar alerta y cambiar ruta
Sector norte,21.07176177568113,37.37842053377077,948.7820865353804,0.0,41.02144901959311,1107.2644832724243,48.06734645085529,sin_gas,13.492517934246163,2.28,9.3,2.47,0.6,36.4,60.061446716535144,11.91,24,44.4,82.1,0,0.17,Medio,Avanzar con precaución
Zona de escombros,26.126047550507227,20.54880400080845,943.4402145399098,0.0,36.667976589140856,1592.4390334618636,123.85955468664893,monoxido_carbono,449.56105033023545,0.14,13.5,1.22,1.03,62.2,60.061446716535144,11.57,24,44.4,35.1,0,0.19,Medio,Avanzar con precaución
Zona de escombros,24.47992042609375,21.33462093331097,945.8708163540904,0.0,23.6186380708605,2146.3564225262608,157.8176905047312,metano,169.05328171458834,0.2,0.6,3.83,0.27,82.4,38.33451508438771,11.32,24,27.1,43.9,0,0.32,Medio,Avanzar con precaución
Sector sur,20.79076573794758,36.36388951364746,940.4803407422622,0.0,15.079272950774048,2358.232737533128,70.25230786915058,sin_gas,372.0828812408045,0.61,13.4,0.88,1.09,39.7,60.061446716535144,11.69,24,44.4,62.2,0,0.21,Alto,Cambiar ruta o detenerse
Punto crítico,21.0184510918854,35.40661575414131,900.0,0.0,39.0710089907747,1975.1940669926419,152.26923184598397,metano,379.9034535501599,0.64,28.3,2.56,1.46,51.5,60.061446716535144,11.63,24,44.4,30.4,0,0.06,Alto,Cambiar ruta o detenerse
Sector sur,20.07037231630153,25.964548733431773,946.042290682728,9.4809,22.12686846388188,2170.195819371301,80.43935813461083,humo,325.2774894061198,0.24,19.0,2.22,0.16,96.1,60.061446716535144,11.97,24,44.4,61.6,0,0.18,Medio,Avanzar con precaución
Zona de escombros,21.59212844719972,34.55229871222214,942.2115655159008,0.0,65.58582621067693,1387.2015127481836,75.23379004239955,sin_gas,197.43326157214608,0.97,0.3,3.36,0.23,80.9,60.061446716535144,11.79,24,44.4,59.2,0,0.26,Medio,Avanzar con precaución
Habitación bloqueada,25.593028328584527,29.470520221190764,954.8423679008844,0.88885,48.86371683306386,1218.5281712068036,9.956762570729841,sin_gas,304.19210840826275,1.47,16.4,4.6,0.27,65.8,60.061446716535144,11.54,24,44.4,72.2,0,0.29,Medio,Avanzar con precaución
Sector norte,17.632684708852555,30.544690937917853,900.0,0.0,21.588772116299307,1224.6879175028557,126.6738077392968,sin_gas,20.09934562893828,1.45,10.2,4.74,0.7,37.8,71.91212913277211,11.94,24,53.9,57.5,0,0.26,Medio,Avanzar con precaución
Entrada,22.940258972836588,35.95741045104787,900.0,2.1925,18.72246433979937,1693.68090951391,146.31294189491902,monoxido_carbono,380.94789609395315,1.36,16.7,1.01,0.51,54.0,40.43666545531434,11.49,24,28.7,43.0,0,0.06,Alto,Cambiar ruta o detenerse
Zona de escombros,25.32012097781326,34.45789182360584,944.8831584687752,0.0,40.350588251817705,660.8970816671989,121.12246092274817,humo,49.79432416416946,0.85,14.2,1.46,1.23,81.9,15.0,10.69,24,8.4,54.4,0,0.13,Medio,Avanzar con precaución
Pasillo A,22.852656078820445,31.246964971586014,900.0,1.7152,41.70580311341492,1616.9377838595485,31.48816649359011,metano,198.37546289980085,1.77,32.6,4.1,0.76,85.6,71.83063892626404,11.87,24,53.9,73.6,0,0.3,Alto,Cambiar ruta o detenerse
Sector norte,21.73155971439817,39.081210562984005,900.0,0.0,23.475216685162817,1796.7790063858235,23.076356821712547,sin_gas,51.80939383248329,2.07,1.4,2.69,0.78,39.6,60.061446716535144,11.74,24,44.4,83.4,0,0.35,Medio,Avanzar con precaución
Zona de escombros,21.90152903365108,37.64616926068742,900.0,0.0,15.248956356257866,1321.7083544331015,105.25028153324442,gas_desconocido,418.53722290954727,0.87,23.9,2.37,1.1,73.0,60.061446716535144,11.83,24,44.4,40.8,0,0.03,Alto,Cambiar ruta o detenerse
Zona de escombros,22.86967036869647,22.84963741990192,947.2864199724676,1.3629,27.94909649843848,2401.6510712194513,75.26534448230534,amoniaco,275.1511967179796,0.21,29.8,3.61,0.61,27.6,69.04889950451128,11.84,24,51.6,55.3,0,0.03,Alto,Cambiar ruta o detenerse
Túnel estrecho,23.70167639783164,35.39894953013226,900.0,0.0,29.90877226853695,1677.247871997108,80.09211210997817,monoxido_carbono,345.4775600846362,0.74,33.6,3.09,0.59,21.9,74.39720485929483,12.12,24,55.9,62.4,0,0.26,Alto,Cambiar ruta o detenerse
Sector norte,19.57234031521796,27.413289296949085,934.1508034871208,0.0,60.268326533705,861.9988916969129,174.36504318002633,sin_gas,341.2910849213065,0.34,6.2,4.86,1.16,63.9,60.061446716535144,11.77,24,44.4,36.8,0,0.22,Medio,Avanzar con precaución
Sector sur,22.603423071795586,16.090203637831465,940.3233598057394,0.0,75.8046582168128,1406.354140610384,131.68646745878647,sin_gas,420.80311582925225,1.17,18.6,3.0,1.19,38.0,60.061446716535144,11.78,4,47.4,41.3,0,0.07,Alto,Cambiar ruta o detenerse
Punto crítico,24.282262577898354,24.971520162462813,945.9380143408706,2.42955,28.883528115923024,1818.3493179841173,77.06285436135742,amoniaco,66.28470167256734,0.39,1.5,2.44,0.12,26.3,60.061446716535144,11.4,24,44.4,63.9,0,0.22,Bajo,Avanzar
Sector sur,21.61593971713188,34.07069911739258,943.4650076091482,0.0,27.485823593313025,1079.6211616190058,8.342373972300106,monoxido_carbono,329.86407020244206,1.16,17.5,2.81,0.3,78.4,46.600453109378435,11.48,4,36.7,69.9,0,0.39,Medio,Avanzar con precaución
Entrada,19.29909855281533,37.31953704584215,900.0,0.0,30.142662154620183,567.2473732069486,10.966747124322296,monoxido_carbono,287.5670272018287,0.55,4.4,4.08,0.4,59.8,60.061446716535144,11.72,24,44.4,67.7,1,0.8,Bajo,Enviar alerta y continuar exploración
Punto crítico,21.407417690347827,45.19142184649269,900.0,0.88885,40.5333023039401,1625.2148328928586,124.84064673802483,sin_gas,15.448561285657691,1.85,29.3,3.14,0.59,83.7,62.1360581293822,11.86,4,49.1,53.2,0,0.19,Alto,Cambiar ruta o detenerse
Zona de escombros,20.81819532952362,33.05291287192853,945.9690043469868,0.0,26.744350496586183,2390.527354101328,151.60428291560868,monoxido_carbono,100.71145441140128,0.07,4.0,3.31,0.51,73.1,68.36493055418582,11.84,24,51.1,40.0,0,0.33,Medio,Avanzar con precaución
Punto crítico,23.47707792741629,36.76584977805533,948.9304087185456,0.0,35.838912298004885,1418.6511696826649,128.84796017119464,humo,133.7857706891104,1.39,18.0,4.86,1.04,78.4,56.9229251059931,11.64,24,41.9,53.6,0,0.09,Medio,Avanzar con precaución
Zona de escombros,20.977976824489573,22.71855853693668,948.196415977856,3.4304,21.650606258643748,2302.8290693587796,76.03035670582695,humo,36.278187714583076,0.42,18.2,3.17,1.26,44.6,60.061446716535144,11.84,24,44.4,72.3,0,0.17,Medio,Avanzar con precaución
Escalera colapsada,19.46930613823598,43.904075886441966,947.9701466301718,0.0,14.444662987738925,2153.5495355805574,10.448754137849672,sin_gas,177.35990294940075,0.0,34.0,2.03,0.37,41.1,60.061446716535144,11.98,4,47.4,71.9,0,0.22,Medio,Avanzar con precaución
Escalera colapsada,21.796241628911503,25.129939538209875,947.024996380988,0.0,24.37030333456104,709.566845631365,174.29528529116521,monoxido_carbono,13.601254357737847,2.17,22.9,3.52,0.89,68.1,52.45797759627157,11.4,22,38.7,51.0,0,0.21,Medio,Avanzar con precaución
Sector sur,20.023285295518264,37.80777694401234,944.110331768736,0.0,18.617789607173968,1887.1568358546988,177.60881087766518,monoxido_carbono,276.59174612886477,1.68,10.1,3.37,0.61,36.0,78.51487944345573,12.23,24,59.2,32.5,0,0.37,Alto,Cambiar ruta o detenerse
Pasillo B,18.90604907750511,26.02134017040085,944.1127584564308,0.0,38.62265209329546,1314.4776026511547,101.13879650274701,humo,105.75048028989364,0.25,8.4,0.27,0.81,85.2,57.369239167942375,11.89,24,42.3,65.5,1,0.93,Medio,Enviar alerta y avanzar con precaución
Punto crítico,23.67679205517521,21.49346604104953,900.0,0.0,21.22790412948985,925.5172830521675,17.367418821643476,amoniaco,143.50155275459932,1.66,4.5,2.44,0.97,61.8,60.061446716535144,11.87,24,44.4,70.2,0,0.03,Bajo,Avanzar
Sector sur,17.19794196677173,20.33562988452188,934.240083145683,0.0,33.53543099463121,1842.5705469000764,99.6701885350317,gas_desconocido,455.23581308564206,1.53,26.5,3.77,1.35,38.2,35.35355927995965,11.42,24,24.7,44.2,0,0.37,Alto,Cambiar ruta o detenerse
Escalera colapsada,18.08566525241813,20.77458288432345,944.3486968724242,0.0,33.40082136323289,1959.5875091784849,161.15923228864148,gas_desconocido,251.4084245617627,1.18,24.2,2.6,0.37,70.0,60.061446716535144,11.68,24,44.4,42.9,0,0.09,Alto,Cambiar ruta o detenerse
Punto crítico,20.40866792927536,40.28851087200572,900.0,0.0,9.959064908661771,777.7822693431615,123.99746427243737,sin_gas,134.50696562220793,1.05,21.3,3.94,0.22,95.6,60.061446716535144,11.95,24,44.4,48.4,0,0.16,Medio,Avanzar con precaución
Habitación bloqueada,21.71281600405488,29.33454481825567,900.0,1.3463,38.61484332031117,2320.333832318038,130.99811543072673,amoniaco,299.2308791240331,2.22,1.4,2.36,0.98,26.6,60.061446716535144,11.65,24,44.4,47.4,0,0.22,Alto,Cambiar ruta o detenerse
Sector norte,20.655389430912297,24.79410341292739,939.8867719658646,0.5333,8.61817447460259,1977.409212298026,19.869721550643625,monoxido_carbono,100.8357174337478,0.61,26.7,4.92,0.65,28.7,60.061446716535144,11.77,24,44.4,71.1,0,0.39,Medio,Avanzar con precaución
Habitación bloqueada,20.83683896813902,41.32743637739465,900.0,0.0,11.00041987245694,2360.088548198134,23.63953648056525,sin_gas,37.19784288209244,1.0,22.5,1.61,0.33,87.5,60.061446716535144,11.69,22,44.7,84.9,1,0.83,Medio,Enviar alerta y avanzar con precaución
Túnel estrecho,22.517536495836467,38.8171319176591,947.209040239494,0.0,9.196738685575829,1065.8537594037512,27.286035865779922,sin_gas,10.453177200134334,0.82,33.7,0.64,0.26,28.8,60.061446716535144,11.69,24,44.4,79.4,0,0.18,Medio,Avanzar con precaución
Escalera colapsada,23.8994366917115,22.04950365773833,900.0,0.0,44.30791716422875,2372.6035330602726,163.26594589067372,sin_gas,475.7645226881281,1.93,20.6,2.26,0.88,23.2,60.061446716535144,11.5,24,44.4,28.5,0,0.24,Alto,Cambiar ruta o detenerse
Entrada,23.46104095446318,26.279122400043384,946.1537197163966,0.0,24.17038407399135,1173.8870814605998,97.02368634616732,amoniaco,362.3054120715581,2.29,10.6,2.8,0.52,47.8,60.061446716535144,11.47,4,47.4,41.5,0,0.39,Alto,Cambiar ruta o detenerse
Punto crítico,20.886627317207683,26.596086314905723,948.8467143665928,0.5333,22.328444618152755,513.3364989975227,143.52564186877345,sin_gas,399.9740741461912,2.12,13.4,1.88,1.5,57.3,60.061446716535144,11.94,4,47.4,26.2,0,0.33,Alto,Cambiar ruta o detenerse
Zona de escombros,23.754546918708893,20.33188708599052,900.0,0.0,26.38119213489311,2002.2357162889489,25.17597047963004,humo,490.45886408941595,1.99,6.2,1.36,0.67,65.6,60.061446716535144,11.49,4,47.4,53.4,0,0.08,Medio,Avanzar con precaución
Zona de escombros,23.57475706222108,39.53085164282344,944.8569101485596,0.0,66.11280190307777,1877.3671025855158,167.33747346400412,monoxido_carbono,465.8143517067198,2.47,25.3,3.43,0.4,60.6,76.56241545245302,12.15,4,60.6,17.9,0,0.32,Alto,Cambiar ruta o detenerse
Sector norte,18.82091328486781,22.0721379391269,900.0,0.0,57.77095809559159,1655.6130837529981,148.69986601201177,monoxido_carbono,368.456599318758,1.74,24.8,2.01,0.98,93.1,60.061446716535144,11.57,4,47.4,42.4,0,0.34,Alto,Cambiar ruta o detenerse
Sector norte,21.918761998411973,45.32059453677931,944.1800702168224,0.0,10.164932664089052,1428.7768632067655,44.33372533568732,sin_gas,346.9935349096597,1.88,7.0,3.23,0.44,81.5,60.061446716535144,11.63,24,44.4,53.1,0,0.28,Medio,Avanzar con precaución
Entrada,22.878941215790213,24.62704910932101,944.1006146757314,0.0,23.19163637387613,467.5470676775259,157.98189082644186,metano,168.4249984676883,2.46,5.5,3.94,0.79,98.7,60.061446716535144,11.86,4,47.4,39.6,1,0.89,Medio,Enviar alerta y avanzar con precaución
Pasillo B,18.545252525436744,35.4405084321617,900.0,0.0,11.614736787345304,1711.6542281923241,51.10248289444162,metano,52.00862589755106,0.02,2.7,3.85,0.78,58.1,60.061446716535144,11.79,4,47.4,67.2,0,0.18,Bajo,Avanzar
Entrada,21.889225951041503,38.90886212872608,946.2041494327772,0.0,58.75381128690588,1275.3526919678666,40.93447888433489,sin_gas,286.861274183788,1.59,31.9,2.0,0.73,26.7,60.061446716535144,11.74,4,47.4,61.7,0,0.26,Alto,Cambiar ruta o detenerse
Zona de escombros,21.15903748046664,43.02461693049076,950.0640762086788,1.12585,35.282946216778235,1576.4397457559844,51.242688942137164,humo,288.12664754429613,1.85,8.2,2.93,1.21,96.4,60.061446716535144,11.93,24,44.4,68.7,0,0.3,Medio,Avanzar con precaución
Sector norte,23.41764543421013,27.55904071108187,941.4710065315952,0.0,39.42527500504868,1301.5748181320362,164.24213607270664,monoxido_carbono,476.118642707872,2.29,12.0,2.36,0.4,20.3,45.00810471553164,11.4,43,29.6,22.9,0,0.06,Alto,Cambiar ruta o detenerse
Escalera colapsada,22.2614733126455,29.21914319214993,941.8860815956556,0.0,5.736868522549382,2428.7178788069177,165.22859746510215,sin_gas,221.28540333085468,2.21,9.8,4.38,1.37,82.1,15.0,11.0,43,5.6,45.8,0,0.11,Alto,Cambiar ruta o detenerse
Zona de escombros,22.256388727402488,37.0597952136919,938.7998910581028,0.0,52.566476507555,1668.628692416779,62.57426057039454,humo,345.40381215303415,2.1,14.5,4.42,1.21,22.5,60.061446716535144,11.6,24,44.4,53.2,0,0.09,Alto,Cambiar ruta o detenerse
Túnel estrecho,23.182794397999736,20.79318908456993,950.723612262336,0.0,41.82055136377681,1973.396294265181,128.45098239154646,sin_gas,287.48531369836087,2.36,25.0,1.85,0.57,80.9,62.44323187567135,11.63,24,46.4,45.3,0,0.34,Alto,Cambiar ruta o detenerse
Sector sur,20.343150431758367,38.445151004230986,944.6940540757902,0.0,61.09114429464695,2366.328589689275,123.25541965373208,metano,88.38011455052464,1.34,30.5,0.64,0.35,95.0,39.01182816168905,11.3,24,27.6,61.7,0,0.28,Alto,Cambiar ruta o detenerse
Túnel estrecho,21.726195928125684,33.82311775279746,900.0,0.0,62.14774422119768,1642.3585781251534,146.14846062282058,monoxido_carbono,296.03215387745837,0.02,6.4,1.0,0.49,51.1,60.061446716535144,11.76,24,44.4,29.1,0,0.19,Medio,Avanzar con precaución
Sector sur,21.15452401111814,28.378426867306267,900.0,0.0,25.90417721355721,425.33128742704156,56.88916252487294,sin_gas,270.05835468141004,0.03,24.0,1.96,0.57,39.3,60.061446716535144,11.63,24,44.4,54.3,0,0.33,Medio,Avanzar con precaución
Punto crítico,23.994106805518093,37.53427312540513,900.0,0.0,38.60335675669847,472.01252445213896,94.27424483432033,monoxido_carbono,246.95299695467776,1.36,12.3,2.91,0.88,38.1,60.061446716535144,11.72,24,44.4,46.2,0,0.29,Medio,Avanzar con precaución
Túnel estrecho,24.78962061351424,40.03486512590427,900.0,0.0,46.4882746583839,1874.9107116139098,121.8429414264502,monoxido_carbono,256.7114668242374,1.09,34.3,3.35,0.16,59.3,68.98454525333986,12.15,24,51.6,40.9,0,0.37,Alto,Cambiar ruta o detenerse
Sector sur,23.081228752777328,43.24915677834059,948.1400325401344,8.11825,28.43090015088956,986.0787859176953,9.594943291733557,monoxido_carbono,81.99398597943525,1.13,10.5,1.79,1.38,33.7,60.061446716535144,11.7,4,47.4,79.7,0,0.04,Medio,Avanzar con precaución
Túnel estrecho,24.11613841627184,38.73190622374033,950.7741221824176,2.548,11.810636020057771,1616.6974274306924,70.92928043291707,sin_gas,231.7388656153339,1.0,0.3,3.4,0.24,73.8,60.061446716535144,11.47,43,41.6,57.6,0,0.21,Medio,Avanzar con precaución
Pasillo B,23.40575893889916,35.816264265224284,947.0290860609044,0.0,30.08552502945306,824.7820802904048,126.78046259374956,sin_gas,302.8266359107984,2.29,18.0,4.7,0.49,49.5,60.061446716535144,11.5,24,44.4,51.0,0,0.29,Alto,Cambiar ruta o detenerse
Sector norte,22.49217531396389,34.597057772554024,937.9415467518784,0.0,23.54349505482137,967.5226376295997,49.204141295848345,sin_gas,244.7245993427697,0.9,5.3,3.33,0.25,45.8,60.061446716535144,12.07,24,44.4,57.5,0,0.09,Medio,Avanzar con precaución
Sector norte,21.731618740388896,36.146443576173866,944.7753277696964,0.0,23.933746096453493,1459.746217490958,172.59821872613526,gas_desconocido,244.34309756307366,2.14,1.6,0.96,0.46,56.9,60.061446716535144,11.98,4,47.4,27.0,0,0.14,Alto,Cambiar ruta o detenerse
Punto crítico,21.75915570349488,22.11692483658455,900.0,0.0,54.30526074156701,2448.6958730477722,10.278240013696816,sin_gas,38.75885489649289,2.26,24.4,2.98,1.27,63.4,60.061446716535144,11.7,24,44.4,80.5,1,0.87,Medio,Enviar alerta y avanzar con precaución
Habitación bloqueada,22.807952542532245,36.38186751354116,944.3656274912896,2.0147,13.953646006518596,1694.1680273393024,172.665257827799,metano,95.38707600835983,1.25,25.6,2.8,0.96,31.4,50.016515543304855,11.67,24,36.4,33.5,0,0.32,Alto,Cambiar ruta o detenerse
Zona de escombros,21.39503271764816,44.07109713719357,950.755698932066,0.0,56.11358034735426,2365.9110194773484,42.93367690182001,humo,160.48634638775033,1.12,16.1,4.38,0.42,76.6,60.061446716535144,11.8,24,44.4,70.2,0,0.2,Medio,Avanzar con precaución
Pasillo A,22.88170420373353,27.854960565247453,950.7601683426128,3.3184,22.69402652861936,2414.69769421259,13.543857336939748,amoniaco,209.6734969629533,1.9,23.7,1.88,1.32,90.6,60.061446716535144,11.95,24,44.4,77.2,0,0.2,Alto,Cambiar ruta o detenerse
Pasillo A,24.029801443426145,38.848831933148354,936.027330112252,0.0,13.81183340001059,837.0309924830656,56.18295581412256,humo,296.96872192930215,1.77,18.8,2.23,1.22,42.2,60.061446716535144,11.6,24,44.4,51.7,1,0.86,Medio,Enviar alerta y avanzar con precaución
Zona de escombros,19.130153852458527,24.855958371422872,947.1319112587548,2.90355,35.289660077115215,1053.5065651847833,142.59940377578943,gas_desconocido,431.6725522615303,0.82,22.0,3.07,1.16,34.4,60.061446716535144,11.6,4,47.4,33.5,0,0.1,Alto,Cambiar ruta o detenerse
Punto crítico,23.52475885252885,27.59587675953851,949.8646952856864,0.0,30.419246339318324,2016.9837905592785,136.6773511284093,metano,79.58236904432697,0.26,20.9,2.72,1.29,80.8,60.061446716535144,11.96,4,47.4,49.0,1,0.79,Medio,Enviar alerta y avanzar con precaución
Punto crítico,23.77002770113829,36.30514510375658,950.7404499532375,0.0,43.49869379748816,2220.2044048118223,41.54707287398861,sin_gas,7.5440151053474676,0.66,23.3,3.65,0.97,34.7,57.381428560074674,11.48,43,39.5,81.8,0,0.13,Medio,Avanzar con precaución
Escalera colapsada,21.796480689988663,46.99157530056182,954.0702305414592,0.5333,38.42643864698264,1490.3761627980082,39.4382733785649,sin_gas,224.6185653879579,0.33,7.0,0.39,0.8,23.3,60.061446716535144,11.77,24,44.4,66.2,0,0.23,Medio,Avanzar con precaución
Sector sur,22.226551312286457,34.44697734523666,942.9856148272406,0.0,14.186924853392611,2485.774741289153,117.45148526579463,sin_gas,216.05144870581404,0.74,9.4,2.9,0.62,69.5,60.061446716535144,11.75,24,44.4,45.4,0,0.07,Medio,Avanzar con precaución
Túnel estrecho,13.701635777125407,41.45588129479484,946.7074216081998,0.0,36.118876768464105,424.30161738606756,85.16447069325284,monoxido_carbono,275.9506092475862,0.65,15.4,0.78,0.41,39.2,60.061446716535144,11.88,24,44.4,52.4,0,0.18,Medio,Avanzar con precaución
Punto crítico,19.939213730119697,24.450604210635856,950.1177021655094,0.0,25.69668223046969,1029.1445767289529,143.6507418329079,sin_gas,416.6108856857503,1.59,15.6,1.71,0.88,33.7,60.061446716535144,11.78,24,44.4,33.0,0,0.36,Alto,Cambiar ruta o detenerse
Escalera colapsada,21.985452507090223,44.629375212452125,900.0,1.24435,27.27925824529077,1708.6396828636177,9.223236271196878,amoniaco,401.18027549123894,2.39,27.1,3.38,1.35,98.5,71.3724904254904,11.98,24,53.5,71.6,0,0.4,Alto,Cambiar ruta o detenerse
Zona de escombros,26.749017298771943,40.89060114241618,900.0,0.0,12.803677302917256,1385.508812968714,111.82207563309994,sin_gas,50.0216422150056,1.71,12.9,0.96,0.93,43.3,60.061446716535144,11.7,44,41.4,56.7,0,0.15,Medio,Avanzar con precaución
Túnel estrecho,23.69374266803964,36.6891824098553,959.0708219385924,2.48875,24.920042569432205,644.8662295004816,132.8676021419783,sin_gas,466.99768333833686,2.32,5.7,1.68,1.39,92.3,60.061446716535144,11.61,24,44.4,25.3,0,0.07,Alto,Cambiar ruta o detenerse
Entrada,19.27364528803753,42.313915527262814,900.0,0.0,56.62929528285531,1172.3528795091836,178.84256960501708,monoxido_carbono,55.20719733722235,1.96,8.8,3.57,0.6,34.3,60.061446716535144,11.74,24,44.4,52.4,0,0.13,Medio,Avanzar con precaución
Punto crítico,20.62557406524362,34.32426404914268,943.4290003496072,0.0,36.27669940494262,453.439000919582,123.7867964914482,sin_gas,317.2852542671181,1.82,7.5,3.32,1.07,85.5,67.33967582542151,12.09,24,50.3,50.5,0,0.14,Medio,Avanzar con precaución
Pasillo A,19.46113181745424,40.27909363295471,949.948574975633,0.0,36.672909883296654,1749.7666967580867,45.5729023962441,amoniaco,336.20314679778784,1.04,25.6,0.64,1.01,60.2,60.061446716535144,11.72,22,44.7,69.4,0,0.26,Alto,Cambiar ruta o detenerse
Túnel estrecho,23.734789922676978,36.95413436450392,944.7096349548632,0.0,26.01017327482811,2274.7593402923458,23.932584104006786,gas_desconocido,339.93874361154406,0.81,16.5,2.97,1.04,26.3,60.061446716535144,11.97,24,44.4,58.6,0,0.2,Alto,Cambiar ruta o detenerse
Sector norte,22.0485971455556,46.49821985080332,949.3546384383824,0.0,18.1912972868353,2258.2356599452637,117.16043556271319,amoniaco,132.67558583769545,2.12,24.8,0.91,1.0,78.7,60.061446716535144,11.87,24,44.4,50.8,0,0.31,Alto,Cambiar ruta o detenerse
Escalera colapsada,24.444521525116752,31.5012548671894,900.0,0.0,22.767561249677883,1869.0433949076478,96.5570368156878,sin_gas,165.17254588249597,2.26,14.6,1.41,0.41,91.4,60.061446716535144,11.83,24,44.4,48.6,0,0.28,Alto,Cambiar ruta o detenerse
Zona de escombros,23.627945150193668,34.54438304336288,900.0,20.3238,52.60079032972344,1378.1174105456478,162.35042547787788,humo,274.33843757469845,1.13,31.1,2.4,0.3,33.0,62.1555873717234,11.78,24,46.1,34.0,0,0.11,Alto,Cambiar ruta o detenerse
Sector norte,23.64296107672794,43.82676125107678,900.0,1.16185,61.79428233131829,1475.2663992521284,132.15640370672313,sin_gas,99.79374790004918,0.02,34.4,0.72,1.47,78.0,78.64446080089527,12.06,24,59.3,52.7,0,0.32,Medio,Avanzar con precaución
Entrada,20.440525030116945,37.671952554592906,949.3172609403044,0.0,15.683470003800704,687.5295303908921,94.20492875745862,amoniaco,10.15523391667561,1.98,23.4,4.97,0.16,55.6,60.061446716535144,12.01,24,44.4,60.1,1,0.6,Medio,Enviar alerta y avanzar con precaución
Túnel estrecho,22.20935637165845,35.06454315375736,942.277629924798,6.99235,44.20409236838232,1116.1358955503265,75.62815738390083,sin_gas,281.07222725428784,0.71,30.2,0.99,0.75,80.3,60.061446716535144,11.88,43,41.6,63.8,0,0.24,Medio,Avanzar con precaución
Habitación bloqueada,21.538802434930894,30.643839706481803,900.0,0.0,35.94774071566376,794.2289585463747,75.76557242489355,sin_gas,232.63928600600363,0.02,17.8,3.95,0.7,77.1,60.061446716535144,11.74,4,47.4,61.8,0,0.37,Medio,Avanzar con precaución
Pasillo B,22.54828083141697,38.55371169422684,900.0,0.0,5.856819654193302,2124.5204270349045,44.60325007646605,gas_desconocido,328.36560311173105,2.01,32.7,4.18,0.6,22.1,60.061446716535144,12.02,24,44.4,63.1,0,0.32,Alto,Cambiar ruta o detenerse
Punto crítico,23.01944844559739,41.520960589792914,944.5206240144172,0.0,11.559410341514564,2320.9831928097155,8.032045057246986,metano,73.35028791682996,1.29,29.1,4.97,1.19,34.3,50.4864856741107,11.65,24,36.8,88.4,0,0.24,Alto,Cambiar ruta o detenerse
Pasillo B,21.39942273432451,45.43296555548348,900.0,0.0,23.04965085099085,1527.5388489822458,105.60935293624358,humo,420.4624472949257,1.71,34.7,2.26,1.14,57.7,60.061446716535144,11.55,24,44.4,45.1,0,0.36,Alto,Cambiar ruta o detenerse
Pasillo B,22.403716625785552,38.74420997756126,953.3060695817436,0.47405,25.955019135421367,1928.3044850771826,42.17257819156266,metano,73.11074423026365,2.29,21.8,4.4,1.37,94.7,58.19116818695598,11.66,4,46.0,84.2,1,0.83,Medio,Enviar alerta y avanzar con precaución
Zona de escombros,24.276705877602023,39.34745862335154,936.7670826836242,3.19985,75.59368906187161,655.0760189049677,41.45721060240726,humo,445.67180244001173,1.35,27.3,4.8,0.65,47.4,47.283063087215695,11.6,24,34.2,63.4,1,0.81,Alto,Enviar alerta y cambiar ruta
Pasillo A,23.06591429533789,21.585209598958564,952.3547554970188,0.0,41.15452685178841,1677.9227508822007,26.941715018384087,gas_desconocido,224.76058629785152,1.26,19.0,1.03,0.89,70.3,60.061446716535144,11.99,24,44.4,75.3,0,0.15,Medio,Avanzar con precaución
Túnel estrecho,25.18502278488166,21.549288168127102,943.095025183341,7.28485,34.002754097571234,1875.8611448934766,38.17921078092123,metano,274.9026296863474,0.73,9.1,2.5,1.35,21.0,60.061446716535144,12.12,24,44.4,60.8,0,0.35,Medio,Avanzar con precaución
Escalera colapsada,23.02036278857591,36.15755106702545,900.0,1.83695,74.38770947948832,1350.8130719739415,10.563101172149093,monoxido_carbono,448.2906679819944,0.76,12.4,0.49,1.49,76.9,60.061446716535144,11.77,4,47.4,71.3,1,0.89,Medio,Enviar alerta y avanzar con precaución
Zona de escombros,18.889235350191026,38.42491218973595,946.3448848756856,0.0,41.367748310609485,910.8734773884671,122.9905037059931,monoxido_carbono,149.95652423853352,1.99,31.3,3.18,1.46,68.2,60.061446716535144,11.85,24,44.4,54.8,0,0.19,Alto,Cambiar ruta o detenerse
Habitación bloqueada,24.322160499774625,31.44086930535724,943.7522379336108,0.0,10.782090786902218,2242.486493136922,75.2444953547215,humo,90.91349812057575,1.12,2.0,2.99,1.1,77.2,60.061446716535144,11.67,24,44.4,75.3,0,0.22,Medio,Avanzar con precaución
Sector norte,24.22357506208666,38.71737963761101,900.0,0.4148,5.134573696060643,1960.1083119028171,103.2668047853004,sin_gas,222.87581040972682,0.41,20.7,1.18,0.3,92.4,61.036314495029636,11.65,24,45.2,51.9,0,0.23,Medio,Avanzar con precaución
Habitación bloqueada,22.748289367590548,35.18458015669302,900.0,0.0,42.262374042337456,2289.7002918833095,116.46758315363992,monoxido_carbono,122.18361426385339,0.24,13.0,4.03,0.13,31.7,60.061446716535144,11.51,24,44.4,52.5,0,0.26,Medio,Avanzar con precaución
Escalera colapsada,21.42228093199769,36.15442602070137,951.813101567548,0.0,51.879904249290696,2118.645559745429,175.18479839832787,sin_gas,263.92195577015855,1.18,13.5,0.38,1.26,40.9,57.29051225270295,11.76,4,45.2,25.7,1,0.95,Alto,Enviar alerta y cambiar ruta
Punto crítico,18.71327543256133,38.25872967056944,900.0,1.7152,28.02249637365782,2479.7863021156113,16.946526524712674,sin_gas,137.62893222215823,1.16,31.0,4.07,1.28,99.7,60.061446716535144,11.95,24,44.4,72.5,0,0.11,Medio,Avanzar con precaución
Pasillo A,22.77120456991366,13.848168510503069,942.3081844550044,0.0,38.95655997778278,803.5627397503428,78.13559484550164,sin_gas,432.24476779772846,1.63,29.9,0.33,1.14,32.5,60.061446716535144,11.88,24,44.4,53.1,0,0.34,Alto,Cambiar ruta o detenerse
Pasillo B,25.22875071531501,40.97891365418142,900.0,0.0,23.53628963034759,582.1703123883456,48.03213836713418,monoxido_carbono,303.662296128863,1.18,21.0,3.35,0.49,77.7,60.061446716535144,11.77,4,47.4,70.1,1,0.75,Medio,Enviar alerta y avanzar con precaución
Sector sur,20.74087813380691,35.343035130448435,953.5837877180912,0.0,25.173848183245543,1107.7058618082428,88.42458807494248,humo,0.1203348714511332,0.36,9.6,0.58,1.0,78.0,56.2571317924695,11.86,22,41.7,74.8,0,0.34,Bajo,Avanzar
Punto crítico,22.80052524058479,36.020403169000616,900.0,0.0,6.808742416117335,670.9087675488437,166.08265260743042,metano,402.73686733991235,1.27,16.6,1.41,0.54,74.6,60.061446716535144,12.2,24,44.4,19.0,1,0.6,Alto,Enviar alerta y cambiar ruta
Sector sur,21.702304895278267,35.80664920868188,945.9959737786306,1.7152,53.81422557116709,1498.573237103071,131.69724641842646,monoxido_carbono,165.10616836307295,2.27,14.3,3.67,0.73,38.2,70.92323115138524,11.86,24,53.1,45.4,0,0.26,Alto,Cambiar ruta o detenerse
Zona de escombros,23.368530595395267,33.4747514535789,900.0,0.0,30.407150801369177,1729.3607013562591,120.84117763398133,monoxido_carbono,160.10399207747855,0.4,12.4,1.55,0.64,37.2,59.82734751600306,11.39,24,44.3,60.9,0,0.29,Medio,Avanzar con precaución
Escalera colapsada,23.968898695842697,32.156361163694406,953.8629692251408,0.0,55.09900264412984,1614.4060918641478,82.21802837545604,metano,191.5314060672337,1.72,3.6,2.65,1.38,73.3,60.061446716535144,11.81,24,44.4,67.1,0,0.16,Medio,Avanzar con precaución
Habitación bloqueada,23.003522034618648,37.4570053945747,943.190068039952,0.4148,20.36573610928553,944.4042843195673,122.44468721552627,humo,315.13126404204036,1.48,19.0,4.59,0.43,34.9,60.061446716535144,11.92,24,44.4,43.9,0,0.33,Alto,Cambiar ruta o detenerse
Habitación bloqueada,23.62075641045011,40.388758874928754,900.0,1.53075,61.56570443721915,2308.5304650344733,10.665691023021417,metano,221.0303551971115,1.87,10.6,0.44,0.91,72.9,60.061446716535144,11.53,4,47.4,82.1,0,0.01,Alto,Cambiar ruta o detenerse
Zona de escombros,23.96383481125188,36.027203867753336,942.2563440114624,0.0,36.6082969203932,444.46196384429476,107.59176760523152,sin_gas,314.3177732848512,0.38,23.1,4.09,0.61,59.4,39.46371437839473,11.45,24,28.0,41.3,0,0.24,Medio,Avanzar con precaución
Pasillo B,23.498855862840305,27.07956423757061,900.0,0.88885,13.34294856457756,1130.8280429033352,101.91089845486844,sin_gas,73.39036081789618,2.35,11.2,0.51,1.03,50.9,15.0,10.76,24,8.4,59.4,1,0.85,Alto,Enviar alerta y cambiar ruta
Pasillo B,23.267069645120504,39.92194432768738,959.65827839411,0.0,25.240636169602865,1909.884198335928,65.66207559355874,humo,485.0822322620429,1.55,15.1,0.81,0.89,44.0,15.0,10.87,24,8.4,47.1,1,0.95,Alto,Enviar alerta y cambiar ruta
Pasillo A,23.636631450282948,39.13327582032794,947.7626339854132,1.24435,32.1947538959801,2010.5507453332348,40.26497194921897,gas_desconocido,364.80314354193195,2.12,1.8,0.77,1.39,95.8,58.438601446542485,11.59,24,43.2,62.4,0,0.26,Alto,Cambiar ruta o detenerse
Zona de escombros,23.89519505107265,40.59750186593732,938.97994003335,0.0,46.71130068057442,1273.8489433069058,146.32222142487768,sin_gas,125.1035535891915,0.62,34.7,4.97,0.24,60.6,58.66083434318096,11.58,24,43.3,52.0,1,0.76,Medio,Enviar alerta y avanzar con precaución
Sector sur,24.325102505509413,32.36926840910608,945.893363417044,2.42955,26.72090010297614,435.5106078383709,14.425870029641883,sin_gas,362.08495403738794,1.85,17.8,1.06,0.41,64.9,60.061446716535144,11.6,24,44.4,66.5,1,0.88,Alto,Enviar alerta y cambiar ruta
Zona de escombros,22.99658987326924,30.209554974577024,900.0,0.5333,67.56124624208816,1697.8917261598485,17.19275127412786,metano,287.5127281308197,1.95,0.8,4.5,1.17,95.9,60.061446716535144,11.86,4,47.4,67.0,0,0.14,Medio,Avanzar con precaución
Pasillo A,24.2064046439574,27.45548674782239,900.0,0.0,23.60885249038027,532.498830484753,82.09130519722565,amoniaco,54.594498201757325,0.99,18.9,4.96,0.62,72.3,60.061446716535144,11.67,4,47.4,69.3,0,0.19,Medio,Avanzar con precaución
Escalera colapsada,24.169628139235414,47.42461104356551,955.741503468833,0.0,31.32097755434931,626.4971299223804,49.19704579650588,monoxido_carbono,89.09821339406304,0.96,30.5,2.04,0.33,96.6,60.061446716535144,11.8,24,44.4,73.1,1,0.66,Medio,Enviar alerta y avanzar con precaución
Entrada,20.463685944725245,36.07395452962236,940.3671373550834,0.0,49.08637014600289,1765.526511256999,135.45417236372856,gas_desconocido,20.65407096073241,1.64,27.0,3.23,0.8,28.5,60.061446716535144,11.77,24,44.4,48.3,0,0.19,Alto,Cambiar ruta o detenerse
Pasillo A,21.29622770093345,35.791481644145,900.0,0.0,32.928518083856765,1056.225484899995,115.98326346120842,humo,404.61903583734056,0.23,24.5,3.94,1.01,87.7,60.061446716535144,11.58,4,47.4,47.8,0,0.25,Medio,Avanzar con precaución
Zona de escombros,20.09847360480502,36.29974818127476,944.6584159352544,1.1851,12.0410672283215,1130.863320687331,140.1935893221605,humo,275.8523762976175,1.84,4.9,2.08,0.16,46.8,76.27197136760765,12.11,22,57.7,40.3,0,0.34,Alto,Cambiar ruta o detenerse
Sector norte,24.285619377086096,23.049242860423348,900.0,0.0,55.224139607312665,1422.2948616648114,61.81881735911519,monoxido_carbono,158.37432432510596,0.11,23.0,0.98,0.51,84.8,60.061446716535144,11.8,4,47.4,69.7,0,0.2,Medio,Avanzar con precaución
Punto crítico,27.887721012148248,36.83096134556136,935.2358384867126,0.0,31.93697810108173,2455.014629204685,134.5908144331268,sin_gas,63.17245101410002,0.48,26.8,2.28,1.23,88.5,60.061446716535144,11.92,4,47.4,49.1,1,0.83,Medio,Enviar alerta y avanzar con precaución
Pasillo B,18.89905250202108,23.19619899369911,943.1432317602844,0.0,23.84267346857455,2427.4286635512917,155.9030663046198,amoniaco,242.0229379801896,1.66,20.0,3.91,0.83,41.7,60.061446716535144,11.99,24,44.4,48.5,0,0.2,Alto,Cambiar ruta o detenerse
Pasillo A,24.84998353974661,36.27699979054297,945.636348769888,1.83695,34.24429971049014,1274.1480986561578,65.42303652325005,metano,262.6306733589694,0.25,31.2,3.95,0.15,52.7,62.00314239236929,11.65,24,46.0,57.1,1,0.86,Medio,Enviar alerta y avanzar con precaución
Pasillo B,21.38040352999173,44.824539017375976,940.84645393145,0.0,39.94092665284373,957.5483561583926,64.48176870332084,sin_gas,350.97425049025264,2.43,9.7,1.31,0.49,78.1,60.061446716535144,11.81,4,47.4,64.3,0,0.15,Medio,Avanzar con precaución
Escalera colapsada,20.987975878223445,26.727247416836576,900.0,0.0,69.18672067375617,1035.4435205946431,162.4914956836246,sin_gas,484.96860522354575,2.17,8.5,1.04,0.99,27.9,54.542235614136246,11.31,24,40.0,33.8,0,0.17,Alto,Cambiar ruta o detenerse
Punto crítico,23.80832582416052,27.11733731789621,954.6668998787568,0.0,19.379082097724247,964.4407261393686,13.713294307849099,monoxido_carbono,217.47276520368735,1.57,30.4,4.62,0.38,80.4,60.061446716535144,11.89,24,44.4,71.2,0,0.23,Medio,Avanzar con precaución
Punto crítico,20.87565545097928,44.71161604500288,943.4086297767536,0.47405,67.1471803983261,1517.7161949977394,66.28314600289775,monoxido_carbono,203.01710329718463,2.05,21.9,0.41,1.26,28.8,60.061446716535144,11.93,22,44.7,60.5,0,0.12,Alto,Cambiar ruta o detenerse
Sector norte,24.30632420004829,41.06380625579607,958.7754012284188,5.93855,74.90398237363172,1674.4055963819499,25.767686112565713,monoxido_carbono,184.96500229506125,2.22,0.1,3.73,1.05,93.2,60.061446716535144,11.36,24,44.4,66.4,0,0.09,Medio,Avanzar con precaución
Habitación bloqueada,22.423374837521635,39.43544257685238,900.0,0.0,42.367756108394914,1426.4367152822988,10.071603293745842,sin_gas,413.46195448343053,0.65,12.4,0.42,0.76,42.1,60.061446716535144,11.71,24,44.4,66.4,0,0.06,Medio,Avanzar con precaución
Túnel estrecho,16.52757758734968,36.8438909540613,940.3257021277756,0.0,21.266822558166847,1256.7881607211198,24.75214808819387,monoxido_carbono,78.15861069961893,2.12,30.0,4.22,1.38,66.0,60.061446716535144,11.63,24,44.4,79.3,0,0.15,Medio,Avanzar con precaución
Pasillo A,21.861755705909864,23.94674099128541,945.6323617586318,12.6149,16.426936031599546,843.6985788968693,80.46801345654846,sin_gas,171.9064518175447,0.49,1.0,4.55,0.65,29.4,75.8023696912475,12.04,24,57.0,57.1,1,0.62,Medio,Enviar alerta y avanzar con precaución
Pasillo B,23.39432961753164,32.13834857219361,947.470870522896,1.53075,72.72297302501353,1413.2617419024382,125.21731211486338,monoxido_carbono,362.4854024376954,1.03,0.1,1.63,0.43,41.6,60.061446716535144,11.68,4,47.4,44.1,0,0.24,Alto,Cambiar ruta o detenerse
Escalera colapsada,21.02753279295635,27.937400713159004,953.5228358746302,1.3629,24.63420552837711,1116.3156989851618,55.624424277343515,metano,7.8474676712232405,1.4,9.8,0.55,1.03,52.3,60.061446716535144,11.75,4,47.4,85.0,0,0.08,Medio,Avanzar con precaución
Zona de escombros,23.879876477962164,31.01628350053023,900.0,0.0,40.07421592133973,1537.35047187652,153.69317879519681,humo,144.69036180284732,1.78,32.0,2.51,0.9,59.0,60.061446716535144,11.91,24,44.4,49.7,0,0.16,Alto,Cambiar ruta o detenerse
Sector sur,23.861561111653767,41.30385217938949,939.54316965216,0.0,73.4330636568143,1817.8977725744103,81.58273502921125,amoniaco,320.7235813773549,0.08,31.6,1.63,0.57,20.0,60.061446716535144,11.71,24,44.4,58.8,0,0.11,Alto,Cambiar ruta o detenerse
Sector sur,19.628852241073613,37.35709923351383,952.0635946069988,0.0,50.5888018010062,1729.9555663168821,174.43990891830512,amoniaco,92.97604900040236,0.73,18.2,2.2,0.58,91.1,74.81903626016887,11.92,4,59.3,45.0,0,0.26,Medio,Avanzar con precaución
Punto crítico,21.47235166994247,32.998884310084634,950.1919262212236,1.16185,15.98493820539758,1371.229441851746,171.9772421526475,amoniaco,151.3552845621356,1.52,19.4,3.39,0.66,20.6,60.061446716535144,11.73,24,44.4,30.6,0,0.34,Alto,Cambiar ruta o detenerse
Zona de escombros,21.04083239987357,36.66797767486808,950.1341556571532,0.0,18.56608599665069,1567.710090987918,140.32333896669263,monoxido_carbono,243.0225372416146,0.89,11.6,1.21,0.51,81.9,60.061446716535144,11.72,22,44.7,36.7,0,0.26,Alto,Cambiar ruta o detenerse
Entrada,22.11580060120339,21.18385672657368,950.1933889127208,3.0813,17.447154778076758,998.1978750175954,168.17096182565817,sin_gas,211.01178298484356,1.94,8.5,1.91,1.09,57.6,66.83517144308166,11.89,4,52.9,28.7,0,0.22,Alto,Cambiar ruta o detenerse
Habitación bloqueada,24.092793196762383,34.49963993693334,953.3782925782408,0.0,23.795827295234023,450.90454394701834,128.74181332819452,monoxido_carbono,53.01359497768943,1.63,28.5,3.96,1.01,61.9,56.14983386145407,11.58,24,41.3,45.2,0,0.27,Alto,Cambiar ruta o detenerse
Túnel estrecho,20.74270676979024,30.696903433432205,944.701482594336,2.13325,9.96772238342507,1712.5408537530186,161.72705824845673,metano,469.1176611278163,0.59,3.7,3.29,0.72,36.7,67.50639710098947,11.97,24,50.4,27.4,0,0.02,Medio,Avanzar con precaución
Pasillo A,22.99590569289388,31.648629061454866,900.0,0.0,18.743645330916745,930.3939741891426,46.38290053910364,metano,22.146360291046385,0.36,17.1,1.77,0.66,68.6,60.061446716535144,11.96,24,44.4,82.8,0,0.06,Bajo,Avanzar
Entrada,19.11161223333022,35.627343083387146,941.19457319792,0.0,30.99240474088333,1804.8027911433765,65.44853503093975,metano,374.87137821140897,1.57,22.2,3.39,0.61,63.0,75.55153476476444,11.9,24,56.8,53.7,0,0.05,Alto,Cambiar ruta o detenerse
Escalera colapsada,19.4856629071018,38.22615280682832,900.0,1.30365,11.379569356591562,1968.7178491536147,136.76276155085077,humo,35.711385545578736,1.13,3.6,3.87,0.5,33.1,60.061446716535144,11.83,4,47.4,46.4,1,0.77,Medio,Enviar alerta y avanzar con precaución
Pasillo A,25.486443488701774,23.75603290597704,946.840418412569,0.0,16.659022948771916,2323.4482668179403,79.2982166861475,sin_gas,233.64790151253968,0.42,18.2,3.04,0.22,39.0,59.73596199721703,11.9,24,44.2,59.2,1,0.63,Medio,Enviar alerta y avanzar con precaución
Sector sur,20.98948860909951,37.4444991692357,900.0,0.0,28.082231424606565,2412.0578705071875,151.53230091929063,sin_gas,87.70564582770551,0.82,20.2,1.35,0.48,25.4,60.061446716535144,11.7,24,44.4,47.6,0,0.22,Alto,Cambiar ruta o detenerse
Pasillo B,21.76802104116033,21.43089403940299,900.0,0.0,13.737444763276509,422.104697250373,158.58680252786064,gas_desconocido,70.54889821446264,0.76,26.0,0.2,0.55,25.3,57.38457667298391,11.89,24,42.3,54.1,0,0.05,Alto,Cambiar ruta o detenerse
Túnel estrecho,20.932942518377047,43.92567096525887,938.9323278730463,0.0,21.622656850880336,2479.7858396447386,57.45265982616185,humo,62.948988270862536,0.27,8.2,4.05,0.87,21.1,69.96598750307645,11.96,24,52.4,74.1,0,0.37,Medio,Avanzar con precaución
Habitación bloqueada,19.51240843209725,34.12192614717343,941.2860799472776,0.0,26.42960254518284,1834.338468837738,149.10389143317536,sin_gas,226.39331834767117,1.37,10.3,4.15,1.18,37.6,60.061446716535144,11.59,24,44.4,43.7,0,0.34,Alto,Cambiar ruta o detenerse
Zona de escombros,23.09916951076821,44.03732031954571,947.028040269195,0.47405,32.62503289779316,1751.4007367857973,31.996247436401262,humo,257.74245469364615,1.91,19.9,3.55,0.65,74.4,72.18245617800027,11.83,22,54.4,72.1,0,0.39,Medio,Avanzar con precaución
Zona de escombros,20.81636668990129,36.49015810822024,941.2119224761036,0.0,22.94511999949995,431.94749991024634,63.484424518948586,sin_gas,66.69224677141995,1.44,34.4,0.57,1.42,45.3,56.385416599763225,11.8,24,41.5,63.0,0,0.03,Alto,Cambiar ruta o detenerse
Zona de escombros,21.91586395348748,50.29342450650736,934.1758383493136,0.0,38.53614457595455,2208.5901649621487,95.64386644624307,amoniaco,489.69786513311976,2.07,7.6,3.01,1.26,47.4,78.60322935337288,12.25,24,59.3,50.4,0,0.34,Alto,Cambiar ruta o detenerse
Sector norte,24.003869573876337,36.59249385184245,948.4615330379764,0.0,57.69425185593581,705.5320392204353,44.62765836818113,monoxido_carbono,128.88294343111156,0.32,34.5,4.14,1.48,30.6,60.061446716535144,12.0,44,41.4,63.0,0,0.32,Medio,Avanzar con precaución
Habitación bloqueada,23.93457556100513,35.797283737953826,900.0,0.0,62.82237186167527,2158.3933232593863,106.37187017565988,monoxido_carbono,229.4206698013916,1.09,25.0,2.07,1.33,66.0,60.061446716535144,11.86,24,44.4,61.8,0,0.36,Alto,Cambiar ruta o detenerse
Escalera colapsada,20.15997485057028,37.91545170876244,937.3691232150254,0.0,58.8289563569173,432.6813471433036,106.27163877558816,amoniaco,108.13477880095401,1.52,28.9,1.15,0.96,47.4,60.061446716535144,11.75,24,44.4,49.1,0,0.22,Alto,Cambiar ruta o detenerse
Sector norte,20.839624514505413,20.73608178332452,900.0,0.0,28.884568183848987,1756.5249512482387,41.208006598908504,sin_gas,246.96132272477277,1.69,3.1,3.02,0.94,74.1,60.061446716535144,11.83,24,44.4,66.4,1,0.69,Medio,Enviar alerta y avanzar con precaución
Pasillo B,20.87711158650096,21.06976672614533,948.7152118670112,0.0,4.410966074283731,1313.0832209166383,144.23723535495492,sin_gas,378.008291232591,1.74,10.5,4.17,0.28,79.3,60.061446716535144,11.77,24,44.4,31.0,1,0.87,Alto,Enviar alerta y cambiar ruta
Pasillo B,21.393022439711697,40.56849631378968,948.5426119363574,0.0,36.860458900471286,821.6101310246038,115.53778564701196,monoxido_carbono,260.5510071472476,1.82,2.0,0.43,1.11,66.8,60.061446716535144,11.71,24,44.4,54.3,1,0.61,Medio,Enviar alerta y avanzar con precaución
Pasillo A,23.62108754527877,22.04089260097524,900.0,0.0,22.43115228974141,625.8789227179116,60.608088694367,sin_gas,142.8244353590276,1.63,13.0,3.07,0.94,42.1,54.79635420449899,11.57,24,40.2,64.6,0,0.06,Medio,Avanzar con precaución
Sector norte,20.69683121458939,38.59506452718114,900.0,0.0,25.826621605865768,1324.2681627472855,45.63233710730108,gas_desconocido,124.19830436696905,0.24,34.3,3.29,0.81,60.7,41.63975719523953,11.12,4,32.7,64.7,0,0.37,Medio,Avanzar con precaución
Pasillo A,22.82697939483831,17.408434101498493,900.0,0.0,36.84565274676636,658.942191174992,158.78127429603637,metano,379.4672031135267,1.74,3.7,3.09,1.07,40.2,61.49556660425859,11.68,24,45.6,38.5,0,0.03,Alto,Cambiar ruta o detenerse
Punto crítico,21.303934487383263,46.777419543487945,945.4214317718712,0.5333,20.06482546850496,1421.5378845511998,151.2548929143142,sin_gas,59.11908786313164,1.81,19.7,3.32,0.72,92.2,59.8275677111473,11.75,24,44.3,56.7,0,0.05,Medio,Avanzar con precaución
Escalera colapsada,21.175412614382864,29.48741779711936,900.0,0.0,60.96815186725007,1712.9558231709898,45.208118099717105,monoxido_carbono,184.98324720293473,2.48,0.2,3.23,0.83,81.3,60.061446716535144,11.36,44,41.4,73.4,0,0.37,Medio,Avanzar con precaución
Punto crítico,23.11819752523052,27.92888211723605,946.219004811641,0.0,47.37832058389736,2137.506806575452,11.230914640389035,sin_gas,75.74135832694267,1.73,24.9,0.83,0.66,59.4,60.061446716535144,11.68,24,44.4,90.2,1,0.6,Alto,Enviar alerta y cambiar ruta
Entrada,21.98193075520181,36.23349552937522,900.0,0.0,32.03160271493014,1825.16381808402,145.79320425504667,sin_gas,128.98791464724096,1.72,6.9,1.33,1.1,97.2,57.27686425866256,11.84,22,42.5,54.9,1,0.69,Medio,Enviar alerta y avanzar con precaución
Pasillo A,25.93935753893756,20.43001805085001,952.7866308292162,0.0,75.46772340454905,536.919510082916,112.71399717138254,metano,76.34161624247609,1.29,4.5,3.17,1.33,63.7,60.061446716535144,11.96,24,44.4,54.4,0,0.32,Bajo,Avanzar
Entrada,20.373924014075914,40.5316207772546,949.9013981938938,0.0,60.79623546275763,1045.6083183504581,22.654354909355447,gas_desconocido,443.3862542712134,2.17,11.8,0.28,1.28,46.3,44.00339185303695,11.34,24,31.6,67.9,0,0.03,Alto,Cambiar ruta o detenerse
Pasillo A,20.874511603170976,35.23094768396138,948.2145119148612,2.07395,32.92717679241975,1004.7550766582508,107.78768608830664,metano,365.95209950651594,2.49,27.0,3.25,1.2,27.6,76.30716893965267,12.02,22,57.7,41.4,0,0.02,Alto,Cambiar ruta o detenerse
Escalera colapsada,23.520016397615752,38.87677375331415,940.5064367578022,0.4148,11.04358053329844,2321.568089289277,84.13196993829649,sin_gas,280.46362302213066,1.95,3.7,3.39,0.12,63.5,60.061446716535144,11.65,24,44.4,47.7,0,0.22,Alto,Cambiar ruta o detenerse
Entrada,23.834517681491,34.1610465846319,947.7827384883468,0.0,3.5515012178224,2222.342293224803,140.54630730789603,metano,112.21261124776655,1.53,8.0,1.35,1.38,88.8,29.30893647044209,11.03,43,17.0,46.2,1,0.84,Alto,Enviar alerta y cambiar ruta
Sector sur,26.21715424044588,33.54124142906183,943.466671100838,0.5333,35.57884596459716,1177.3106285358756,41.58984737777775,sin_gas,255.11341359959744,0.2,0.3,3.07,0.48,89.3,60.061446716535144,11.93,24,44.4,74.5,0,0.35,Bajo,Avanzar
Entrada,22.788441159960225,47.50409338293312,933.2837466272796,0.0,13.31978364460381,549.4260373534203,84.30243025337964,sin_gas,260.4166032237862,1.82,33.9,2.76,1.34,68.4,50.031576161482924,11.8,43,33.6,54.4,0,0.13,Alto,Cambiar ruta o detenerse
Pasillo B,20.848943735253187,24.90318998184569,945.8316855820592,0.0,47.137865044584025,2277.62536738994,32.34271999408543,humo,295.2018628269531,1.77,20.7,1.45,0.38,51.5,60.061446716535144,11.51,24,44.4,69.3,0,0.16,Alto,Cambiar ruta o detenerse
Pasillo A,23.90025390104735,34.59240429841078,900.0,0.0,18.52319546202778,2265.198901224793,172.56726486689817,gas_desconocido,30.042578611365723,1.94,25.2,2.42,0.72,72.0,46.18305220621649,11.35,24,33.3,48.5,0,0.16,Alto,Cambiar ruta o detenerse
Pasillo A,21.582524435271385,40.16520358955218,945.4354602365212,0.0,23.965814927681503,2194.9668772645227,141.2791774619037,sin_gas,486.45098559835316,0.31,22.8,4.57,1.15,81.0,71.4290171931242,11.72,4,56.5,34.0,0,0.3,Alto,Cambiar ruta o detenerse
Escalera colapsada,20.061229204106848,34.07573809471928,941.623422253057,2.78505,41.54782019338381,2174.6714392445533,133.9264246377444,monoxido_carbono,232.71948530016158,1.63,5.1,2.25,1.0,52.9,60.061446716535144,11.76,24,44.4,36.3,1,0.82,Alto,Enviar alerta y cambiar ruta
Túnel estrecho,17.99957136112174,35.86204462878213,942.5168437667658,0.0,42.70267872770114,1408.5334022809247,125.78616637864035,gas_desconocido,463.2658870495516,0.74,20.8,3.22,0.68,58.1,58.543916958524136,11.66,24,43.2,30.5,0,0.07,Alto,Cambiar ruta o detenerse
Pasillo B,24.788647594187285,35.63188256357404,940.406557688056,0.0,34.4225440089052,772.6064697241563,79.0838774316168,sin_gas,4.9040573569881785,1.9,4.6,0.37,1.05,74.4,57.38457667298391,11.76,24,42.3,77.3,0,0.3,Medio,Avanzar con precaución
Sector sur,22.908381153726857,21.971363253608946,949.0968568809724,0.0,27.5734048526626,1402.7249059710982,166.57442274805032,sin_gas,123.77919781765445,0.6,14.0,0.57,0.87,90.1,60.061446716535144,11.86,24,44.4,42.6,0,0.19,Medio,Avanzar con precaución
Punto crítico,25.78938520321388,43.74393294781245,945.8087420481448,0.0,32.48829244206763,1438.6553184058762,17.760477087225944,humo,51.99778515666781,1.71,19.9,0.59,0.49,83.3,60.061446716535144,11.84,4,47.4,86.6,0,0.04,Medio,Avanzar con precaución
Pasillo B,22.41057414116259,39.500729518793776,900.0,0.0,37.027327806602585,1428.8566818142076,145.57033754381658,amoniaco,384.8080886773858,0.74,19.6,3.94,1.0,21.8,60.061446716535144,11.51,4,47.4,24.8,0,0.32,Alto,Cambiar ruta o detenerse
Punto crítico,24.512054334201167,35.62182163302339,900.0,0.0,23.00889362699849,1531.4224308417438,42.66572811850322,sin_gas,160.06252479735562,0.02,4.2,1.88,0.39,29.9,60.061446716535144,11.76,24,44.4,61.8,0,0.24,Medio,Avanzar con precaución
Sector norte,19.829496731786527,39.87030691676432,900.0,1.16185,25.701124278709383,941.0797482814257,61.7048922359234,metano,420.2462542078735,1.58,1.2,1.29,1.07,88.2,60.061446716535144,11.51,24,44.4,57.2,0,0.2,Medio,Avanzar con precaución
Túnel estrecho,24.53524159392744,19.622844076217444,943.2505486474424,0.0,21.35225758278779,1169.1064803805916,95.90020256927896,sin_gas,416.1926828579285,0.28,27.9,3.79,0.1,86.7,58.66083434318096,11.99,4,46.3,48.2,1,0.94,Medio,Enviar alerta y avanzar con precaución
Pasillo B,21.53538157217836,38.40801810319325,900.0,0.0,31.30852496265649,1311.791843123286,141.96462693472643,metano,333.8973964032849,1.65,25.4,1.02,0.87,51.1,60.061446716535144,11.71,24,44.4,35.8,0,0.21,Alto,Cambiar ruta o detenerse
Habitación bloqueada,20.86848292943373,22.355548227265164,947.1201570701955,0.0,17.33612718990673,675.3545399846497,151.74360883940392,amoniaco,332.8909017719885,2.31,2.9,1.38,0.66,66.7,60.061446716535144,11.56,24,44.4,35.8,0,0.26,Alto,Cambiar ruta o detenerse
Sector sur,20.79569456259644,34.76363316605971,948.7099794219524,4.08875,16.64214679993708,1356.264682579151,107.15314377802186,monoxido_carbono,350.0798460365675,2.42,4.5,2.27,0.52,92.5,62.588581120431726,11.73,24,46.5,51.4,1,0.91,Medio,Enviar alerta y avanzar con precaución
Habitación bloqueada,24.590265427600308,23.4143059086712,900.0,0.0,39.56322818419543,2101.986195846145,75.53121056356991,monoxido_carbono,336.88191731488723,0.59,31.2,1.79,0.82,92.9,60.061446716535144,11.79,24,44.4,51.1,1,0.97,Alto,Enviar alerta y cambiar ruta
Pasillo A,16.923813966940966,42.54833527999922,949.5547458621076,0.0,47.56967037440607,2138.92503973904,170.63792374556175,sin_gas,193.45417884217454,2.02,26.9,3.01,1.0,82.6,60.061446716535144,11.87,22,44.7,41.0,0,0.27,Alto,Cambiar ruta o detenerse
Túnel estrecho,18.91376692876701,40.63123660789061,959.8753251028174,0.0,22.11060883843684,1264.2839209921635,48.14122677188946,sin_gas,341.41382228427295,0.88,34.9,1.82,1.45,36.8,73.22312410060894,12.23,24,55.0,57.8,0,0.25,Alto,Cambiar ruta o detenerse
Entrada,18.94159844685043,42.058187699934585,953.6311477331552,0.0,28.40121415865081,1489.4974553771424,145.5415507791112,sin_gas,448.7034845961793,2.25,8.9,2.09,1.27,78.4,60.061446716535144,11.77,24,44.4,33.5,0,0.22,Alto,Cambiar ruta o detenerse
Pasillo B,22.98411076188867,48.527959481507885,946.15311377035,0.0,31.65863353921096,470.66569748361894,112.10868375342682,humo,166.28674593831184,1.97,17.1,4.34,1.1,28.1,71.89955776819882,11.96,24,53.9,49.7,0,0.08,Alto,Cambiar ruta o detenerse
Escalera colapsada,21.419719475631425,24.79381168353451,942.4221456766332,0.0,40.42005086639109,1816.3083685840536,70.9566279549124,monoxido_carbono,472.44451310747684,0.18,8.3,4.45,0.77,91.5,60.061446716535144,11.86,24,44.4,45.3,0,0.14,Medio,Avanzar con precaución
Sector sur,24.71291247032051,21.934314756470968,900.0,0.0,24.415471675214,1249.6723541884126,5.23939726361894,sin_gas,6.790793949384866,1.02,21.8,4.17,0.65,31.9,74.21690386526322,12.16,4,58.8,88.2,0,0.28,Medio,Avanzar con precaución
Escalera colapsada,23.681891655076768,26.811437825517,959.7689014348592,0.0,69.64599815465036,1335.5031344750262,83.1548777360097,metano,174.5412691326186,0.84,4.0,4.35,0.15,73.0,60.061446716535144,11.78,24,44.4,56.4,0,0.18,Medio,Avanzar con precaución
Pasillo A,21.01021545740456,32.111889357956905,900.0,0.0,44.2160014325382,2234.712727077506,53.42599956990237,humo,66.0492008643701,1.96,4.5,2.93,0.6,68.8,60.061446716535144,11.88,24,44.4,74.1,0,0.17,Medio,Avanzar con precaución
Pasillo B,23.50868561605192,35.29019651847278,953.5061003097968,0.0,28.88586353835058,1369.8523125772776,23.260657331973107,monoxido_carbono,63.30991452251183,1.03,2.5,3.3,1.29,82.2,15.0,10.72,22,8.7,88.7,0,0.31,Medio,Avanzar con precaución
Pasillo B,21.01357697712927,34.07453831435421,900.0,0.0,64.50376088497772,444.5037170784908,18.152748934164848,sin_gas,407.71474700578415,1.71,24.3,2.87,0.64,64.1,43.21470137938495,11.4,24,31.0,71.4,0,0.01,Alto,Cambiar ruta o detenerse
Sector sur,23.412232522425413,35.79099755823727,933.0847323294432,1.16185,35.98924321020809,877.7308708250309,65.82270727953033,sin_gas,459.1841573750615,1.51,17.3,3.97,0.75,24.8,70.27016323414868,11.67,4,55.6,55.7,0,0.27,Alto,Cambiar ruta o detenerse
Sector norte,21.17970953160232,39.9825049175767,900.0,0.0,23.791454078699267,1398.8032900473438,112.5825430296135,sin_gas,388.8791271164928,2.44,21.6,2.84,0.48,76.5,60.061446716535144,11.97,24,44.4,51.1,1,0.7,Alto,Enviar alerta y cambiar ruta
Sector norte,21.64927389591583,24.88534664632332,951.557163888509,0.5333,16.949529719980312,1291.232214771925,151.5658801888354,humo,488.3078594962799,2.34,30.8,0.73,0.48,50.7,60.061446716535144,11.69,24,44.4,23.5,0,0.16,Alto,Cambiar ruta o detenerse
Escalera colapsada,21.49222704237929,35.272204935633006,900.0,0.0,41.166974821558405,2206.7772882890094,37.123567865782206,monoxido_carbono,108.16448508313536,1.07,25.9,4.09,0.19,45.6,72.72195491194257,12.24,24,54.6,78.0,0,0.14,Alto,Cambiar ruta o detenerse
Escalera colapsada,22.588054457034755,37.08559123227454,900.0,0.0,29.75753568564013,1538.48876954295,79.31269497908369,amoniaco,70.39995610484523,1.81,16.2,3.85,0.96,99.3,60.061446716535144,11.66,24,44.4,74.8,1,0.97,Medio,Enviar alerta y avanzar con precaución
Túnel estrecho,19.63333228810384,45.09610105280026,949.0534717853694,0.0,35.57004974542436,1848.2350580217542,73.59232452487663,humo,260.35189101980677,2.07,34.5,4.14,0.73,67.2,60.061446716535144,11.81,4,47.4,52.2,0,0.14,Alto,Cambiar ruta o detenerse
Zona de escombros,20.5258594214298,47.820329243796856,900.0,0.0,19.76732247143519,1385.5789237912873,94.84395161149024,gas_desconocido,414.518807371309,2.25,16.0,1.11,0.95,76.9,75.05033247084408,12.08,24,56.4,41.9,0,0.16,Alto,Cambiar ruta o detenerse
Habitación bloqueada,19.258559300396367,25.501391002545144,900.0,0.0,18.027948672357947,1323.2770415242462,146.67777239167174,sin_gas,19.91954541902985,0.17,3.9,1.5,0.87,62.1,60.061446716535144,11.67,24,44.4,53.3,0,0.18,Bajo,Avanzar
Escalera colapsada,22.11991509964073,20.595015072740416,900.0,8.576,32.58645729846962,1337.2020037961377,101.8879131498661,sin_gas,497.782830499941,0.76,34.7,1.62,1.22,81.6,60.061446716535144,11.83,24,44.4,44.7,0,0.27,Alto,Cambiar ruta o detenerse
Pasillo B,22.574164195589645,33.356171496995294,900.0,0.0,72.01824744144517,1262.9352963570616,153.16460986290147,metano,301.1229646026614,0.8,0.8,2.64,1.15,80.2,48.99550440034701,11.72,24,35.6,43.6,0,0.19,Medio,Avanzar con precaución
Entrada,23.87619069689277,37.41123767555749,953.0591138146576,6.39975,74.39431671744053,1531.025110293827,95.7465573120711,sin_gas,489.47090609068874,1.09,19.2,0.84,1.18,72.6,62.76049310993546,12.09,24,46.6,42.4,0,0.32,Alto,Cambiar ruta o detenerse
Túnel estrecho,20.03852529921124,43.65244850531009,949.2669234329426,2.13325,28.305977439806625,925.9311436825677,110.6732889067225,amoniaco,182.5408166168885,0.42,10.8,2.05,0.8,99.8,72.71211926979677,12.14,24,54.6,45.5,0,0.26,Medio,Avanzar con precaución
Túnel estrecho,23.09719354678757,40.48330814965527,900.0,0.0,30.721210699506884,2271.2159070678235,81.54206743627321,humo,229.01191026679462,1.24,17.6,1.07,0.6,56.8,60.061446716535144,11.58,4,47.4,64.4,0,0.08,Alto,Cambiar ruta o detenerse
Pasillo A,22.22506343817381,39.36347622944288,900.0,0.0,8.115256097007352,1099.4796509971331,149.0417265517359,monoxido_carbono,376.18072119869606,1.66,19.6,1.47,1.41,76.5,57.477990315033054,11.5,24,42.4,32.6,0,0.12,Alto,Cambiar ruta o detenerse
Escalera colapsada,22.26314687104801,16.37779129472643,942.4430998713613,0.0,39.88709459810065,709.8000517724283,166.66976111381422,sin_gas,396.35022528065934,1.24,8.4,3.59,0.18,83.8,39.09276204274657,11.49,4,30.7,19.3,0,0.04,Alto,Cambiar ruta o detenerse
Escalera colapsada,23.98663007442329,38.66634158801053,951.6192292808416,2.7258,25.901834903862746,602.7560050552647,116.85032917155048,sin_gas,116.51652667512013,1.66,19.5,4.3,0.31,50.1,60.061446716535144,11.61,4,47.4,52.2,0,0.38,Medio,Avanzar con precaución
Entrada,20.7651075627184,38.94750100331327,950.843728584838,3.6147,14.218445667784222,428.188121752268,148.6369286052582,metano,464.90054315386135,0.17,26.5,0.31,0.69,56.6,59.84819581697528,11.85,24,44.3,30.8,1,0.94,Alto,Enviar alerta y cambiar ruta
Pasillo A,23.700250768603084,18.870395466333523,900.0,9.3626,36.07232466952421,1287.997764990409,15.32558344984255,humo,433.7115609173643,2.19,9.3,2.92,0.96,97.5,60.061446716535144,11.78,4,47.4,60.2,0,0.04,Medio,Avanzar con precaución
Habitación bloqueada,24.658285811769723,35.58110370874637,900.0,0.0,36.66021026731728,793.9830759453919,163.56955650316507,sin_gas,9.102651551599283,2.35,13.4,0.37,0.11,22.6,60.061446716535144,11.96,24,44.4,42.2,0,0.23,Alto,Cambiar ruta o detenerse
Sector sur,23.903621173748213,38.46912850313857,900.0,0.0,18.12029527555547,445.46059543322065,38.0618866968468,sin_gas,64.28405292759155,1.54,9.4,0.61,1.11,46.8,60.061446716535144,11.84,24,44.4,75.5,0,0.38,Medio,Avanzar con precaución
Entrada,22.70080031761252,31.42840332941472,945.940920160362,0.0,48.20036412990313,1492.0410472079998,49.89107478201639,sin_gas,248.0485532035337,2.2,28.7,3.58,0.88,58.9,60.061446716535144,11.76,43,41.6,57.7,0,0.3,Alto,Cambiar ruta o detenerse
Zona de escombros,23.29815731845,44.9799851737581,942.2974630031408,0.0,18.29898548492033,1827.954952166599,14.332761936180592,gas_desconocido,230.47775705659134,0.33,25.4,3.73,0.78,20.1,60.061446716535144,12.07,4,47.4,74.6,1,0.82,Medio,Enviar alerta y avanzar con precaución
Zona de escombros,20.47806881182081,48.41567413249456,952.5848387920896,0.59255,7.361737945988687,580.0772069133192,173.94502047046032,monoxido_carbono,354.19542751741767,1.99,30.5,4.11,0.69,91.9,52.46587181788179,11.73,4,41.4,22.2,1,0.75,Alto,Enviar alerta y cambiar ruta
Sector sur,26.57439700928085,33.51138553476386,942.093663843439,0.0,4.742537455006118,1367.933623131285,154.10189866046585,humo,44.855688026517015,0.3,6.0,2.48,0.83,42.9,50.7004432018663,11.65,24,37.0,40.2,0,0.12,Medio,Avanzar con precaución
Habitación bloqueada,25.300232414401293,48.09679829568909,947.5790999824884,0.0,13.039208057084933,1961.620225061568,164.80730571593966,amoniaco,322.4276533485633,1.02,2.6,4.33,0.33,40.6,60.061446716535144,11.66,24,44.4,32.7,0,0.3,Alto,Cambiar ruta o detenerse
Sector norte,22.798634808625494,35.72328355622209,951.1977526515516,0.0,27.02138788896785,2470.1943241176928,153.26282935800262,monoxido_carbono,308.1849655672912,0.81,4.2,1.0,0.25,85.6,60.061446716535144,11.59,4,47.4,34.2,0,0.31,Alto,Cambiar ruta o detenerse
Pasillo A,23.82117370444152,37.73795499432537,948.567885629938,0.0,13.58818954121069,1801.0997237493777,88.91784672622555,sin_gas,116.80979923902218,1.46,5.6,1.4,0.51,42.2,60.061446716535144,11.72,24,44.4,59.7,0,0.22,Medio,Avanzar con precaución
Escalera colapsada,22.121286599149407,24.130170343659664,950.659304591378,0.9481,37.91941204017324,914.1630566999933,166.7143384658836,sin_gas,271.19698213419974,0.75,18.7,0.85,1.09,72.6,15.0,10.59,4,11.4,29.1,1,0.64,Alto,Enviar alerta y cambiar ruta
Habitación bloqueada,23.39471511807093,35.83632272708617,900.0,0.0,70.39575877500796,1904.762643535899,174.65774357475794,monoxido_carbono,111.10360349799097,1.59,34.0,4.03,0.92,85.7,62.46852270201511,11.76,24,46.4,34.3,0,0.37,Alto,Cambiar ruta o detenerse
Habitación bloqueada,24.47736719752197,19.61656297495693,955.8614898448388,0.0,47.6382512406269,1655.651796321643,92.94922093814458,humo,73.46151355030317,0.92,12.5,1.3,0.77,83.4,66.54935138563661,12.02,24,49.6,72.5,0,0.34,Medio,Avanzar con precaución
Sector norte,22.68662803776724,41.57946234435924,948.8687213499448,0.0,30.75053270849613,844.7785060212502,35.73433673254668,sin_gas,286.5674673270353,2.15,33.5,0.95,0.9,82.6,60.061446716535144,11.91,24,44.4,62.1,0,0.06,Alto,Cambiar ruta o detenerse
Sector sur,23.30792398120223,18.573836844829373,952.0869772045744,2.7258,33.184984848461326,2187.332734279865,120.25893906854152,sin_gas,488.73713915028515,1.58,1.3,3.19,0.88,27.1,77.48934857378887,12.08,24,58.4,29.8,0,0.03,Alto,Cambiar ruta o detenerse
Túnel estrecho,19.64110390729765,24.43550631755331,900.0,4.83185,42.045750382784895,1297.5492971779618,175.70170072437486,monoxido_carbono,118.46667458587251,0.54,32.4,0.57,0.53,26.4,58.90477577634765,12.18,24,43.5,36.1,0,0.22,Alto,Cambiar ruta o detenerse
Punto crítico,21.990195741274704,26.46932074018864,900.0,0.0,11.637788860897848,2420.1530749416643,157.62570047530312,sin_gas,177.66807467757596,0.84,6.3,0.42,0.24,44.5,61.45381213453163,11.98,4,48.6,37.4,0,0.12,Alto,Cambiar ruta o detenerse
Punto crítico,22.93030003673337,28.064970586974663,939.715041898178,0.0,25.077354703817964,1918.0921156403338,155.81765582553382,monoxido_carbono,128.28661299502338,2.12,31.9,0.71,1.36,22.9,63.58117750644594,11.83,22,47.6,53.8,0,0.12,Alto,Cambiar ruta o detenerse
Punto crítico,20.73127779532547,48.31666397069179,950.4815919232312,1.7152,22.40151597764409,1753.5826247268265,168.41815294127437,sin_gas,133.22991082324737,0.97,2.0,0.2,0.94,60.0,60.061446716535144,11.93,24,44.4,42.4,0,0.04,Alto,Cambiar ruta o detenerse
Pasillo A,22.69828837204133,36.19269956945626,900.0,7.1004,20.03236937631929,1929.54095870078,161.44164559669574,sin_gas,202.09606709334034,1.34,33.2,3.55,1.08,51.6,60.061446716535144,11.67,24,44.4,33.2,0,0.38,Alto,Cambiar ruta o detenerse
Sector norte,25.08369881217316,27.19976725857895,900.0,0.0,13.198493757700929,1404.0037395182653,140.84929120320126,metano,350.92775532531005,1.62,7.0,2.9,0.75,64.6,60.061446716535144,11.8,44,41.4,28.6,0,0.33,Alto,Cambiar ruta o detenerse
Túnel estrecho,21.416577789227176,33.08644892656153,900.0,0.0,55.93437853966434,1460.9756033835154,130.69774562831975,monoxido_carbono,19.402262015472573,0.87,10.6,1.21,1.16,43.9,26.643271947459542,11.01,24,17.7,61.8,0,0.05,Medio,Avanzar con precaución
Pasillo B,20.49544084311663,32.67616205587061,941.6232490361762,0.0,39.37583008549339,2187.535509433962,51.33425540533201,monoxido_carbono,478.5620978427801,0.73,17.2,1.32,0.92,58.9,15.0,10.63,24,8.4,51.7,0,0.35,Alto,Cambiar ruta o detenerse
Sector sur,23.06470843091877,36.41887507072997,900.0,0.0,29.992101144156543,1829.949926951356,113.73450374997861,sin_gas,23.13993974462375,1.19,13.3,4.09,0.18,46.8,60.061446716535144,11.84,4,47.4,54.3,0,0.28,Medio,Avanzar con precaución
Escalera colapsada,21.45446380979414,18.64737185252712,900.0,0.0,42.51502980804239,2284.2109829024475,96.26050879853067,humo,440.62659097227987,0.54,23.4,2.61,1.35,35.6,62.481585208027795,11.81,22,46.7,38.9,0,0.14,Alto,Cambiar ruta o detenerse
Escalera colapsada,19.874252703791687,40.48382869034735,900.0,0.0,28.875589273131457,2270.7361825059643,155.84021602667346,sin_gas,447.18904938099945,0.71,34.1,3.55,0.53,71.9,60.061446716535144,11.77,24,44.4,26.3,0,0.35,Alto,Cambiar ruta o detenerse
Pasillo B,22.83337978614708,39.90617586672262,945.5551003827352,3.0221,76.04858501593613,2450.6290714929232,91.0497003607626,sin_gas,262.24459379576166,0.16,21.2,2.37,0.29,73.9,60.061446716535144,11.76,4,47.4,63.8,0,0.24,Medio,Avanzar con precaución
Punto crítico,22.487835506609283,25.680252357319432,944.3609416148142,0.0,19.395425644124668,1870.4507835752017,27.354983619970593,monoxido_carbono,68.49841430948372,0.76,25.3,1.34,0.22,86.3,60.061446716535144,11.63,43,41.6,75.3,0,0.34,Bajo,Avanzar
Entrada,23.40743174781603,21.70478976191929,900.0,0.0,14.126873123827684,1454.8336070896582,5.870184931411106,sin_gas,282.5729852784719,0.8,3.1,4.86,1.11,90.0,27.052120145036124,11.31,4,21.0,68.9,0,0.19,Bajo,Avanzar
Habitación bloqueada,23.44676998914789,41.74000508408765,900.0,0.47405,21.39729802284067,749.254570439073,123.62779608201642,monoxido_carbono,314.31607995142485,2.4,22.0,2.92,1.09,76.4,60.061446716535144,11.8,24,44.4,38.9,0,0.21,Alto,Cambiar ruta o detenerse
Sector norte,23.435932352240783,26.723584689892924,900.0,0.0,11.052630826786835,1881.2991752595763,101.23396774725326,gas_desconocido,428.87947890355565,1.47,15.9,0.83,1.08,75.0,72.02953052708997,11.97,4,57.0,37.9,0,0.12,Alto,Cambiar ruta o detenerse
Pasillo A,22.195248334670005,43.70143583591317,900.0,0.0,9.926563765623431,1012.3132051958545,62.91850826272846,monoxido_carbono,275.44768788478484,1.97,31.0,2.15,1.38,24.5,47.16092023118281,11.29,24,34.1,61.9,1,0.84,Alto,Enviar alerta y cambiar ruta
Entrada,19.404847740808783,33.11880242951624,941.2981475546816,0.5333,44.7716751114912,994.1898928783955,34.570126256630815,monoxido_carbono,205.3546979516691,0.11,13.6,1.78,0.59,28.8,60.061446716535144,11.97,24,44.4,61.2,1,0.89,Medio,Enviar alerta y avanzar con precaución
Entrada,21.29867130069717,45.33258727888168,900.0,0.0,23.40491673253725,900.404330540943,86.67518142068288,monoxido_carbono,419.14559692705694,0.27,23.8,1.23,0.89,85.0,69.67938431788608,12.1,4,55.1,42.0,1,0.94,Medio,Enviar alerta y avanzar con precaución
Escalera colapsada,23.66265479170182,21.65150366119327,925.804208889038,0.0,24.698279797913514,2237.7563204380453,22.55013268380849,sin_gas,490.4758986763095,2.04,8.0,4.68,0.97,38.6,60.061446716535144,11.76,24,44.4,58.3,0,0.24,Alto,Cambiar ruta o detenerse
Escalera colapsada,22.29226698700009,20.91697228792456,951.6966113966588,2.54805,22.69811160579276,2222.7253380325324,63.81898561370004,metano,322.55160257896665,1.56,9.1,4.43,1.47,48.4,60.061446716535144,11.57,22,44.7,49.2,0,0.07,Alto,Cambiar ruta o detenerse
Sector sur,25.757255101262327,33.006158404298986,947.3025767300834,0.0,28.890681759645663,1725.0379342271222,71.36208359123601,sin_gas,437.19351865140476,0.48,13.2,1.16,0.54,31.6,60.061446716535144,12.01,4,47.4,42.1,0,0.01,Alto,Cambiar ruta o detenerse
Zona de escombros,20.629017717556547,27.376643174558936,951.2994637972108,0.0,35.51767344512582,1393.2600608785453,86.48327159664338,gas_desconocido,299.3675564145321,1.01,10.6,1.89,1.44,35.6,72.1938112530588,11.96,4,57.2,47.1,1,0.78,Alto,Enviar alerta y cambiar ruta
Entrada,23.25626349649606,32.9093523922372,952.3184969005256,0.0,42.24892047763717,1811.440366207478,86.6586314842982,sin_gas,344.89399570515286,1.35,8.9,3.86,0.31,82.0,53.88445284411449,11.53,24,39.5,49.8,1,0.69,Alto,Enviar alerta y cambiar ruta
Punto crítico,25.71714987059924,26.69312733454968,956.0649327861044,0.0,25.960038631990148,1675.1818456266205,49.97598760799852,metano,344.0835587744594,2.11,1.7,1.2,1.17,40.9,79.09852726429453,12.15,24,59.7,59.8,0,0.13,Medio,Avanzar con precaución
Pasillo A,22.69189259091869,34.38205988792851,938.9892022069428,0.0,28.59856635956263,1273.0419214791134,153.78692178034783,humo,352.39349342013264,0.15,29.3,3.04,0.99,55.9,60.061446716535144,11.82,4,47.4,37.4,0,0.32,Alto,Cambiar ruta o detenerse
Pasillo B,19.396526707271,36.199374996791605,900.0,0.0,57.81467450393606,1197.224821719832,67.22011359493047,amoniaco,160.50672196431682,1.49,2.3,3.56,1.24,32.1,60.061446716535144,11.74,24,44.4,70.2,0,0.38,Medio,Avanzar con precaución
Túnel estrecho,21.75253401365351,38.84619427891684,900.0,0.0,20.110680469090248,1203.8680471052353,45.17777905619036,gas_desconocido,287.83069813585615,1.79,31.1,3.34,0.14,74.2,60.061446716535144,11.25,24,44.4,64.1,0,0.3,Alto,Cambiar ruta o detenerse
Escalera colapsada,22.96198094028091,34.48993708614287,947.0601976403656,0.0,44.576281020260296,1637.1801466276802,35.76672959685329,monoxido_carbono,297.0677919868977,2.44,4.4,3.59,0.21,78.3,46.314803608652234,11.51,24,33.5,64.6,0,0.08,Medio,Avanzar con precaución
Sector sur,21.89453221449047,40.3672741560018,900.0,0.0,29.41731445037405,1760.1056478537344,61.45121903808373,sin_gas,157.535813356616,2.02,2.3,3.59,0.2,48.9,60.061446716535144,11.9,4,47.4,71.9,1,0.82,Medio,Enviar alerta y avanzar con precaución
Pasillo A,19.262216509357287,32.82826168848484,947.460041807311,0.0,13.09019452046055,1348.6576823824282,16.821754521068513,humo,174.92618385183184,0.69,19.7,4.83,0.93,82.8,74.98527005297252,11.94,24,56.4,68.6,0,0.31,Medio,Avanzar con precaución
Pasillo A,22.972260972256805,19.97129947131967,934.0900300802556,0.0,33.020883693788186,2434.2520454473906,10.75881652167004,sin_gas,381.1233825083574,1.77,17.6,1.86,0.94,39.2,60.061446716535144,12.0,4,47.4,67.1,0,0.36,Alto,Cambiar ruta o detenerse
Pasillo A,21.14496527244613,20.53529105091369,951.7451921277756,0.0,45.7321057513093,576.0760078094102,110.89988444050185,sin_gas,291.3619203086246,1.91,17.2,4.42,1.37,75.4,60.061446716535144,11.89,4,47.4,47.2,1,0.96,Alto,Enviar alerta y cambiar ruta
Sector norte,21.561952094498483,32.475637215083395,940.7410503825224,0.0,36.52021900977572,1128.7987545029318,113.35074880860826,amoniaco,74.6055739815843,1.82,20.1,0.3,0.75,78.4,60.061446716535144,11.83,24,44.4,59.2,0,0.21,Medio,Avanzar con precaución
Túnel estrecho,18.70509951192814,20.22237836187753,944.786668658691,0.0,18.28490941487091,1280.056834563426,97.67793546170068,monoxido_carbono,418.8184943414361,2.05,10.0,1.58,0.2,97.5,60.061446716535144,11.61,24,44.4,53.5,0,0.33,Alto,Cambiar ruta o detenerse
Sector sur,20.549631641137744,37.09797995584714,952.2761947391124,0.0,16.86860779627341,435.53482127638057,138.39990916555175,humo,441.55714353715985,2.26,23.2,0.43,0.39,38.6,60.061446716535144,11.8,24,44.4,25.7,0,0.03,Alto,Cambiar ruta o detenerse
Túnel estrecho,21.88173157579036,19.737680095220977,933.1994031235316,0.88885,61.62549950218212,1166.410094103273,11.851345248488647,gas_desconocido,233.07057397890708,0.25,17.6,3.33,0.11,27.5,60.061446716535144,11.81,4,47.4,79.0,0,0.12,Medio,Avanzar con precaución
Sector sur,19.9884527997284,37.900538334100005,941.0636629329944,0.0,29.478246934001312,974.7908260629694,168.79529393665683,humo,104.45371601146347,0.26,11.7,0.68,1.19,41.0,60.061446716535144,11.75,24,44.4,39.7,0,0.15,Medio,Avanzar con precaución
Túnel estrecho,24.72470951789485,36.93205865683346,949.1619664148832,0.0,15.288412657555812,1462.6761674777097,21.63639656998559,sin_gas,473.8032477024526,1.99,28.9,4.26,1.24,29.8,57.37452369724283,11.84,4,45.3,58.8,0,0.39,Alto,Cambiar ruta o detenerse
Sector norte,20.5698007114264,48.60300260847106,951.154359805612,0.0,16.599287578688713,1106.4621490848654,122.95402401887888,monoxido_carbono,441.13478225978815,0.63,25.5,3.3,1.5,33.6,60.061446716535144,11.71,24,44.4,35.5,0,0.01,Alto,Cambiar ruta o detenerse
Entrada,21.607632809667983,33.91847100786819,947.5883155248838,0.0,16.61278722770346,1924.9824833875687,28.34440306464163,amoniaco,122.19087317091926,0.15,13.8,0.34,0.68,46.7,60.061446716535144,11.72,24,44.4,76.3,0,0.13,Medio,Avanzar con precaución
Sector sur,19.504406144130154,32.920575095460585,900.0,1.7152,28.56424731756753,1470.858240356062,158.98345082886365,gas_desconocido,47.796868151348704,1.0,29.7,3.63,0.13,53.1,63.6349280554414,11.74,24,47.3,54.2,0,0.37,Alto,Cambiar ruta o detenerse
Escalera colapsada,19.76599804807462,21.76931255484657,900.0,0.0,27.67114170431945,672.5006903421552,94.37482521538047,metano,220.32680377455338,2.05,32.2,4.34,0.43,92.3,60.061446716535144,11.69,24,44.4,59.8,0,0.13,Alto,Cambiar ruta o detenerse
Túnel estrecho,22.185113215378514,34.98377688464571,945.4087275892448,0.0,9.576552178881215,1975.1287807031292,19.401369678145805,sin_gas,338.1984932468698,0.32,18.8,3.37,0.92,35.6,60.061446716535144,11.74,4,47.4,67.8,0,0.1,Medio,Avanzar con precaución
Sector sur,23.38090542711135,39.91150905490149,900.0,0.0,13.721279423444669,608.3806817736208,112.92671972251287,humo,87.69429260997202,1.68,7.5,0.35,1.45,97.7,60.061446716535144,11.73,44,41.4,51.6,0,0.29,Medio,Avanzar con precaución
Entrada,20.188775678554084,29.74498384400092,947.5891020002432,0.47405,21.636023444195928,2162.0032529666505,6.59424017938529,sin_gas,256.606329215874,0.01,32.1,4.32,0.25,84.8,31.97323617100905,11.14,24,22.0,76.9,0,0.3,Medio,Avanzar con precaución
Sector sur,23.555254556895,36.82276473038038,932.8941584933608,0.0,22.944019027889897,2355.9866075810605,140.8038812270428,monoxido_carbono,212.70774713625835,0.27,6.6,3.72,0.27,90.5,60.061446716535144,11.9,24,44.4,50.1,0,0.19,Medio,Avanzar con precaución
Pasillo B,22.84618056973021,16.692279002935567,940.9570390573668,0.0,17.827314595469804,1077.135109388193,118.85237266307159,metano,445.2755743847328,0.88,1.7,2.02,1.08,94.4,60.061446716535144,11.99,4,47.4,46.3,0,0.38,Medio,Avanzar con precaución
Pasillo B,21.591733972910664,25.73233667712563,945.5221135747069,0.47405,39.009856772983255,2344.899529852155,42.20933113861378,metano,214.7833164035643,0.21,11.5,1.78,1.03,80.3,60.061446716535144,11.57,24,44.4,65.4,0,0.09,Medio,Avanzar con precaución
Zona de escombros,19.870138309563107,16.299161367038625,945.9501431565168,0.0,35.29492163939148,2065.3171341573307,70.5814103308164,amoniaco,266.8881968675188,2.11,25.4,2.5,0.45,83.1,60.061446716535144,11.98,4,47.4,60.5,0,0.37,Alto,Cambiar ruta o detenerse
Pasillo A,23.87586027404158,45.15660853788363,940.7654848439582,0.0,17.214511175091697,2337.114783107917,6.366171535555797,metano,477.64309800091115,2.16,32.3,4.36,1.24,55.0,60.061446716535144,11.86,4,47.4,72.0,0,0.3,Alto,Cambiar ruta o detenerse
Túnel estrecho,24.40570080204477,34.58326305579692,900.0,1.3629,36.51508264541963,1799.1672875337802,126.39466761996088,monoxido_carbono,149.84588293728228,1.89,22.3,1.41,0.28,60.8,60.061446716535144,11.63,22,44.7,47.4,1,0.98,Alto,Enviar alerta y cambiar ruta
Túnel estrecho,19.018911480173,45.44384234519399,956.4036458080976,0.0,24.00151152317619,894.8524827849859,61.46692406420087,sin_gas,144.49546597097068,0.61,33.3,0.68,1.4,94.6,74.64580576334583,12.02,24,56.1,73.3,1,0.64,Medio,Enviar alerta y avanzar con precaución
Zona de escombros,19.929970176015345,39.59357359736045,945.522285078513,0.0,36.32059151629967,2278.4987975130425,105.02806017692586,sin_gas,399.79753997102137,1.31,3.2,4.35,0.38,50.3,60.061446716535144,11.8,24,44.4,43.6,0,0.06,Alto,Cambiar ruta o detenerse
Túnel estrecho,23.552511516451304,22.88660795779209,952.4704669982592,25.9486,25.80171387510489,786.9566599585619,172.427334885031,sin_gas,138.76949307198433,0.46,2.1,0.33,0.21,23.4,15.0,10.57,24,8.4,43.8,0,0.06,Alto,Cambiar ruta o detenerse
Sector sur,21.809956589784186,37.91569105556405,949.3342385144148,0.0,29.92934103077849,847.4271571368246,57.40667476582737,amoniaco,415.9329350366025,0.7,21.1,4.57,0.58,81.0,51.69426386654568,11.57,24,37.8,46.2,0,0.37,Medio,Avanzar con precaución
Túnel estrecho,23.75807290218188,38.27875493655033,900.0,1.3463,29.0843731412446,969.2322792947638,178.2916297152807,sin_gas,47.76780468082248,1.29,33.8,1.67,0.36,65.9,51.2337458884708,11.65,4,40.4,48.5,0,0.05,Medio,Avanzar con precaución
Punto crítico,21.78578647475248,42.73609412407248,942.474681192832,0.0,25.26374999724485,1038.9172541218277,115.72746755132412,monoxido_carbono,55.6306236547342,1.84,17.6,2.64,0.84,85.2,60.061446716535144,11.65,22,44.7,59.9,0,0.01,Medio,Avanzar con precaución
Pasillo A,20.628474108753736,27.923840558052124,900.0,0.0,17.618032661534915,1480.4072484751644,47.36551659996337,monoxido_carbono,450.6616870813859,0.24,1.8,0.84,1.06,26.0,60.061446716535144,11.54,44,41.4,46.4,0,0.16,Medio,Avanzar con precaución
Sector norte,19.72145300173471,44.8346855877591,900.0,0.0,20.55530367223772,1898.2604569114926,81.4361295287201,monoxido_carbono,270.40614124121765,0.74,7.7,4.53,0.79,69.7,68.5208671350927,11.97,24,51.2,59.7,1,0.85,Bajo,Enviar alerta y continuar exploración
Sector sur,20.8980984410366,27.60293499691281,939.5108855971508,0.5333,22.347563658440293,2345.0371662414354,134.5792964171282,monoxido_carbono,359.4071333471194,2.32,8.6,3.8,1.02,39.8,60.061446716535144,12.09,24,44.4,35.5,1,0.84,Alto,Enviar alerta y cambiar ruta
Sector sur,23.017978128243907,43.637038075660925,900.0,1.8962,20.975270875434216,585.7189334045552,83.13363384453922,metano,112.64444593127216,1.07,11.8,4.64,0.61,92.3,44.63055349337599,11.33,22,32.4,67.2,0,0.37,Medio,Avanzar con precaución
Escalera colapsada,22.365314546502155,45.14200744762541,900.0,14.2008,73.61409124254037,2404.175660679295,16.988824284771667,metano,83.13718419105415,2.35,1.5,3.48,0.14,28.8,60.061446716535144,11.66,44,41.4,89.4,0,0.2,Medio,Avanzar con precaución
Escalera colapsada,24.07323308692787,39.34383300360408,900.0,0.0,40.45184848381085,2334.778230903308,34.505640741944916,monoxido_carbono,417.47713111632004,2.48,31.7,1.09,1.46,87.4,60.061446716535144,11.73,24,44.4,57.9,0,0.18,Alto,Cambiar ruta o detenerse
Sector norte,21.47777909198458,32.81318784807766,900.0,19.2171,17.78581142346233,513.3985135801818,143.47710551219046,sin_gas,179.3117035116244,1.32,18.0,1.68,1.25,27.1,60.061446716535144,12.0,24,44.4,36.8,0,0.22,Alto,Cambiar ruta o detenerse
Sector sur,23.158959873087216,19.362227038561105,900.0,0.0,33.27084441028416,1156.6743891522817,118.46528825066073,humo,227.51630956099723,0.72,23.5,2.54,0.2,22.0,59.55402924417279,11.5,24,44.0,50.0,1,0.69,Medio,Enviar alerta y avanzar con precaución
Habitación bloqueada,20.21011765019717,35.99726065270427,900.0,0.0,33.6379984993851,2107.6011196286063,104.7194585331234,humo,13.98594863767949,1.98,2.4,3.11,0.73,38.8,72.47408691070424,12.14,4,57.4,60.6,0,0.13,Medio,Avanzar con precaución
Punto crítico,20.20828902186622,33.69647485037099,940.0212479484436,0.0,28.88804373192084,1684.3107455067423,34.33384488219523,sin_gas,192.94036709648321,0.4,1.9,4.65,0.99,46.6,60.061446716535144,11.69,4,47.4,69.6,0,0.05,Bajo,Avanzar
Entrada,20.16043200651911,45.136527510844914,952.3536730461542,0.0,67.9294398017222,2036.097281101718,151.6075529363094,monoxido_carbono,385.21890406248923,0.63,20.5,2.04,0.37,70.1,58.514924689519276,11.67,24,43.2,34.5,0,0.18,Alto,Cambiar ruta o detenerse
Habitación bloqueada,19.29787430223396,35.30515870373378,946.664797466575,0.0,48.607355527437896,1909.9700114587638,173.12951917759378,humo,410.6375886430847,1.96,31.1,3.57,0.91,30.5,60.061446716535144,11.61,4,47.4,23.9,0,0.25,Alto,Cambiar ruta o detenerse
Pasillo A,25.50537769947381,40.85955271630236,948.583073488877,0.0,26.75119043241086,1443.2172375670434,12.15524206086717,sin_gas,349.3773944412709,1.08,18.5,4.81,0.85,55.0,60.061446716535144,11.72,4,47.4,74.3,0,0.37,Medio,Avanzar con precaución
Zona de escombros,21.48732120385747,29.65547817712669,951.5656465401656,0.0,14.929420462276724,486.557896498569,18.65557736442468,amoniaco,346.0898667718711,0.5,30.7,0.93,0.39,36.3,60.061446716535144,11.61,4,47.4,70.5,0,0.3,Medio,Avanzar con precaución
Escalera colapsada,23.71212815680375,23.665753294022625,900.0,9.9223,41.24900284820499,1626.9632243354522,159.82678808004883,sin_gas,253.11963329857895,1.63,28.4,4.34,0.3,88.4,60.061446716535144,11.68,24,44.4,38.5,0,0.29,Alto,Cambiar ruta o detenerse
Habitación bloqueada,24.46062084496188,34.524022960202,900.0,0.0,33.15408454077887,501.9899714245215,147.72164445562245,monoxido_carbono,269.1646646299115,1.83,2.7,2.22,1.16,23.6,60.061446716535144,11.39,4,47.4,32.3,0,0.13,Alto,Cambiar ruta o detenerse
Sector sur,22.49570651777731,35.03028661811236,947.4034852167676,0.9481,21.83167837205963,1667.8261068237748,113.13852971447639,humo,371.3158734065717,0.31,7.1,3.72,0.55,48.5,60.061446716535144,11.5,24,44.4,46.2,0,0.36,Medio,Avanzar con precaución
Sector norte,21.4264772111584,36.77546601773868,900.0,0.0,58.31515858026197,2080.862811236724,170.36891157257412,monoxido_carbono,123.65089941386142,0.69,23.0,1.61,0.44,70.5,74.6267259426662,12.12,24,56.1,38.5,0,0.38,Medio,Avanzar con precaución
Punto crítico,20.73082063636823,35.87993244049354,946.3903925841,4.83185,21.1519469910864,1628.482672274029,118.12535114860056,monoxido_carbono,115.758534123028,0.55,15.5,1.8,1.13,93.0,50.794248484585346,11.76,24,37.0,60.4,0,0.37,Medio,Avanzar con precaución
Punto crítico,25.29961406527617,42.22695600521726,900.0,0.0,17.422473528476477,2493.7457895795637,42.79742325266308,humo,474.9624119570273,0.95,10.2,0.33,1.13,89.4,60.061446716535144,12.25,4,47.4,60.5,0,0.03,Alto,Cambiar ruta o detenerse
Sector norte,22.97432453960957,31.269600349388643,957.1235589990108,22.59235,16.187614748096824,1357.3196503789095,132.51240665045754,amoniaco,13.844943379387686,1.91,14.7,4.86,0.49,91.6,60.061446716535144,11.9,24,44.4,53.2,1,0.69,Medio,Enviar alerta y avanzar con precaución
Escalera colapsada,19.89253890197244,14.620546896248312,945.1848910382032,0.0,25.756536890435765,1972.5376735683735,117.99931033048652,monoxido_carbono,69.73273183259077,1.78,15.6,4.1,1.32,25.0,60.061446716535144,11.68,24,44.4,51.8,0,0.26,Alto,Cambiar ruta o detenerse
Pasillo B,23.49406621180113,40.64350358897949,900.0,0.0,34.346224339513554,1801.1479126580057,177.50532285175515,monoxido_carbono,285.166213100624,1.66,31.9,0.65,1.06,87.3,60.061446716535144,11.46,4,47.4,32.1,0,0.13,Alto,Cambiar ruta o detenerse
Pasillo B,25.57285156946645,42.1581855643369,947.141054329185,1.71845,20.85107700165457,2482.0065522719847,42.431753865588554,monoxido_carbono,368.9174193491743,0.02,3.6,5.0,0.58,82.4,60.061446716535144,11.84,4,47.4,64.2,1,0.98,Medio,Enviar alerta y avanzar con precaución
Pasillo B,23.57533447378232,20.1901183366952,950.7833771444252,0.0,20.40012157673323,1897.7599106619207,109.62986386345482,humo,268.94554149250587,0.36,9.8,3.1,0.7,92.2,15.0,10.6,4,11.4,40.9,1,0.63,Medio,Enviar alerta y avanzar con precaución
Zona de escombros,18.84438106548893,31.20177587167492,955.1618471255642,0.0,66.48649686105968,744.4645360647178,141.52931638939646,gas_desconocido,177.53199808244207,0.56,18.8,4.3,1.12,44.9,60.061446716535144,11.64,4,47.4,53.0,1,0.66,Medio,Enviar alerta y avanzar con precaución
Habitación bloqueada,23.706606886214608,35.47413413873824,943.2907697753888,1.3463,36.5137954673494,2406.5871834762056,64.32204063417988,amoniaco,488.9880596764838,0.68,24.4,0.52,0.4,92.9,60.061446716535144,11.89,24,44.4,45.1,0,0.2,Alto,Cambiar ruta o detenerse
Habitación bloqueada,22.557484918987303,42.47833076075979,952.5718792962048,0.8296,24.836057310220863,1802.3321755360987,71.44392704219159,amoniaco,351.92634256642293,0.37,22.1,2.07,0.76,52.2,64.085520287034,11.89,24,47.7,50.7,0,0.14,Medio,Avanzar con precaución
Pasillo A,18.859977726322903,41.65165213371482,940.599855675288,1.3629,10.934680727556255,524.6102846934187,160.38282170745612,sin_gas,415.6954205335395,1.03,33.0,3.41,1.01,70.7,60.061446716535144,11.62,43,41.6,25.3,0,0.37,Alto,Cambiar ruta o detenerse
Pasillo B,20.87946726461824,37.68301193362595,948.594561793007,0.0,19.477198486468343,1780.893442147686,75.73410393155423,humo,20.123437094102027,0.19,27.8,0.71,0.86,53.9,60.061446716535144,11.51,24,44.4,61.4,0,0.18,Medio,Avanzar con precaución
Pasillo A,21.981751557114126,39.10698587530254,900.0,0.0,38.3129889345955,2254.5507540170274,114.32824908173252,amoniaco,117.96005523669184,1.88,19.5,2.55,0.95,54.2,63.845943904635696,11.87,24,47.5,51.0,0,0.17,Alto,Cambiar ruta o detenerse
Sector sur,22.891614491878272,19.87596476068556,950.728553810308,0.0,63.58071109671004,1611.7879101790527,160.61667406719448,amoniaco,187.08554679579004,1.97,7.5,2.32,0.86,63.7,60.061446716535144,11.81,4,47.4,44.5,0,0.25,Alto,Cambiar ruta o detenerse
Pasillo B,24.99346414759525,27.65476992425992,941.601461864696,0.0,42.18033450238735,1143.4412398672234,41.71965204084824,sin_gas,91.30069904113903,1.44,15.8,1.24,0.38,48.5,51.713903543084726,11.81,24,37.8,77.9,0,0.04,Medio,Avanzar con precaución
Sector sur,22.135518898457427,22.028205455839508,946.0583011632048,0.47405,18.08976368068372,2123.9102315482937,176.82852686170602,humo,36.4496363545736,0.22,24.3,1.64,0.67,83.4,60.061446716535144,11.39,4,47.4,46.1,0,0.31,Medio,Avanzar con precaución
Escalera colapsada,23.326512207468586,36.29808617896092,941.6397050630098,4.8591,39.27576388452277,2043.2752172322419,127.841868444807,sin_gas,112.54583229734011,2.23,29.3,4.84,0.84,70.7,73.84557617765543,12.07,4,58.5,61.8,0,0.31,Alto,Cambiar ruta o detenerse
Punto crítico,19.347758052960785,31.11133542485563,900.0,0.0,22.995730992134305,1542.7825238857317,91.82129647475284,sin_gas,266.8178156185213,2.41,33.6,1.59,1.19,75.2,60.061446716535144,11.9,24,44.4,45.4,1,0.92,Alto,Enviar alerta y cambiar ruta
Punto crítico,21.61949952659685,45.23314029290171,900.0,0.0,58.48084760172088,724.1597167813907,80.4110987614246,monoxido_carbono,347.8726241783526,0.51,21.2,1.22,1.02,38.5,60.061446716535144,11.7,4,47.4,61.0,0,0.38,Medio,Avanzar con precaución
Sector sur,23.91132327463409,21.27592240318619,949.8114164654286,0.0,12.608416476701596,927.0716195986809,172.0138077215133,monoxido_carbono,387.0104614825405,1.76,18.4,2.77,0.7,97.6,15.0,10.58,24,8.4,23.7,0,0.24,Alto,Cambiar ruta o detenerse
Pasillo B,25.426711011138966,27.18168283068743,945.0945269031836,0.0,14.8516891093427,1950.816341590822,41.00184481769161,sin_gas,21.468077433858536,2.1,0.6,3.42,1.46,72.8,73.87267363384315,11.91,4,58.5,74.1,1,0.93,Bajo,Enviar alerta y continuar exploración
Sector norte,24.85876582857584,19.741145224443567,949.7682650058752,0.0,39.65102504170307,2092.7725473293476,59.54456994804323,amoniaco,213.99308610629558,1.35,2.5,3.68,0.25,35.8,60.061446716535144,11.77,4,47.4,57.5,0,0.37,Medio,Avanzar con precaución
Habitación bloqueada,18.923010825410948,25.73561149141804,900.0,0.0,20.60232826393377,986.4570838860785,58.86373222088683,metano,61.10579179268366,0.81,5.5,3.82,0.39,80.0,60.061446716535144,11.69,24,44.4,71.2,0,0.27,Bajo,Avanzar
Pasillo B,21.797613124932266,34.49875801295747,947.5585840200696,0.0,12.168658716160351,1172.7686620922518,55.576108578531105,sin_gas,215.60019322233592,1.2,1.9,0.38,0.58,33.9,60.061446716535144,11.81,22,44.7,60.8,0,0.18,Medio,Avanzar con precaución
Túnel estrecho,24.342376967743007,44.41262708400669,900.0,31.02005,66.08766807273338,563.0269590245698,86.9941579127456,sin_gas,216.98792456014755,1.28,14.0,2.09,0.42,25.1,65.71899685860889,12.07,24,49.0,61.3,0,0.02,Medio,Avanzar con precaución
Túnel estrecho,20.298493178200733,33.59283348519895,947.2499450709848,0.0,23.24301699627741,1898.2700915696496,178.1063658218708,humo,249.10584335612185,1.0,11.8,3.91,0.98,62.2,60.061446716535144,11.7,4,47.4,28.1,0,0.29,Alto,Cambiar ruta o detenerse
Zona de escombros,21.51880184651603,38.7273450959618,900.0,7.65375,43.24445518134073,407.5128436600658,160.53768417533803,sin_gas,446.4153131316197,2.32,22.3,4.54,0.16,64.3,60.061446716535144,11.94,22,44.7,30.7,0,0.39,Alto,Cambiar ruta o detenerse
Habitación bloqueada,21.86901119643525,17.96151852622803,947.9654884128424,0.4148,50.87082527916435,497.73719456004295,62.391174456260075,sin_gas,402.54775131204474,1.86,18.7,3.09,0.35,35.1,60.061446716535144,11.74,4,47.4,46.2,1,0.62,Alto,Enviar alerta y cambiar ruta
Túnel estrecho,22.251704435632828,25.14739938243912,947.7831079204316,1.24435,74.79608886855652,409.12254234658883,79.0022702527741,monoxido_carbono,318.36042256819593,0.6,20.9,0.45,0.51,47.9,60.061446716535144,11.81,22,44.7,61.1,1,0.89,Alto,Enviar alerta y cambiar ruta
Entrada,23.24603975276213,32.87034940319889,944.5035274975686,0.0,41.69341475450186,1755.1711250089952,122.15913061753798,metano,442.70366146676537,1.46,16.5,2.1,1.06,95.7,60.061446716535144,11.74,24,44.4,41.0,0,0.21,Alto,Cambiar ruta o detenerse
Zona de escombros,17.890160612088682,21.576658544102123,937.9169002527966,0.0,25.4193652196496,1276.5129681711478,8.001544121907468,amoniaco,339.2343082523117,1.72,9.7,0.56,1.33,42.8,76.64452674669788,12.16,24,57.7,71.1,0,0.29,Alto,Cambiar ruta o detenerse
Punto crítico,16.252080935523278,25.849903638656347,947.2658472574698,0.0,41.370236369269485,1024.8481988209935,148.52689026998837,humo,409.4274803815376,0.35,33.3,3.79,1.22,32.4,60.061446716535144,11.84,24,44.4,26.9,0,0.01,Alto,Cambiar ruta o detenerse
Pasillo B,23.73988228224679,32.89555603635537,937.956530639414,0.4148,30.0104083547693,2316.6721217499316,158.96466002958593,humo,281.8891504920633,0.9,3.0,0.5,0.35,99.4,60.061446716535144,11.86,24,44.4,31.2,0,0.36,Alto,Cambiar ruta o detenerse
Sector sur,17.977122356002223,36.679503809037975,900.0,0.0,39.73842197892809,804.8858688208741,155.01005850679346,sin_gas,262.60912581545034,2.26,32.9,1.09,0.89,44.2,60.52255641958998,11.77,4,47.8,43.9,0,0.36,Alto,Cambiar ruta o detenerse
Túnel estrecho,24.54421339886548,30.81248875168562,947.185096451894,1.54065,49.763452231736736,1217.6728218009412,70.63451770496883,monoxido_carbono,362.0486213861924,1.42,10.9,2.2,0.14,74.4,37.67372411763615,10.79,24,26.5,61.4,0,0.22,Alto,Cambiar ruta o detenerse
Punto crítico,20.0264853837576,37.77563668984418,950.789390860462,0.0,24.186918935813942,2374.6547819482785,85.84991378873643,monoxido_carbono,9.844655987875539,0.54,17.9,2.42,0.53,38.5,60.061446716535144,11.85,43,41.6,72.0,0,0.06,Medio,Avanzar con precaución
Habitación bloqueada,19.272227271379062,36.22963066034867,948.3835611782164,0.0,12.26485525756984,1296.923781957789,7.16795633315727,sin_gas,345.1887858157117,0.31,3.8,2.15,1.23,64.0,60.061446716535144,11.47,4,47.4,71.3,0,0.27,Bajo,Avanzar
Pasillo A,22.900583914321487,39.1936127219251,945.1917869150834,0.5333,28.88121963481004,1564.8567398588214,74.89418590762139,sin_gas,467.25910920218234,1.3,2.5,2.42,0.74,50.9,60.061446716535144,11.67,24,44.4,47.1,0,0.06,Alto,Cambiar ruta o detenerse
Escalera colapsada,17.16639917576424,21.429232540657168,900.0,0.0,32.00269537567016,568.7074197959239,85.57469391415526,metano,356.971039913377,1.37,15.0,3.62,0.31,96.9,63.561330206132226,11.48,24,47.2,52.2,0,0.21,Medio,Avanzar con precaución
Sector norte,18.130109696862576,33.94660169663174,943.943064886186,0.0,30.048289550692164,2059.349412476271,163.72050128698376,sin_gas,18.39686214860925,0.84,26.0,1.97,0.71,54.6,60.061446716535144,12.02,24,44.4,44.9,0,0.05,Alto,Cambiar ruta o detenerse
Punto crítico,23.88131776465801,40.21374181953318,900.0,0.0,25.811253718417102,1287.7934318853002,161.4478429075183,gas_desconocido,188.94282038636194,1.58,9.4,2.83,0.38,66.7,60.061446716535144,11.82,24,44.4,41.6,0,0.24,Alto,Cambiar ruta o detenerse
Sector sur,19.254855498050805,38.55101392582119,900.0,0.0,34.06284160325201,2081.081761656815,174.06698621538416,amoniaco,404.79065113564303,0.17,19.7,1.66,0.65,95.6,84.64002572841567,12.23,24,64.1,17.3,0,0.13,Alto,Cambiar ruta o detenerse
Zona de escombros,25.737723220649777,42.440629185956,943.2230401206824,0.0,26.77225255552451,932.9750493675834,159.89337239084108,sin_gas,479.30427502221,0.36,9.8,1.9,0.78,99.1,60.061446716535144,11.97,24,44.4,30.8,1,0.93,Medio,Enviar alerta y avanzar con precaución
Escalera colapsada,22.274338238249644,38.65444810361208,939.6691888014944,0.0,13.684491736873351,1287.2053761789612,6.435124149837982,sin_gas,185.08167781818864,1.37,13.6,3.15,0.59,28.1,60.48282551351467,11.85,24,44.8,76.6,0,0.32,Medio,Avanzar con precaución
Escalera colapsada,21.07460463591675,31.662917240035625,945.9340785441271,0.0,22.22866054982224,2051.7527663665214,117.25564915813845,gas_desconocido,420.59702793845406,0.15,31.7,2.55,1.41,86.7,60.061446716535144,11.78,24,44.4,37.4,0,0.4,Alto,Cambiar ruta o detenerse
Sector norte,21.33452945100254,23.71174451334487,950.8193681365952,0.0,24.138396351330645,2445.1433107916437,16.94159454303214,metano,431.9049376507565,2.2,30.0,3.67,0.89,50.6,60.061446716535144,11.82,24,44.4,68.5,0,0.11,Alto,Cambiar ruta o detenerse
Túnel estrecho,22.381299812396428,30.70657218249192,950.5395955135529,1.7152,73.15614666456493,525.2136012132646,52.70400011649745,amoniaco,61.64319966302501,0.36,18.1,2.89,1.28,67.6,59.48832487142435,11.69,4,47.0,75.5,0,0.03,Bajo,Avanzar
Túnel estrecho,22.88109959904821,39.87373669470292,939.7461154144476,0.0,31.71796946814517,2106.157972579699,106.20383515735156,metano,422.8942333593437,1.68,8.3,4.06,1.17,50.0,69.52928831162326,11.77,24,52.0,45.0,0,0.18,Alto,Cambiar ruta o detenerse
Entrada,23.8170121850912,27.11395211645549,941.1967775680364,0.0,26.92771544540286,1031.4470420169314,127.6074182213193,humo,162.12494781930752,0.98,6.8,2.33,1.03,52.1,69.7462107262091,12.11,24,52.2,56.5,0,0.04,Medio,Avanzar con precaución
Sector norte,25.04169716093857,44.09102193512357,951.77331813794,0.0,20.40589400072896,1556.5608898712514,119.56060453549166,amoniaco,296.6188607827087,1.0,33.4,2.56,0.8,32.7,69.3808246396169,11.95,44,48.9,45.7,0,0.08,Alto,Cambiar ruta o detenerse
Sector norte,24.33118067462865,41.04603866276677,900.0,0.0,28.49217230204932,1009.1937563965706,13.585214296512564,sin_gas,269.4810596782105,1.91,7.1,3.42,0.1,65.8,60.061446716535144,11.5,24,44.4,75.4,0,0.24,Medio,Avanzar con precaución
Zona de escombros,19.36543196449304,19.802155107558352,946.5904624526004,0.59255,27.709377773565503,1688.2354923927794,23.130677174671604,sin_gas,331.52693186806033,1.25,28.3,1.26,0.96,63.7,60.061446716535144,11.84,24,44.4,74.1,0,0.24,Alto,Cambiar ruta o detenerse
Habitación bloqueada,24.82202169760059,35.17887943666893,900.0,3.4304,25.071463668979543,1142.9859443523487,27.502692262972843,monoxido_carbono,370.2323254723651,1.81,12.9,2.05,0.6,35.1,60.061446716535144,11.77,24,44.4,65.6,0,0.03,Medio,Avanzar con precaución
Pasillo B,24.578701754813583,17.368799415424636,900.0,33.049,25.202010360084163,1100.591271053131,20.997515934695944,humo,220.44054880929005,1.26,34.5,3.2,0.26,63.3,60.061446716535144,12.02,24,44.4,75.3,0,0.18,Medio,Avanzar con precaución
Entrada,24.374379375580663,20.137577374272,939.5232735906914,100.0,14.644621552315488,479.6704571654646,36.1910240721314,sin_gas,444.1554110745662,1.48,12.9,0.34,0.72,97.8,60.061446716535144,11.8,4,47.4,66.1,0,0.22,Medio,Avanzar con precaución
Pasillo A,23.648060793408867,20.55169216342448,949.3437742699116,0.0,29.94554803633713,708.6168523980043,125.48536347952289,monoxido_carbono,404.74921078078063,1.9,12.3,2.3,1.13,77.2,60.061446716535144,11.58,24,44.4,45.8,0,0.11,Alto,Cambiar ruta o detenerse
Sector sur,20.81392360467852,36.58186956340631,900.0,0.0,44.30269172235405,2325.8642176175053,150.39651895285175,sin_gas,392.71054632392986,1.52,22.3,3.07,1.45,58.5,56.470101054995965,11.42,24,41.6,29.8,0,0.35,Alto,Cambiar ruta o detenerse
Sector sur,23.887486469262512,32.8990244101146,945.2290107401154,1.54065,17.593097115995164,2496.382600633817,76.5424307628468,humo,229.12342096714588,1.54,33.7,4.84,0.62,93.3,60.061446716535144,11.95,24,44.4,55.3,0,0.07,Alto,Cambiar ruta o detenerse
Sector norte,24.06219153895722,26.018587370836432,946.3390678391168,25.9486,18.635057429507977,2039.0932093261736,126.23676362496012,amoniaco,18.78644292230508,1.97,34.2,4.41,0.86,66.0,64.54177381986358,11.85,4,51.0,48.7,0,0.11,Alto,Cambiar ruta o detenerse
Sector norte,19.831023888892936,44.62821057471728,935.4095679430634,0.0,11.252800674787022,1002.3065120243223,40.002845721519634,metano,246.1282031894722,2.37,24.8,1.55,1.29,30.8,15.0,10.69,24,8.4,76.0,0,0.07,Alto,Cambiar ruta o detenerse
Túnel estrecho,22.886486610929907,33.5244596653615,900.0,0.0,17.559505506968396,1245.1347907315444,175.32402653584643,sin_gas,449.2227670720915,0.94,26.4,2.63,0.57,63.8,70.09451470422604,11.86,4,55.5,31.4,0,0.06,Alto,Cambiar ruta o detenerse
Zona de escombros,20.71854659635116,35.44346938571711,900.0,0.9481,59.946322355828286,1952.9572553027738,66.2495665000832,sin_gas,95.22507780375943,1.44,19.7,0.47,0.3,34.5,60.061446716535144,11.96,24,44.4,77.6,0,0.35,Alto,Cambiar ruta o detenerse
Sector sur,19.088956350283965,33.742128804286395,900.0,0.0,25.43498721398231,2433.8784694547157,153.02670858584614,monoxido_carbono,491.2962360052939,0.22,26.5,1.36,0.49,81.4,74.93586396399063,12.14,24,56.3,26.5,0,0.12,Alto,Cambiar ruta o detenerse
Zona de escombros,21.814985409141137,33.39800894157314,951.4189693093452,0.0,19.83638037499088,1356.489458531672,170.43911521014275,metano,403.8453100065857,0.9,30.1,3.92,1.36,97.4,46.18027358995171,11.63,22,33.6,24.7,1,0.67,Alto,Enviar alerta y cambiar ruta
Pasillo B,19.10267086615225,36.95013556263359,947.6578767497052,3.49615,15.07388541816349,2141.997072105587,156.32494350317788,sin_gas,354.9148961410324,1.03,17.0,0.79,0.32,48.9,60.061446716535144,11.8,4,47.4,35.1,0,0.18,Alto,Cambiar ruta o detenerse
Zona de escombros,19.31926783896908,31.64293372680621,938.339397350636,6.67635,36.07215776861069,2447.6447374573054,16.736839019550565,gas_desconocido,338.57997896116035,2.09,21.7,1.44,0.56,54.8,60.061446716535144,11.64,4,47.4,62.9,1,0.62,Alto,Enviar alerta y cambiar ruta
Pasillo B,23.7214990374816,31.41214462234761,942.1232132574628,1.3463,40.13512967032067,2234.2936592176093,118.80375252876982,metano,293.5129409668813,1.28,18.8,4.73,0.75,53.7,60.061446716535144,12.03,43,41.6,41.9,0,0.37,Alto,Cambiar ruta o detenerse
Habitación bloqueada,20.92369942352104,20.851657990369,945.3923647884034,2.96285,5.182913294963576,877.0144682197865,26.015873650021458,amoniaco,360.335161624566,1.83,19.7,4.15,1.29,42.8,48.16344036683389,11.45,24,34.9,55.8,0,0.34,Alto,Cambiar ruta o detenerse
Punto crítico,21.905326406594284,39.06628796843562,900.0,0.0,22.487750407363453,416.86691413880817,5.991025092014425,sin_gas,210.95277810966024,0.05,31.2,3.95,1.41,83.5,60.061446716535144,11.88,4,47.4,85.2,0,0.04,Medio,Avanzar con precaución
Punto crítico,23.97728970928152,34.70710703988202,947.4913813969628,0.0,11.843935999541436,1433.3715813156718,14.062102690036802,sin_gas,422.64405401006485,1.16,12.4,4.35,0.7,69.4,60.061446716535144,11.92,24,44.4,74.2,0,0.34,Medio,Avanzar con precaución
Túnel estrecho,26.136405242154936,45.34201570977103,950.3984069346558,0.0,8.596567949723285,1515.8577465600604,165.32610937823503,metano,348.1729780476404,2.25,7.3,3.8,1.4,25.1,15.0,10.82,24,8.4,35.8,0,0.19,Alto,Cambiar ruta o detenerse
Pasillo B,17.733918117925935,24.87535471087572,900.0,0.0,27.9005021609652,822.6257655574561,163.9811149955689,monoxido_carbono,385.62655618977453,0.56,16.0,0.78,0.33,87.1,60.061446716535144,11.59,22,44.7,39.3,0,0.15,Alto,Cambiar ruta o detenerse
Zona de escombros,22.865740062512987,25.596677547550787,940.314482362333,1.8962,13.168138004612084,997.8162230883171,44.519267858705916,monoxido_carbono,396.24371108298976,0.08,7.3,2.68,0.32,35.0,70.18418485256997,11.87,24,52.5,50.4,0,0.27,Bajo,Avanzar
Habitación bloqueada,21.93476280164376,42.60534690221103,945.2192218829458,0.0,41.66343978934215,2006.8216377819485,100.73571258975959,humo,46.03502285445127,1.08,17.4,2.33,1.43,98.3,60.061446716535144,11.86,24,44.4,66.4,0,0.38,Medio,Avanzar con precaución
Pasillo B,19.18028567804572,22.089143229839504,947.6217962122304,0.0,40.81267690852884,1387.729243297581,172.1299458965371,metano,27.820386343868964,1.76,31.6,1.69,0.81,50.1,60.061446716535144,11.84,4,47.4,44.5,0,0.05,Alto,Cambiar ruta o detenerse
Sector sur,28.16920019326133,32.111180570203416,900.0,0.0,66.62075629418406,1066.4435755605389,91.92357269693345,sin_gas,400.49293424236794,1.14,21.6,4.2,0.36,69.3,58.00070512311342,11.91,24,42.8,50.6,0,0.31,Medio,Avanzar con precaución
Zona de escombros,18.511216372198,33.99295449830992,945.2451096244896,0.0,37.35426338012467,1707.5146574600308,73.87611852550764,humo,129.6920105191231,1.15,29.9,2.43,0.78,26.2,60.061446716535144,11.93,24,44.4,70.1,0,0.09,Alto,Cambiar ruta o detenerse
Escalera colapsada,23.959686519992417,35.46339673248907,941.249911573012,0.0,25.41645724513554,1770.7954875498633,89.5685214578093,metano,290.9849037559071,1.67,5.8,0.49,1.2,47.6,58.2251385744362,11.58,44,40.0,60.0,1,0.72,Alto,Enviar alerta y cambiar ruta
Sector sur,21.83929553972696,40.856628068764,953.64004086374,0.47405,10.924109350143498,2015.7311313656846,143.28775827159023,sin_gas,221.85542760949312,0.64,31.5,1.52,1.26,84.2,60.061446716535144,11.98,24,44.4,46.7,0,0.35,Alto,Cambiar ruta o detenerse
Zona de escombros,21.31679995421296,20.86461915510805,900.0,12.6149,3.9874352499796433,729.0895211021302,88.52358569331618,sin_gas,11.019601833817116,1.88,21.1,1.3,1.31,58.2,60.061446716535144,11.61,24,44.4,65.0,0,0.22,Medio,Avanzar con precaución
Zona de escombros,20.701005279370065,34.47848283134336,946.0359651608518,1.24435,44.07183682700767,1957.1862298866795,142.07359422441468,amoniaco,20.140629083135742,0.38,1.1,4.46,0.9,92.4,60.061446716535144,11.85,4,47.4,44.0,0,0.04,Bajo,Avanzar
Entrada,23.26083521996064,20.38461740346235,944.187068671982,0.0,8.58568203105721,1658.799623431879,80.54705298716327,humo,413.56262113939783,0.99,22.2,3.31,1.31,66.0,60.061446716535144,12.12,4,47.4,48.0,1,0.62,Alto,Enviar alerta y cambiar ruta
Pasillo A,21.105649411682244,25.33010055559735,950.734957301842,0.0,40.85085864161377,520.9009171358739,49.100992461992,sin_gas,303.83878074436194,1.64,33.3,2.89,0.81,94.3,60.061446716535144,11.81,43,41.6,61.9,0,0.32,Alto,Cambiar ruta o detenerse
Entrada,19.509544151035,21.653224298901463,900.0,0.0,43.38885407664971,2032.6358193321635,62.13272771825861,metano,261.92153936842243,2.07,2.8,2.63,0.95,98.6,29.576989503061103,10.85,24,20.1,70.7,1,0.91,Alto,Enviar alerta y cambiar ruta
Túnel estrecho,21.11375431894836,18.568244676581923,900.0,0.0,27.413586339462867,1204.4685907996886,18.61910631150404,amoniaco,472.1760417358751,1.98,20.4,3.32,1.16,56.3,76.85583762691958,12.07,24,57.9,54.9,0,0.08,Alto,Cambiar ruta o detenerse
Zona de escombros,23.97448326632032,20.87579589332364,957.9668997964836,0.0,65.27565352143752,1093.7999620922387,92.04170027162337,humo,86.55751296442243,1.8,32.0,3.82,0.7,65.2,60.061446716535144,12.09,24,44.4,71.8,1,0.95,Medio,Enviar alerta y avanzar con precaución
Zona de escombros,23.5415393552677,44.63823229336722,950.5721675505132,0.0,25.511980574195498,1340.9578183214321,30.919411855579025,metano,128.98541982939926,0.9,0.3,2.86,0.2,86.8,40.705283313569446,11.32,24,29.0,67.7,0,0.37,Medio,Avanzar con precaución
Pasillo B,22.602645573392643,27.584789013594644,937.1368439032036,10.58595,28.96093575526227,1126.9676623428709,147.02072610857826,humo,378.36953911781364,0.31,22.1,4.7,0.59,37.7,42.17160206002644,11.58,24,30.1,33.6,0,0.27,Alto,Cambiar ruta o detenerse
Sector norte,19.70556264949117,32.83693075925444,947.5628245107622,0.0,29.767243882880813,1110.399743640809,78.60335047745647,metano,387.6176139789647,0.54,16.6,4.89,0.97,88.9,60.061446716535144,11.62,4,47.4,57.6,0,0.29,Medio,Avanzar con precaución
Pasillo A,19.24703769682428,38.625807260891975,946.0689238591616,0.0,18.261894696502065,2096.9631021713135,138.87540669855153,sin_gas,202.4485982195822,2.16,12.1,4.98,0.37,67.4,60.061446716535144,11.71,24,44.4,46.1,0,0.32,Alto,Cambiar ruta o detenerse
Sector norte,21.104735089483405,26.966210115386264,948.088069680138,0.0,57.61970840924184,661.4610341679538,172.03057481926086,sin_gas,475.48921732188,2.14,22.0,3.41,0.31,78.0,60.061446716535144,11.73,4,47.4,13.3,0,0.05,Alto,Cambiar ruta o detenerse
Habitación bloqueada,23.1003678246289,34.04812062688634,937.9965830755888,0.0,10.810905587157134,2438.2601425006633,153.6586411998163,sin_gas,469.1272888575853,2.38,1.8,4.68,0.51,26.4,40.60971998286401,11.65,4,31.9,32.0,0,0.24,Alto,Cambiar ruta o detenerse
Punto crítico,23.75700261558413,42.076901602131066,900.0,0.0,16.01974389468519,1565.356453186121,171.50614395551844,metano,6.2048575300797655,0.19,26.4,2.14,0.14,81.3,60.061446716535144,11.72,24,44.4,51.4,0,0.16,Medio,Avanzar con precaución
Pasillo B,20.136528228195,33.74147448385858,946.1008017133042,0.47405,3.8190568619853993,784.1403966847571,104.38889220237779,humo,86.16395117036252,1.34,0.2,4.33,1.14,44.9,73.96144885979089,11.77,24,55.6,67.2,0,0.06,Medio,Avanzar con precaución
Escalera colapsada,22.126375554884767,23.889150323651343,900.0,0.0,42.06063920909825,675.5525141565416,33.931775946594826,sin_gas,410.10972084193565,1.62,10.7,4.56,0.46,84.4,72.98660698420768,12.39,44,51.8,59.1,0,0.09,Medio,Avanzar con precaución
Habitación bloqueada,19.57790701066669,47.00478002850428,952.2458852484356,0.0,41.4882162861289,1642.1700174834634,168.6942919821476,metano,167.60834241300415,1.78,17.6,4.54,0.27,60.7,60.061446716535144,11.8,24,44.4,47.7,0,0.31,Alto,Cambiar ruta o detenerse
Pasillo A,23.37353368379946,17.30542685110549,900.0,0.0,68.62313253815593,1729.2988320785487,156.9882683544349,sin_gas,47.731339349914194,1.61,13.2,4.19,1.08,42.0,60.061446716535144,11.86,43,41.6,43.0,0,0.07,Alto,Cambiar ruta o detenerse
Entrada,22.53136561509373,43.62425746346271,900.0,0.0,25.58363565334048,511.3541191626026,156.27227343671248,amoniaco,392.4995872117918,1.93,10.8,2.15,1.28,96.2,72.57588438899182,11.78,24,54.5,22.9,0,0.13,Alto,Cambiar ruta o detenerse
Pasillo B,24.11666474524994,25.59351272133303,946.784001862176,0.0,60.706095014583,910.3040196704502,126.32302479652573,humo,227.2917527876047,0.9,29.1,0.96,0.13,81.2,60.061446716535144,11.8,24,44.4,38.4,0,0.12,Alto,Cambiar ruta o detenerse
Pasillo A,19.886083353192863,40.05506939936997,900.0,0.0,35.158893481387466,2070.4700345650813,114.3603458825639,sin_gas,246.20539335768592,0.45,32.7,1.8,0.43,98.9,60.061446716535144,11.76,24,44.4,56.9,0,0.03,Medio,Avanzar con precaución
Punto crítico,20.837332434820244,35.362825116111686,938.9150756513656,0.0,35.77193686992409,504.2117182614036,7.576681075733012,metano,93.18469440808563,0.51,30.6,3.88,1.42,49.2,60.061446716535144,11.62,43,41.6,82.3,0,0.19,Medio,Avanzar con precaución
Pasillo A,18.319724190184825,38.67389515083448,944.4866944569652,1.3629,14.182384636676272,2195.686194202676,135.90946209042033,sin_gas,330.44752696946387,0.03,18.3,1.32,0.64,71.9,60.061446716535144,11.86,24,44.4,47.6,0,0.31,Alto,Cambiar ruta o detenerse
Escalera colapsada,21.367259283465224,21.8013167886968,900.0,0.0,38.73926958613821,1782.1412007053004,21.018645559491006,metano,275.62065906130886,0.88,30.9,2.5,1.41,68.9,69.27850318083634,11.7,24,51.8,69.5,0,0.02,Medio,Avanzar con precaución
Sector sur,18.924229079878668,38.57107579889112,949.2156976780792,0.0,12.354333259570506,1312.28884466273,50.45641381795077,sin_gas,103.3364688945379,0.23,32.2,2.91,0.48,75.0,60.061446716535144,11.62,4,47.4,65.9,0,0.05,Medio,Avanzar con precaución
Punto crítico,24.74247247923676,38.412401135356674,953.8571324456626,0.0,37.23704669120954,1127.5089828389232,101.51080168648396,monoxido_carbono,170.1657542196034,0.8,14.3,3.1,0.41,23.1,60.061446716535144,11.94,24,44.4,55.4,0,0.29,Medio,Avanzar con precaución
Punto crítico,22.82943948602309,30.54452877679151,953.2642135973424,0.0,23.418102430567547,440.4228240826773,84.05320235330728,amoniaco,298.43964366808603,1.57,9.9,4.69,0.4,43.3,57.21415946349072,11.59,24,42.2,46.6,0,0.24,Alto,Cambiar ruta o detenerse
Sector norte,20.19823156651568,41.7148722215907,944.364049402513,0.9481,25.46467714699389,2132.95138607887,7.760518210003044,monoxido_carbono,462.4361277167051,2.24,3.4,3.38,0.22,92.7,52.025369936594174,11.52,24,38.0,58.9,0,0.29,Medio,Avanzar con precaución
Escalera colapsada,25.11402967782024,20.355765127592296,950.6514535657496,0.0,27.790158774286816,699.71589333393,149.19738522904964,sin_gas,460.18817516074586,2.1,16.8,3.97,1.36,53.9,60.061446716535144,11.77,24,44.4,34.2,1,0.71,Alto,Enviar alerta y cambiar ruta
Habitación bloqueada,16.769301222129,27.96846989671299,940.6146137206108,2.96285,14.361902362819317,1050.0381829103849,158.79016766503713,metano,143.95295219874149,0.63,33.1,2.99,1.47,96.9,59.01788492675476,11.68,24,43.6,40.5,0,0.32,Medio,Avanzar con precaución
Sector norte,20.83948202635984,37.19032864775377,900.0,0.0,47.26410107232069,1595.124658761888,124.3277651119342,monoxido_carbono,367.81048887994245,0.34,19.6,4.2,1.44,37.1,60.061446716535144,11.86,4,47.4,50.4,0,0.2,Alto,Cambiar ruta o detenerse
Pasillo A,24.974100163981664,34.150287615483194,945.7886059093788,1.24435,69.35141915453107,916.5844601496339,99.68687526494392,monoxido_carbono,387.75954026190476,0.48,23.4,1.47,1.29,99.8,15.0,10.84,4,11.4,47.8,1,0.66,Alto,Enviar alerta y cambiar ruta
Escalera colapsada,21.819099897853704,26.07353189399298,900.0,0.0,26.948766641847776,1443.9949738796229,173.1291218074075,sin_gas,404.4115499913974,2.43,4.0,1.21,1.29,75.8,49.9801502401002,11.32,4,39.4,31.7,0,0.05,Alto,Cambiar ruta o detenerse
Zona de escombros,21.87624558817014,43.439144408673,953.2076811127388,0.0,28.974422810624542,2099.6199403512746,25.99233635593359,humo,285.38114237574,1.37,5.0,4.65,1.03,82.1,61.805518705779626,11.69,24,45.8,60.5,0,0.09,Medio,Avanzar con precaución
Escalera colapsada,20.63984603655553,39.741738667378925,947.647911446128,0.0,25.99013371262002,1388.129663059577,134.1342593913731,metano,5.253999049793901,0.46,16.3,3.53,1.26,51.7,60.061446716535144,11.63,24,44.4,58.1,1,0.8,Medio,Enviar alerta y avanzar con precaución
Sector sur,24.34021366982044,43.84316419921518,900.0,0.0,67.84690162610272,2392.8524226511518,27.463107256659622,sin_gas,380.8381427231243,2.1,33.3,3.42,0.39,92.6,60.061446716535144,11.69,24,44.4,61.0,0,0.1,Alto,Cambiar ruta o detenerse
Pasillo A,23.34998386034221,25.22224389774907,949.4105435909404,0.0,57.08675788611019,2179.751302790318,71.82283981159775,sin_gas,53.29872491467502,0.99,12.6,2.44,0.64,63.6,60.061446716535144,11.78,24,44.4,64.7,0,0.05,Medio,Avanzar con precaución
Túnel estrecho,24.71275582995963,36.48084275198166,940.5878924451516,0.0,22.6382748981266,1099.382394263128,107.45978910492127,gas_desconocido,58.435693110200916,2.25,30.7,2.01,1.0,74.5,60.061446716535144,11.81,24,44.4,54.7,0,0.24,Medio,Avanzar con precaución
Escalera colapsada,20.6991913990819,32.09089296958224,944.4093293317768,0.47405,41.40253260566355,1239.9204616262693,133.99034583826165,sin_gas,302.81240132307636,0.65,4.2,2.87,1.32,27.6,60.061446716535144,11.41,24,44.4,36.6,0,0.22,Alto,Cambiar ruta o detenerse
Entrada,19.593559891423336,40.04718584105312,943.1923332896364,0.0,26.760297654920592,1288.986126747307,5.650317547597198,humo,491.7602605126508,0.98,21.6,0.78,1.02,70.5,60.061446716535144,11.92,43,41.6,68.2,1,0.83,Alto,Enviar alerta y cambiar ruta
Pasillo B,18.76163701012475,48.862577622077005,900.0,0.4148,59.07852297646809,1714.976851141481,50.60463011506083,metano,121.26973663289992,1.26,21.0,2.38,1.27,90.3,60.061446716535144,11.75,4,47.4,67.6,0,0.25,Medio,Avanzar con precaución
Zona de escombros,22.87716934040477,19.92714566227093,948.5158536398762,0.0,27.380500175908967,1002.2710312959335,99.18506849671856,metano,322.9054400256038,2.23,30.1,2.39,0.76,34.3,60.061446716535144,11.59,24,44.4,48.1,0,0.21,Alto,Cambiar ruta o detenerse
Punto crítico,21.372673429694007,23.99436507594277,900.0,0.47405,27.172034562615124,2435.423191527268,98.25289385326371,amoniaco,151.8268228688005,2.17,0.1,2.78,1.1,79.0,60.061446716535144,11.9,24,44.4,55.9,0,0.2,Medio,Avanzar con precaución
Túnel estrecho,21.401333280919804,34.501734362459025,935.5130789866172,0.0,37.80060751380111,1678.236863267352,116.58462611559621,sin_gas,449.3630568052648,1.44,6.6,3.25,1.47,22.0,60.061446716535144,11.45,24,44.4,48.4,0,0.37,Alto,Cambiar ruta o detenerse
Sector sur,19.25221330566149,39.883261700935726,948.487664236243,0.0,26.07966342382591,1238.7434833563805,58.17437665193893,sin_gas,296.75844605693203,0.55,7.7,4.8,0.31,94.1,60.99943644357407,11.54,43,42.3,65.5,1,0.73,Bajo,Enviar alerta y continuar exploración
Escalera colapsada,24.113395354161703,17.808520281550155,950.0112258231557,0.0,39.59721382392007,1754.5206125322914,99.59261894056374,sin_gas,103.73866382823543,1.01,33.2,3.33,1.4,98.6,60.061446716535144,12.08,4,47.4,51.3,0,0.25,Medio,Avanzar con precaución
Pasillo A,21.84424399843181,32.43310310831484,900.0,1.16185,65.55814075619354,1230.350522112386,38.212686051050866,humo,131.06552522271414,2.44,5.4,4.44,0.83,48.3,60.061446716535144,11.78,24,44.4,78.1,0,0.11,Medio,Avanzar con precaución
Túnel estrecho,20.94427164532066,21.285967522695987,900.0,0.0,9.867192423723234,2117.37093005678,37.70263752060471,monoxido_carbono,216.24036520906049,1.52,1.3,2.87,1.0,28.6,52.982157021009954,11.5,43,35.9,71.0,0,0.35,Alto,Cambiar ruta o detenerse
Habitación bloqueada,21.437205246364304,25.60656988035146,946.0381656277596,1.54065,39.31874746928797,1592.4660171586147,105.8986935989562,metano,61.02178101490635,1.95,18.7,3.21,1.33,72.7,60.061446716535144,11.78,4,47.4,66.7,0,0.02,Medio,Avanzar con precaución
Zona de escombros,22.28815248299096,46.9295576875521,951.604021555136,0.9481,17.81103675392281,488.1380571527407,124.95770238293468,sin_gas,39.366684131740826,1.12,18.5,0.54,0.67,22.4,37.75501809818902,11.27,4,29.6,64.0,1,0.74,Alto,Enviar alerta y cambiar ruta
Pasillo A,23.833216295038405,18.05516449190896,947.7073479511891,2.13325,31.3329517384083,771.1894215892676,26.06999416922539,monoxido_carbono,340.03069787397806,1.33,29.5,0.84,0.69,58.6,72.18245617800027,12.02,4,57.1,72.3,0,0.16,Alto,Cambiar ruta o detenerse
Pasillo A,24.338882024681048,37.5578217267807,953.7293272312425,0.0,37.1603517641588,2216.487343362023,26.488232833239085,sin_gas,203.58253104456014,1.07,33.2,2.98,0.84,41.7,60.061446716535144,11.83,4,47.4,72.1,0,0.25,Alto,Cambiar ruta o detenerse
Habitación bloqueada,21.90236384254043,34.61167231410634,900.0,0.0,56.3877508720233,1582.0896353492587,103.92797100557883,sin_gas,363.1128959351385,1.76,18.8,2.1,0.13,57.9,60.061446716535144,11.73,24,44.4,37.5,0,0.15,Alto,Cambiar ruta o detenerse
Túnel estrecho,19.52314938391896,28.160494482438093,950.2346276088958,0.0,34.54397351000609,2395.721300679201,52.266756649637976,sin_gas,55.02910021881075,2.13,32.5,4.03,0.8,21.5,60.061446716535144,11.81,24,44.4,77.7,1,0.84,Alto,Enviar alerta y cambiar ruta
Túnel estrecho,21.18811357123765,47.70104463890328,945.7292193368188,2.42955,39.52755632704317,552.0868570074381,73.66984289219502,monoxido_carbono,304.93277395054787,1.27,25.4,2.81,0.51,24.1,60.061446716535144,11.74,24,44.4,59.9,0,0.02,Alto,Cambiar ruta o detenerse
Habitación bloqueada,21.902996217576465,37.66887305702754,939.1250568837136,0.0,56.55266662082333,1020.0473231805453,75.13097833832613,metano,221.65339668487022,1.2,9.3,4.43,1.4,21.3,60.061446716535144,11.64,4,47.4,58.9,0,0.17,Medio,Avanzar con precaución
Entrada,22.63697146190732,21.503284152308773,939.2074367923084,0.0,69.01971776449079,806.4410838031024,36.24675037486037,monoxido_carbono,28.999327228514282,0.85,32.5,4.87,0.22,69.5,15.0,10.65,24,8.4,82.4,0,0.33,Medio,Avanzar con precaución
Sector norte,20.081656573857973,25.423752023285594,946.4528738473724,0.0,37.5388742985338,1563.064613680346,5.230060850359626,monoxido_carbono,272.40098913798846,0.44,23.4,0.91,0.74,64.8,60.061446716535144,11.96,24,44.4,66.9,0,0.11,Medio,Avanzar con precaución
Zona de escombros,19.039584105395384,35.62349542957715,948.5921260146356,2.0147,75.45264022519851,1203.8649452678096,154.3015667445763,gas_desconocido,41.402137357272885,2.35,14.5,2.1,1.43,38.7,60.061446716535144,11.86,4,47.4,51.8,1,0.69,Medio,Enviar alerta y avanzar con precaución
Punto crítico,20.970729380477653,29.008083415395127,900.0,0.4148,20.30083135511702,730.2744215604257,130.12534455709545,amoniaco,413.85987389550405,0.79,23.8,3.39,1.36,71.7,69.20414902546806,12.11,24,51.8,37.0,0,0.2,Medio,Avanzar con precaución
Sector sur,24.089494554207736,26.15035438807443,957.6319514783268,0.0,17.292237970817382,1749.7790193150486,125.84424767022396,metano,315.9787326950144,2.0,14.0,1.67,1.08,90.7,58.724842242484144,11.73,24,43.4,42.1,1,0.91,Alto,Enviar alerta y cambiar ruta
Entrada,20.929297853720342,25.54312438192627,945.3286089494172,3.67395,53.06350445931693,1526.2265681740917,100.63839916983095,amoniaco,278.4837668802242,1.79,4.0,1.48,0.93,42.2,60.061446716535144,11.8,24,44.4,45.3,0,0.04,Alto,Cambiar ruta o detenerse
Punto crítico,21.742598318160493,36.15348520182752,946.8875151830548,0.0,25.33281709910261,976.9461277222321,127.66968955117107,humo,66.73450223482952,1.98,25.2,4.11,0.49,86.6,60.061446716535144,11.73,4,47.4,53.5,0,0.04,Medio,Avanzar con precaución
Sector sur,18.95353898799693,38.3902232096254,952.4316336283111,0.0,31.772426626631475,1407.5198513429932,168.7454660708345,metano,143.7285567520415,2.34,28.8,4.91,0.61,73.0,63.66884771551644,12.01,24,47.3,45.8,1,0.78,Alto,Enviar alerta y cambiar ruta
Escalera colapsada,20.6663183518396,36.33958076121947,941.1769101802416,0.0,28.88705997276068,1966.050461586498,121.49290384012595,metano,246.43794856764967,1.56,25.5,3.91,0.23,22.7,60.061446716535144,11.71,22,44.7,54.8,0,0.11,Alto,Cambiar ruta o detenerse
Pasillo B,24.316707524994985,18.39515000725689,949.1888770388016,0.0,11.148908649711922,831.0705165563829,51.39099533730374,sin_gas,316.64175681984403,2.24,8.0,2.71,1.2,50.0,60.061446716535144,11.61,4,47.4,52.6,0,0.17,Medio,Avanzar con precaución
Escalera colapsada,22.664858734781724,42.70500413203929,949.2112907006468,0.0,21.23542189762625,1015.1020680736311,104.84800905465714,humo,91.61535937107779,0.42,33.5,2.32,0.55,60.6,56.736645232944696,11.77,24,41.8,53.2,0,0.33,Medio,Avanzar con precaución
Habitación bloqueada,25.06462220465596,24.33748650127662,948.6172043769488,0.0,5.338785337394451,1126.8330728976418,82.40677058908678,sin_gas,4.433139066811698,1.57,0.9,2.79,1.03,78.5,60.061446716535144,11.74,24,44.4,78.7,1,0.64,Bajo,Enviar alerta y continuar exploración
Sector sur,22.14164014497542,35.46533480598498,946.8300145061648,0.4148,5.745468490672436,1968.1255181221663,102.37334794462616,sin_gas,172.38009363464778,1.93,11.6,2.42,0.6,43.0,60.061446716535144,11.8,24,44.4,49.4,0,0.29,Alto,Cambiar ruta o detenerse
Túnel estrecho,21.80820839859637,38.76662934722361,947.684898424294,0.0,17.004494412552905,2178.5374590569045,95.58183354724439,monoxido_carbono,241.4357272781218,0.68,9.1,2.61,0.75,98.6,60.061446716535144,11.87,24,44.4,52.2,0,0.21,Medio,Avanzar con precaución
Sector norte,22.945221238069408,40.1541937328094,947.04398481401,1.30365,24.73312151502496,1190.415842527383,155.28567491498137,humo,92.21675279840153,1.85,1.7,1.18,0.88,74.8,60.061446716535144,11.67,24,44.4,46.2,0,0.36,Medio,Avanzar con precaución
Túnel estrecho,21.832179629899525,37.91209525726476,939.6125971037758,0.0,28.88235413333805,1022.9038098512283,119.06501809168674,metano,246.0827529276029,1.95,14.2,4.54,1.22,49.8,35.83773067150265,11.22,24,25.1,57.7,0,0.39,Alto,Cambiar ruta o detenerse
Escalera colapsada,19.859211742828737,33.268020889062065,941.5053841726389,0.0,35.85987537660666,2267.838192538522,38.03273363846819,amoniaco,169.24292928463436,2.08,21.8,3.82,0.4,27.8,60.061446716535144,11.71,24,44.4,66.4,0,0.2,Alto,Cambiar ruta o detenerse
Escalera colapsada,22.830014335624163,41.5091538078396,900.0,1.7152,24.7945504152764,2498.6663576046253,16.027936303189897,humo,227.5448330532039,0.78,30.9,3.47,0.66,34.5,60.061446716535144,11.95,24,44.4,80.7,0,0.24,Alto,Cambiar ruta o detenerse
Sector sur,21.636930476820595,35.200213114577686,949.117903198093,0.0,28.92758910609076,1807.742643289778,79.26366301923572,metano,173.72887528929698,1.7,34.6,4.76,0.28,59.0,46.18834059623052,11.47,24,33.4,56.9,1,0.86,Alto,Enviar alerta y cambiar ruta
Punto crítico,24.13830979148403,44.746543522261305,948.027872222209,4.56275,29.81537571107794,2478.9592914772797,7.731858895102618,monoxido_carbono,314.23392489340006,0.76,28.3,1.57,0.21,59.6,65.39938084052457,11.9,24,48.7,82.0,0,0.13,Medio,Avanzar con precaución
Zona de escombros,20.288464867584885,22.64356221007029,945.8800567611004,0.0,43.637428649048,1785.929183384011,60.70204252083374,monoxido_carbono,21.44850549678584,1.85,16.4,0.59,0.95,81.4,32.15872513368,11.0,4,25.1,67.8,0,0.1,Alto,Cambiar ruta o detenerse
Pasillo A,19.349997696309067,32.58308615127546,956.5016995510896,1.24435,30.467193276939028,1940.2665712164323,69.40375715186448,humo,85.45264497213678,1.16,25.3,4.17,0.36,78.1,60.061446716535144,11.87,4,47.4,77.9,1,0.76,Medio,Enviar alerta y avanzar con precaución
Escalera colapsada,22.244264448503248,43.81170093223088,949.9481586316938,5.4516,8.010254314056164,1216.1776032413786,70.72805295173669,amoniaco,216.3754345554998,1.49,29.5,4.99,0.18,36.1,60.061446716535144,11.83,24,44.4,66.8,0,0.18,Alto,Cambiar ruta o detenerse
Habitación bloqueada,20.746507283431097,36.81439090316642,948.9267707931224,0.0,52.824343286182135,1309.2318486980123,176.38625425668124,humo,178.14835777592836,1.04,16.3,2.98,1.36,67.6,60.061446716535144,11.64,24,44.4,41.6,0,0.01,Alto,Cambiar ruta o detenerse
Túnel estrecho,24.433876844050573,34.895391550888256,943.5648609204512,0.4148,19.910009741842995,702.6848943777297,58.18265347018195,sin_gas,195.81597797690853,0.4,27.5,0.48,0.85,21.6,74.55185303527777,12.35,24,56.0,72.5,0,0.34,Alto,Cambiar ruta o detenerse
Sector norte,23.36160544623256,34.96936820426734,942.53697183546,0.0,37.7260360223341,2127.7750310067586,51.41481169125871,sin_gas,401.88034744023986,0.45,16.9,3.95,0.29,51.9,60.061446716535144,11.81,24,44.4,57.4,0,0.24,Medio,Avanzar con precaución
Sector sur,20.98714489041414,36.76610940066933,946.8831687657132,0.0,29.84052781949608,2355.2239648631203,27.641662936819714,sin_gas,443.16582912368284,0.19,13.5,0.55,0.17,81.1,60.061446716535144,11.67,4,47.4,65.3,0,0.08,Medio,Avanzar con precaución
Punto crítico,23.478226032870275,35.326057413302955,949.065164893674,0.0,24.811922229112664,1709.2200807576353,94.42654624445724,metano,124.33439174878502,1.55,18.4,2.79,0.27,52.0,15.0,10.81,24,8.4,50.3,0,0.02,Alto,Cambiar ruta o detenerse
Zona de escombros,23.06037149431173,22.43088685919469,900.0,1.3629,10.32647278966664,1121.6593477353367,31.893003587383614,humo,418.1955301431527,2.12,23.7,1.53,0.76,86.8,69.3429395701422,11.9,4,54.9,59.5,0,0.12,Medio,Avanzar con precaución
Zona de escombros,22.687259991188384,26.3428423742417,943.4269810345924,3.3184,12.20599929635888,723.4342832861691,112.85157472788728,sin_gas,229.3949326451789,0.05,25.4,4.59,1.04,98.1,72.41215009322728,12.25,24,54.3,49.0,0,0.37,Medio,Avanzar con precaución
Pasillo B,25.09619959801655,30.54455192825253,945.8231731598152,0.0,57.74297470436386,956.8280823811614,32.15296131421117,sin_gas,136.9103096431104,0.17,12.5,2.37,1.0,68.6,73.32400020533821,12.18,4,58.1,80.7,0,0.37,Bajo,Avanzar
Pasillo A,18.827977207918806,20.471481666431952,951.5839558264904,0.0,33.81822429232166,936.361883788871,105.91783060786021,sin_gas,492.7280355023392,1.14,20.0,4.51,0.3,31.6,60.061446716535144,11.83,43,41.6,40.7,0,0.13,Alto,Cambiar ruta o detenerse
Punto crítico,17.9559885695967,26.27161487252608,900.0,0.0,30.3313554764046,1688.4085567435034,149.5971168555596,metano,412.40089571708364,1.84,31.8,1.64,0.99,50.4,60.061446716535144,12.02,4,47.4,39.5,0,0.34,Alto,Cambiar ruta o detenerse
Habitación bloqueada,24.441845223533743,36.0893511321308,900.0,0.0,15.158186318380286,2384.5786772635693,12.441810865841212,sin_gas,497.12665954326803,0.39,34.2,2.06,0.67,20.8,76.52705541715811,11.95,24,57.6,56.8,0,0.18,Alto,Cambiar ruta o detenerse
Túnel estrecho,25.205752772839723,38.77705532058104,947.5668395419744,0.0,16.002549405327894,501.37096261176106,78.45572061068603,sin_gas,84.09539221412732,0.68,8.0,4.75,0.75,68.2,60.061446716535144,11.88,24,44.4,69.6,0,0.27,Bajo,Avanzar
Habitación bloqueada,24.319738829353227,35.79736029647051,900.0,1.7152,21.05527070692807,402.14682914834077,85.6835692632962,humo,71.92133697392933,0.58,6.7,1.17,1.22,85.7,60.061446716535144,11.84,4,47.4,59.9,0,0.14,Bajo,Avanzar
Habitación bloqueada,22.99156098790798,25.37574182988935,900.0,26.5571,63.826487816206495,1660.3820830600837,143.43762510866966,metano,251.68897647211963,1.0,23.7,2.98,0.57,70.4,60.061446716535144,11.73,24,44.4,44.1,0,0.21,Alto,Cambiar ruta o detenerse
Pasillo A,21.97056093084752,36.52621002070448,944.758774841946,5.2739,42.49500798819938,996.526970367402,86.88523559047023,monoxido_carbono,319.32188001727695,0.56,14.5,2.06,0.31,82.9,60.061446716535144,11.73,24,44.4,42.5,0,0.12,Medio,Avanzar con precaución
Escalera colapsada,21.15959443304003,33.38968090700781,900.0,0.0,33.92421719619256,2249.15151891181,104.31876262985604,monoxido_carbono,85.53004626667582,0.88,0.8,3.92,1.32,84.0,60.061446716535144,11.9,24,44.4,66.2,0,0.03,Medio,Avanzar con precaución
Sector sur,21.882825656382707,33.66974496361903,944.3653891499252,2.4295,43.30384362147019,1087.2256466022156,143.46074437791245,amoniaco,430.2153340442713,1.82,12.1,0.82,0.4,88.1,60.061446716535144,11.89,4,47.4,42.6,0,0.06,Alto,Cambiar ruta o detenerse
Habitación bloqueada,21.09171643179133,46.123225508205145,900.0,0.0,34.800971730489614,1008.4489611106676,102.95773626262587,sin_gas,266.0067393316817,1.53,28.2,2.3,0.51,41.3,49.98895258121139,11.34,4,39.4,49.1,0,0.12,Alto,Cambiar ruta o detenerse
Pasillo A,23.381985951607497,32.84081601193321,944.0030986683804,0.5333,61.324209175146585,965.9723045584243,67.70239736592691,humo,205.47091661032374,0.2,27.9,3.55,1.09,89.7,60.061446716535144,12.03,24,44.4,53.7,0,0.39,Medio,Avanzar con precaución
Habitación bloqueada,21.939334460079458,33.846877212257446,941.656916005751,0.59255,17.81002612521534,704.1909372633127,20.0223985836019,monoxido_carbono,301.02683646352256,1.59,17.3,2.15,1.06,72.3,72.32862629969227,12.19,24,54.3,67.0,0,0.39,Medio,Avanzar con precaución
Entrada,23.18557467348053,47.30331062149522,900.0,2.48875,41.85307964366009,1621.2139959819322,132.73523516470107,sin_gas,317.4768564861446,1.19,16.5,0.48,1.22,43.2,59.66738664635966,11.71,24,44.1,49.2,1,0.63,Alto,Enviar alerta y cambiar ruta
Sector sur,21.69218845590031,36.594902949061336,944.1743232535144,0.0,25.87104216620788,753.2485649018411,157.44917627837714,sin_gas,21.391640491897068,2.34,20.3,3.58,0.36,99.0,60.061446716535144,11.64,24,44.4,48.8,0,0.1,Medio,Avanzar con precaución
Habitación bloqueada,22.42027384483652,40.3412872353093,946.251738594911,0.88885,28.44512514001368,1291.7254355596108,174.7612939785287,sin_gas,499.9463333525246,0.72,7.7,2.62,0.59,96.0,70.57119228830109,12.15,24,52.9,13.1,0,0.18,Medio,Avanzar con precaución
Habitación bloqueada,23.74906081971195,39.10968634644706,939.588838545018,0.0,71.78468845506659,1368.0413097368626,167.15497913502446,amoniaco,181.95978840223776,1.82,18.4,0.25,0.28,66.0,60.061446716535144,11.84,4,47.4,49.0,0,0.18,Alto,Cambiar ruta o detenerse
Zona de escombros,23.01700686966232,35.46892294885532,951.6191228688008,0.0,4.335136817140175,443.0332984437464,144.54813404581853,monoxido_carbono,30.771323454948096,1.83,0.4,3.14,0.86,87.5,60.061446716535144,11.87,24,44.4,59.0,0,0.16,Medio,Avanzar con precaución
Zona de escombros,23.327811544349007,20.40983960483141,952.107823230717,2.785,28.88730483384869,435.29528762439924,117.60758814300243,metano,426.1615873877576,0.55,16.6,4.62,0.51,40.9,47.4217727929823,11.58,4,37.3,33.0,0,0.03,Medio,Avanzar con precaución
Punto crítico,19.423041595959987,42.51901946016847,938.8089532962382,0.0,61.12281578926821,1492.4466463893414,141.75552552036172,sin_gas,496.5093396061561,2.26,11.8,0.73,1.06,53.3,60.96330758047895,11.96,24,45.2,21.9,0,0.22,Alto,Cambiar ruta o detenerse
Túnel estrecho,23.844188481366505,29.268435303966378,900.0,0.0,27.165090844334177,1861.6729376811777,80.61464974911189,humo,408.1792546080451,1.23,23.6,3.04,0.1,34.7,60.061446716535144,11.89,24,44.4,45.3,0,0.04,Alto,Cambiar ruta o detenerse
Pasillo A,24.39958848632628,34.91365853688759,952.289608311096,0.59255,46.84104469544946,2378.49921278885,109.08583758839612,humo,425.94124492992285,1.7,22.3,3.7,0.18,61.6,60.061446716535144,11.68,24,44.4,31.6,0,0.32,Alto,Cambiar ruta o detenerse
Entrada,24.0186959235938,18.2251970143706,900.0,2.785,15.819241165984575,776.1504967296057,66.02246659935741,monoxido_carbono,312.9675571097255,0.36,13.3,0.54,0.71,59.7,60.061446716535144,11.67,24,44.4,66.0,0,0.28,Medio,Avanzar con precaución
Pasillo A,22.76853695687754,46.87377960348233,945.5336293326347,0.47405,18.58435640657061,616.8434998157734,62.174112621566984,monoxido_carbono,461.1627891104664,0.64,0.3,0.31,1.44,37.0,60.061446716535144,11.81,4,47.4,50.5,1,0.95,Medio,Enviar alerta y avanzar con precaución
Pasillo B,13.632610293756091,40.596643392511865,900.0,0.0,26.222035554295843,509.3846045470169,137.4210603233059,humo,17.86927586373377,1.47,8.8,2.43,1.35,73.8,60.061446716535144,12.1,4,47.4,51.1,0,0.26,Medio,Avanzar con precaución
Túnel estrecho,20.98780176872562,35.96456426396332,900.0,0.0,6.499577566843762,1315.6873241171957,84.4382369031233,amoniaco,383.36193147710054,0.8,22.2,4.0,1.49,29.4,48.16344036683389,11.49,24,34.9,45.7,0,0.1,Alto,Cambiar ruta o detenerse
Punto crítico,18.984275918715024,28.18045366990724,900.0,0.0,40.04738239060678,1708.6094714055093,42.12822101293011,metano,335.35511416703775,1.25,2.5,0.97,0.68,24.9,75.72912584471705,12.14,24,57.0,56.8,0,0.11,Alto,Cambiar ruta o detenerse
Zona de escombros,24.73349844499981,43.90700212519,942.4731047459128,0.0,38.0583098184801,2165.162049177655,40.339178339826525,sin_gas,24.79248526200112,0.94,3.8,4.22,0.17,50.8,60.061446716535144,11.9,24,44.4,70.3,1,0.86,Medio,Enviar alerta y avanzar con precaución
Sector norte,21.058159364956133,22.96978153082748,900.0,0.5333,18.518981076298385,1833.5542528155759,155.35516327473837,amoniaco,271.98678948823965,1.6,22.6,3.35,0.53,52.8,50.22880117475782,11.49,24,36.6,40.3,0,0.32,Alto,Cambiar ruta o detenerse
Sector norte,23.726624188455183,26.12595064059328,953.5023824027588,0.0,33.688002574483086,837.5576570572005,123.60808651346746,sin_gas,257.53017287893476,1.22,26.5,1.79,1.05,45.6,60.061446716535144,11.88,22,44.7,55.4,0,0.09,Alto,Cambiar ruta o detenerse
Sector sur,23.167114921759165,43.20888625770393,951.9303974199876,0.0,48.99177768389445,1369.7177694321858,100.55806283767028,sin_gas,345.76711253848833,0.01,11.3,2.68,0.29,40.6,60.061446716535144,11.76,24,44.4,50.3,0,0.23,Medio,Avanzar con precaución
Pasillo A,23.25443480715621,36.10123367058856,900.0,0.0,41.123655653612566,2311.727327248176,75.1642787993629,humo,38.76570580458627,1.62,17.1,4.83,0.52,47.1,60.03693849125931,11.95,24,44.4,65.8,0,0.09,Alto,Cambiar ruta o detenerse
Entrada,25.07425488784081,21.719396597601044,950.4653115860134,0.9481,26.06021773684449,1086.1562312024796,80.39304338774701,monoxido_carbono,402.639392664206,1.06,33.1,1.24,0.18,33.1,60.061446716535144,11.62,4,47.4,55.5,1,0.69,Alto,Enviar alerta y cambiar ruta
Entrada,23.800385742098324,44.11734819495665,900.0,0.8296,43.0264844366706,1447.333766693056,15.051158984115165,humo,69.70172100575233,0.85,33.1,2.6,0.76,52.3,60.061446716535144,12.11,4,47.4,76.6,0,0.1,Medio,Avanzar con precaución
Pasillo B,19.680364072949764,41.14515293850236,945.1235531063504,0.0,28.5634625064192,2412.987202751763,84.60927535187248,metano,209.33230673093632,0.24,10.8,3.2,0.39,92.4,60.061446716535144,11.71,43,41.6,64.0,1,0.85,Medio,Enviar alerta y avanzar con precaución
Entrada,22.663388132631347,38.40641241397338,955.1161742456288,0.0,19.387730815623343,1942.886811704765,144.20460935886433,humo,440.644003750818,0.55,28.3,0.86,0.23,38.0,60.061446716535144,11.84,24,44.4,41.7,0,0.22,Alto,Cambiar ruta o detenerse
Túnel estrecho,21.001416723322947,24.79766737891418,947.321538908358,1.3629,75.55034143118993,1970.2548098475531,72.89763401668141,metano,280.2658027477482,0.56,20.8,0.41,0.68,74.8,60.061446716535144,11.76,24,44.4,57.6,0,0.29,Medio,Avanzar con precaución
Punto crítico,23.123127649333576,37.71272813494171,947.0923376882678,0.0,45.31365619443933,929.901409267778,72.12671919507014,amoniaco,189.79545687736714,2.34,34.1,0.26,0.59,31.3,60.061446716535144,11.6,24,44.4,57.9,0,0.1,Alto,Cambiar ruta o detenerse
Sector norte,20.71786048745581,35.74977378008501,949.008855445538,0.0,17.65249788859228,1270.8660484407692,7.750402028375365,sin_gas,24.10112102291839,1.08,16.7,1.76,0.85,48.3,49.00262230690287,11.65,4,38.6,89.9,1,0.75,Medio,Enviar alerta y avanzar con precaución
Túnel estrecho,20.875022944004577,27.02257901628554,900.0,5.51085,14.85105413274974,572.9185425031155,85.12117094766201,sin_gas,336.13675860086084,0.11,27.1,0.55,1.15,45.7,49.03709537875567,11.49,24,35.6,46.9,0,0.28,Alto,Cambiar ruta o detenerse
Sector norte,22.742237718041547,26.05640649019001,941.282251177022,1.7152,63.70045057718456,1673.7043208061207,9.434089265894201,metano,493.273382653392,0.35,26.9,4.06,0.26,95.0,60.061446716535144,11.84,24,44.4,64.2,0,0.05,Medio,Avanzar con precaución
Entrada,20.033744286016137,37.43954162434365,942.2959641539736,0.0,62.93358416005247,617.8333455392378,104.81114990153318,amoniaco,455.89819937919145,0.2,17.4,4.99,1.21,54.2,60.061446716535144,11.64,4,47.4,47.6,0,0.11,Medio,Avanzar con precaución
Zona de escombros,22.772712567147707,43.8122061768594,943.9906413848016,0.0,36.07259618539607,2155.410122632505,93.68709177690496,sin_gas,358.648038786714,1.47,27.8,0.49,0.14,75.2,69.50418782621577,11.92,22,52.3,56.8,0,0.13,Alto,Cambiar ruta o detenerse
Zona de escombros,24.597089553447173,34.86790321936778,947.2921851388012,0.88885,11.936671405133897,2110.5629527419933,152.0014873116998,monoxido_carbono,52.64642912797252,0.47,9.1,2.28,0.72,68.2,60.061446716535144,11.72,4,47.4,45.2,0,0.3,Medio,Avanzar con precaución
Escalera colapsada,24.014581339347902,19.730943910006506,932.97740379634,2.07395,37.16202571081696,1520.57071235685,106.81160691200121,sin_gas,119.72004670019709,1.25,4.3,0.32,0.92,31.3,15.0,10.9,24,8.4,59.6,0,0.25,Alto,Cambiar ruta o detenerse
Pasillo B,25.267642776507,20.47353632168057,952.717656141909,0.0,62.77415911924633,696.4486697137623,61.59978718138766,sin_gas,93.4245097266435,0.93,14.9,0.84,1.44,95.2,60.061446716535144,11.81,43,41.6,61.7,0,0.08,Medio,Avanzar con precaución
Entrada,21.61373332733938,32.348656963495,944.0322963319588,0.0,66.9242864545034,453.7158647098531,95.34042664795997,monoxido_carbono,177.73082012782265,2.01,33.0,1.75,0.9,47.7,60.061446716535144,11.73,24,44.4,56.5,0,0.24,Alto,Cambiar ruta o detenerse
Zona de escombros,19.33581786203625,41.08567695248956,900.0,1.7152,16.70283258238563,2073.0882018394022,127.44861225623579,gas_desconocido,117.75861389576775,0.8,17.5,2.09,0.32,23.6,60.061446716535144,11.71,24,44.4,55.3,0,0.29,Alto,Cambiar ruta o detenerse
Sector norte,23.13587145985832,21.562877335837616,950.071004848216,0.0,65.73936451673637,1660.2950147481963,21.44366419681699,sin_gas,122.2197229858466,1.15,22.2,4.71,0.82,44.0,75.49810851920417,12.13,43,53.9,81.5,0,0.16,Medio,Avanzar con precaución
Punto crítico,22.805666697693507,35.619649859079345,900.0,0.0,37.59772164663416,1892.952237170555,113.68796548232591,monoxido_carbono,308.3649676877028,1.8,21.8,2.1,0.65,46.9,42.10543880323557,11.41,4,33.1,53.5,0,0.11,Alto,Cambiar ruta o detenerse
Entrada,20.14001390581756,25.237697634586123,948.3748571932276,0.4148,72.516529043288,1037.994964046372,165.40959934614634,gas_desconocido,159.35132798069174,1.08,4.6,2.58,0.77,27.4,78.42682342198343,12.17,4,62.1,38.8,0,0.27,Alto,Cambiar ruta o detenerse
Entrada,20.41070963975044,32.905249532272464,951.4569786546548,0.0,51.86938196761937,1469.9137494722204,57.34780173546777,monoxido_carbono,338.5814382362365,1.98,13.7,1.38,0.38,69.6,60.061446716535144,12.06,4,47.4,57.1,1,0.71,Medio,Enviar alerta y avanzar con precaución
Pasillo B,25.553350899970702,41.91133981640852,900.0,0.0,42.584488776350256,1969.065758133266,114.65939160337214,monoxido_carbono,473.94482957309026,1.65,24.7,0.2,0.8,47.7,60.061446716535144,11.84,24,44.4,31.6,0,0.04,Alto,Cambiar ruta o detenerse
Pasillo B,22.71971896154865,25.90763666485644,938.817072796235,0.0,63.95461452451127,1371.382947458979,148.7326538112926,sin_gas,319.2389583066195,1.03,34.0,4.52,0.31,70.3,60.061446716535144,12.05,24,44.4,42.8,0,0.27,Alto,Cambiar ruta o detenerse
Pasillo A,21.939791625932063,25.8586757801054,949.0063367628017,0.0,17.13718923678575,1662.9068678143349,94.56611955175921,metano,375.8283386051856,1.26,5.9,0.59,1.14,20.5,60.061446716535144,11.75,43,41.6,51.8,0,0.2,Alto,Cambiar ruta o detenerse
Habitación bloqueada,24.8254505115592,39.74746647131065,945.5438530872908,7.2886,36.765577425985214,2058.429349796721,130.64641845356735,metano,375.790207641419,2.42,14.4,4.83,0.93,98.6,60.061446716535144,11.75,4,47.4,46.6,0,0.3,Alto,Cambiar ruta o detenerse
Habitación bloqueada,19.20542898509096,25.78927343625703,943.9273409738832,2.13325,42.34934965200324,851.9633550593956,59.42680923562051,metano,165.3513941996555,1.65,3.3,0.83,0.21,33.6,66.47418600399163,11.82,24,49.6,71.0,0,0.08,Medio,Avanzar con precaución
Sector sur,21.75472024707024,20.944435703356145,900.0,4.9183,26.837888108148647,538.4506676507128,58.56022926190033,humo,7.478997296717749,2.26,8.5,3.1,1.35,72.7,60.061446716535144,11.81,24,44.4,76.4,0,0.11,Bajo,Avanzar
Sector norte,23.501693980112734,26.803505131290542,944.0200457720092,0.47405,25.716823572628584,1516.8293727026908,121.82720381474812,metano,27.52398149710722,0.45,13.2,5.0,0.96,77.3,75.76195111048638,12.04,4,60.0,48.9,0,0.22,Medio,Avanzar con precaución
Sector sur,20.97495603888452,19.611986824803736,937.5596711701957,0.0,32.53052854964199,530.464118512201,128.44655294535966,sin_gas,141.03012544227923,1.21,18.9,0.86,0.54,33.7,60.061446716535144,11.69,24,44.4,47.8,1,0.83,Alto,Enviar alerta y cambiar ruta
Entrada,23.870177415400647,31.69410235752372,948.6245676242138,1.7152,14.928649074061262,2009.7703181701818,168.97669741462516,humo,344.77159182879905,2.27,8.1,2.23,0.16,28.9,60.061446716535144,11.48,4,47.4,24.9,0,0.16,Alto,Cambiar ruta o detenerse
Pasillo A,18.49649067578224,36.0726747574734,900.0,0.0,65.03601999842765,1910.3440400309562,44.346750575645544,monoxido_carbono,453.3415693241463,0.81,8.0,3.95,0.99,32.2,60.061446716535144,11.98,24,44.4,59.7,0,0.3,Medio,Avanzar con precaución
Zona de escombros,21.62584224548286,33.41689266724357,900.0,5.33005,13.397142801866272,2251.596610077124,86.93807931539459,humo,479.39913109537315,2.42,27.2,0.35,0.62,39.7,74.39218621560558,12.0,4,58.9,51.4,1,0.81,Alto,Enviar alerta y cambiar ruta
Entrada,23.10089924650727,47.80169671589473,944.5165428226798,0.0,36.71985803561838,1743.0804058713172,48.83985780368099,monoxido_carbono,12.924331920036725,0.24,33.7,3.51,1.37,33.5,60.061446716535144,11.98,24,44.4,82.0,0,0.29,Medio,Avanzar con precaución
Habitación bloqueada,21.97483832644218,32.06231320227442,900.0,0.0,25.55327564788355,541.1148985799849,19.016128154042946,sin_gas,495.0436228163856,2.26,11.3,0.59,0.15,73.9,60.061446716535144,11.75,24,44.4,65.4,0,0.07,Alto,Cambiar ruta o detenerse
Pasillo B,19.00931132187572,19.14133573653565,942.395720102552,0.0,37.534104761439664,931.6194635281965,75.56534239081034,monoxido_carbono,161.24860917834687,1.11,24.1,1.34,0.15,53.7,60.061446716535144,11.86,24,44.4,61.4,0,0.29,Medio,Avanzar con precaución
Escalera colapsada,24.792762209203666,42.63583625269033,943.6640459383224,0.0,20.67045525742252,2096.6568735817104,70.46413077543558,monoxido_carbono,421.47811411755765,0.18,9.0,0.97,1.43,63.0,60.061446716535144,11.77,22,44.7,54.5,0,0.19,Medio,Avanzar con precaución
Zona de escombros,20.692776417474622,36.88681694595424,946.0514449782776,0.0,14.33546399995023,750.9780763585343,52.32597099688289,sin_gas,90.14773034839018,2.2,32.5,4.56,1.45,23.8,60.061446716535144,11.82,24,44.4,65.3,0,0.02,Alto,Cambiar ruta o detenerse
Punto crítico,22.834751298612268,20.94522963071598,947.2717747280138,0.88885,76.49534515491865,1866.8089824112635,56.97410594939788,metano,31.449128803429595,0.63,23.6,1.07,0.14,88.9,60.061446716535144,11.61,24,44.4,64.4,0,0.1,Bajo,Avanzar
Zona de escombros,22.427131358711,48.609213217421775,900.0,0.0,64.92505080846415,2038.5445949330037,68.07206611147367,metano,189.17771203134376,0.06,28.1,0.39,1.1,33.6,60.061446716535144,11.94,24,44.4,66.7,0,0.02,Alto,Cambiar ruta o detenerse
Pasillo A,20.28797858038663,43.7057670504002,936.1815705670068,0.0,16.407860102146625,1093.2347754960065,178.04658573651636,monoxido_carbono,429.4626942653465,0.34,1.7,3.02,0.41,48.8,15.0,10.76,4,11.4,19.9,0,0.19,Alto,Cambiar ruta o detenerse
Sector norte,24.926944664881912,38.813058322856605,953.8447820904418,1.3629,52.05740723075644,1076.824694146108,142.01760904427402,sin_gas,110.41245793890802,1.65,20.9,1.86,1.08,25.8,60.061446716535144,11.9,24,44.4,45.8,0,0.14,Alto,Cambiar ruta o detenerse
Habitación bloqueada,20.52789911847099,38.33142504501683,944.9357184459918,0.0,11.925887086028707,1571.3856305392085,17.495210190208716,monoxido_carbono,76.97866287592109,2.44,18.5,2.15,1.32,30.9,60.061446716535144,11.54,24,44.4,87.9,1,0.77,Alto,Enviar alerta y cambiar ruta
Túnel estrecho,18.19614906079115,37.67384709529513,953.221782338768,1.7152,57.78863837124253,2208.701298785004,157.67230588517282,sin_gas,454.9021644750952,0.28,10.3,0.77,0.24,73.3,60.061446716535144,11.65,4,47.4,19.5,0,0.35,Alto,Cambiar ruta o detenerse
Sector norte,26.23211515378805,32.75971389903611,951.4643624612504,2.548,29.44557175892631,870.2030240183092,115.82808211976749,metano,469.1686013107295,1.15,9.2,3.79,0.43,75.4,60.061446716535144,11.82,22,44.7,43.6,0,0.33,Medio,Avanzar con precaución
Pasillo A,23.80251536469376,20.079345566053128,949.5570390663356,0.0,11.456627343478315,2376.6422116890453,160.8539080213341,sin_gas,6.274099594454463,0.45,20.3,3.09,0.13,74.2,60.061446716535144,11.74,24,44.4,44.7,0,0.21,Medio,Avanzar con precaución
Escalera colapsada,19.90396777716965,24.400248050752914,943.3731068285846,0.0,72.38181579878159,1658.1492381222272,64.79919524778992,sin_gas,363.7178687077408,1.86,24.7,1.95,0.16,64.2,60.061446716535144,11.83,24,44.4,58.7,0,0.32,Alto,Cambiar ruta o detenerse
Sector norte,18.62601290351741,35.15541210945922,949.6905173451358,0.0,38.919225682825086,2483.46558983978,86.29080134205078,sin_gas,154.60386826466333,0.3,1.2,1.02,0.14,96.2,76.38726905967843,12.14,4,60.5,63.4,0,0.11,Medio,Avanzar con precaución
Sector sur,23.365657940777265,36.67915859691948,950.1455970808915,0.0,20.798292722984904,588.1888203901775,161.83973502891897,sin_gas,187.35218498359478,0.6,19.9,3.05,1.22,60.6,15.0,11.09,24,8.4,41.1,1,0.85,Alto,Enviar alerta y cambiar ruta
Sector sur,23.559755195018404,35.95571948025131,950.2513255239488,0.0,12.632478903737022,665.7804866641941,52.70029878489426,metano,234.55148747574495,0.49,6.0,3.94,0.52,56.0,60.061446716535144,11.84,24,44.4,57.8,0,0.16,Bajo,Avanzar
Entrada,19.34506963941471,22.661198082781272,947.6601131352204,0.0,53.83440769550457,2135.9477877983136,165.21265334294768,gas_desconocido,213.39548508725974,1.38,4.9,1.7,0.79,39.8,60.061446716535144,11.7,24,44.4,45.2,0,0.08,Alto,Cambiar ruta o detenerse
Sector sur,21.057007424551355,19.86348649148203,948.0846582982424,0.0,21.855243336285103,2215.9873807680833,149.9874496252471,monoxido_carbono,257.48689249105263,2.18,21.8,0.32,1.2,27.9,60.061446716535144,11.7,24,44.4,48.5,0,0.04,Alto,Cambiar ruta o detenerse
Punto crítico,21.95773688669045,21.83971455408746,900.0,0.0,30.27231371309617,1335.4632455789613,176.59763965912634,monoxido_carbono,291.18085787000814,1.28,10.9,1.23,0.79,63.9,74.45097924024716,12.24,24,56.0,33.3,0,0.23,Alto,Cambiar ruta o detenerse
Entrada,21.049235659187087,21.287177742647582,900.0,1.24435,76.0586396800795,1899.5494698989035,61.74507772786354,humo,232.79775241896212,0.15,15.4,3.48,0.7,45.2,60.061446716535144,11.53,24,44.4,71.8,0,0.05,Medio,Avanzar con precaución
Sector norte,24.580241474235542,24.532301892633424,945.5543492109904,0.0,59.65870698015723,2221.870303635631,46.256806500837094,humo,350.7817702447588,1.41,12.6,4.95,0.12,61.9,60.061446716535144,11.85,24,44.4,57.1,0,0.29,Medio,Avanzar con precaución
Zona de escombros,22.9278487619761,40.06896614173973,900.0,0.0,44.77957204052975,490.5683552595402,62.90170698300243,humo,359.300831421071,1.99,22.7,0.26,0.9,36.5,75.10335163199967,11.91,22,56.8,51.1,0,0.37,Alto,Cambiar ruta o detenerse
Habitación bloqueada,21.291714115823723,34.04597798251569,951.7638566570894,3.3184,27.37155856446272,1605.2958882858431,172.06371429802866,sin_gas,220.17959871309756,0.33,16.5,1.67,0.27,87.1,60.061446716535144,11.93,24,44.4,28.9,0,0.07,Medio,Avanzar con precaución
Sector norte,13.66602318571725,25.09454140457697,900.0,0.0,24.886049604800228,2192.309399705628,63.28782680926477,monoxido_carbono,71.23157404355429,0.18,33.7,0.5,1.17,100.0,15.0,10.75,24,8.4,65.7,0,0.19,Alto,Cambiar ruta o detenerse
Pasillo A,19.705653874786098,41.321555270577846,945.0891037741447,6.93295,33.05095990513944,1236.1253836280275,103.91206849251667,humo,320.31946066006134,0.47,12.3,1.72,0.46,45.8,46.819964868180776,11.56,24,33.9,39.7,0,0.3,Medio,Avanzar con precaución
Pasillo B,23.001618758829192,19.62916774347488,900.0,1.83695,67.03384305988695,1035.0055728360965,75.64387445263999,humo,386.47835617535446,1.87,25.9,2.15,1.04,87.4,60.061446716535144,11.77,24,44.4,46.8,1,0.61,Alto,Enviar alerta y cambiar ruta
Zona de escombros,20.404829451471382,40.99800883431632,952.3675463010092,0.47405,21.991757737504777,2070.984038699159,74.33852528431166,monoxido_carbono,319.05476060197486,1.48,9.0,4.62,1.0,89.8,52.634519268272406,11.4,4,41.5,46.7,1,0.82,Alto,Enviar alerta y cambiar ruta
Punto crítico,19.681735533716992,35.50076029996775,951.7409358742096,3.4368,47.14086557686175,1105.1518253559561,38.84125672883466,sin_gas,294.0273829234078,1.35,17.8,0.59,0.96,99.7,60.061446716535144,11.86,4,47.4,71.7,0,0.36,Medio,Avanzar con precaución
Escalera colapsada,20.39663787797249,18.7715149033334,900.0,0.0,57.755434723218144,406.66602618745674,98.98891963957826,gas_desconocido,114.70599561730316,0.62,19.3,3.93,0.47,47.4,73.22312410060894,11.93,24,55.0,59.5,0,0.05,Medio,Avanzar con precaución
Entrada,21.10016347858775,41.55151047924225,900.0,0.0,45.97458185044715,2415.102434021038,153.6457446192612,metano,322.5685204096291,0.83,11.5,2.1,0.47,80.5,62.30767148491417,11.93,44,43.2,25.6,0,0.02,Alto,Cambiar ruta o detenerse
Pasillo B,18.7899802716502,43.78960883901277,945.8857507546696,0.0,59.536343740074265,1643.458796337139,13.65987737192739,metano,167.42810728810596,2.41,16.5,4.09,1.31,38.3,60.0789606564075,11.61,44,41.5,74.6,1,0.74,Alto,Enviar alerta y cambiar ruta
Punto crítico,23.110269846436186,38.70577296446894,947.909373428302,0.0,35.703537164801936,2120.9876292911495,160.61465389109878,metano,459.7794314066425,0.6,9.8,2.66,0.12,70.0,60.061446716535144,11.8,24,44.4,19.3,1,0.77,Alto,Enviar alerta y cambiar ruta
Pasillo A,20.518842775727293,34.232630626802674,935.2801686273286,0.0,33.66113778417083,2133.1332809197006,121.45776889902741,metano,326.86004637999037,2.25,0.2,0.39,0.35,76.4,27.84430744451451,11.09,24,18.7,52.7,1,0.86,Alto,Enviar alerta y cambiar ruta
Túnel estrecho,23.519980974076088,27.046139233623595,952.5022442958764,0.59255,66.11967491211416,539.4618827827389,112.929164100608,sin_gas,139.08983835415134,1.45,7.5,4.74,0.95,79.3,60.061446716535144,11.67,4,47.4,47.4,0,0.03,Medio,Avanzar con precaución
Entrada,23.90309410172329,46.13874092503964,900.0,0.0,29.707514234730624,758.806418711576,114.53254076169864,sin_gas,236.46345468196506,0.31,24.5,0.6,1.24,36.6,71.10923795984735,12.2,4,56.3,45.6,0,0.25,Medio,Avanzar con precaución
Túnel estrecho,18.619767729878287,35.26103111393094,940.5947565861192,0.0,4.616950469460873,1053.3534295952595,56.84722129203215,gas_desconocido,423.2906379425222,1.17,27.0,3.07,0.6,87.9,60.061446716535144,11.77,22,44.7,61.2,0,0.12,Medio,Avanzar con precaución
Punto crítico,20.69987717037523,35.85653121938343,945.8329575803896,0.0,12.395004015289588,1073.468498586778,77.65028817695035,metano,167.73197559132373,2.37,9.8,4.41,1.01,53.7,60.061446716535144,11.7,24,44.4,71.7,0,0.38,Medio,Avanzar con precaución
Sector norte,22.37912876934877,20.02423910829105,932.7310107199082,0.0,28.881504947734896,1783.450847129917,144.87575103323755,monoxido_carbono,262.7202850761906,1.05,14.3,0.58,0.88,37.3,60.061446716535144,11.81,4,47.4,45.4,0,0.32,Alto,Cambiar ruta o detenerse
Sector sur,19.19806205736404,38.70711919881463,953.3189809394868,0.0,59.40840978471766,1708.579133580638,58.61668146385068,humo,339.8349866257613,2.16,1.3,2.86,0.19,63.4,60.061446716535144,11.54,44,41.4,50.0,0,0.26,Medio,Avanzar con precaución
Sector sur,16.725415979705144,25.06850656986922,948.0667441121072,0.0,18.572155873080067,1438.638533820609,87.25353667522194,monoxido_carbono,377.2646694133708,0.64,8.3,4.16,0.97,89.1,78.19724685182653,12.51,24,59.0,46.0,0,0.12,Medio,Avanzar con precaución
Sector sur,20.90626983992665,37.66052494266635,900.0,0.0,66.23509853900882,843.6538378484126,8.435647492839333,sin_gas,86.94608753237243,1.43,27.3,4.93,1.24,97.4,76.4527946757547,11.94,4,60.6,75.2,0,0.28,Medio,Avanzar con precaución
Túnel estrecho,22.96647854513262,33.462130054316155,948.7520405071728,0.5333,24.947018763327144,1202.165286349637,133.37271176371365,monoxido_carbono,282.57615233864453,2.11,21.2,3.68,1.49,79.9,60.061446716535144,11.84,24,44.4,43.6,0,0.12,Alto,Cambiar ruta o detenerse
Túnel estrecho,21.03336031285173,43.40377240951204,949.7772493185846,0.0,62.88885127947395,1541.547333776856,78.09788091875599,sin_gas,456.0999502481007,2.3,7.2,1.54,0.14,20.4,20.127574347773376,10.93,4,15.5,38.9,1,0.94,Alto,Enviar alerta y cambiar ruta
Punto crítico,20.22626248029556,32.71480429105893,900.0,0.0,28.929705334418944,1382.769268818278,96.93778448288066,sin_gas,484.17989075484695,1.21,9.0,3.56,1.02,30.8,71.95622548241987,12.19,44,51.0,42.3,0,0.21,Alto,Cambiar ruta o detenerse
Zona de escombros,20.57421276452208,33.25508408752443,950.4825294941012,0.0,49.22881338788658,667.3143194996646,25.070630616882763,monoxido_carbono,328.0725212796791,1.6,28.6,3.59,0.68,26.1,60.061446716535144,11.79,4,47.4,73.2,1,0.85,Alto,Enviar alerta y cambiar ruta
Pasillo B,21.652872426090923,33.37264107436048,939.609810346526,0.0,52.669489593406446,1763.97203635404,178.54999003780145,humo,491.83040207999284,0.01,7.3,3.56,0.11,28.1,15.0,10.72,24,8.4,27.7,1,0.64,Alto,Enviar alerta y cambiar ruta
Zona de escombros,21.998308868622686,24.08543611924528,900.0,4.5628,10.549694969416366,553.4087313023872,57.93186972234805,amoniaco,285.3676244880704,0.63,11.7,4.3,0.96,50.6,60.061446716535144,11.48,24,44.4,51.4,0,0.35,Bajo,Avanzar
Sector norte,20.79563722940904,28.409342410387712,944.9486806609452,0.88885,20.604653432090497,1194.2088344702686,116.1231907793788,sin_gas,221.30251489046665,0.7,23.3,0.62,0.27,47.1,60.061446716535144,11.49,43,41.6,53.2,0,0.15,Medio,Avanzar con precaución
Túnel estrecho,24.108759634296884,36.65942053074416,900.0,3.49615,21.96685817245486,1891.061630117981,106.71636034953144,metano,275.7937294741229,0.23,19.6,0.72,0.63,29.1,67.33402168700724,11.88,24,50.3,56.3,0,0.19,Alto,Cambiar ruta o detenerse
Habitación bloqueada,21.63870037181208,43.01890608158783,949.885455978182,0.5333,24.29023621883165,442.04942249138367,142.3911356868733,sin_gas,57.85619713176104,0.7,16.1,3.27,0.47,90.6,74.87202011985339,12.28,4,59.3,61.3,0,0.19,Bajo,Avanzar
Punto crítico,14.331890939881848,43.971587053421466,944.3364642302712,0.0,3.8248242419264207,1596.963919995164,56.421467233843096,monoxido_carbono,200.8579598426939,0.8,31.5,4.78,0.61,69.2,60.91883980518413,11.53,24,45.1,70.1,0,0.14,Medio,Avanzar con precaución
Sector sur,23.137855915968423,22.548157887268275,900.0,0.0,26.99980660404972,1102.4940457009243,137.28728537451653,sin_gas,229.20252651526434,2.42,7.7,2.44,0.79,83.7,52.680641902125295,11.88,24,38.5,36.4,1,0.76,Medio,Enviar alerta y avanzar con precaución
Sector norte,22.941573629615576,35.3961897055381,900.0,0.0,23.96551334279996,418.5468711877424,71.93780287000351,humo,424.3138993604891,1.67,25.9,4.81,0.6,49.7,50.915682048172386,11.73,4,40.1,50.1,0,0.21,Alto,Cambiar ruta o detenerse
Punto crítico,24.75194239301281,16.326189781682107,900.0,0.0,38.19657736348508,799.8048692280408,76.95316902311109,sin_gas,379.3242963712236,1.07,5.6,4.7,0.87,52.8,60.061446716535144,11.56,4,47.4,49.1,0,0.37,Medio,Avanzar con precaución
Pasillo A,23.90159550056913,20.40495453528515,950.2847597667758,0.0,49.247609147996165,2375.9870058683746,122.72469213518478,sin_gas,300.7132926124004,2.47,21.6,4.53,0.43,45.4,49.573156602185094,11.38,24,36.1,35.8,1,0.75,Alto,Enviar alerta y cambiar ruta
Pasillo B,24.463984219089507,36.022282280499084,951.2904065563504,0.0,69.41385802673238,1494.4127015606898,142.25001005458202,metano,173.63861743813496,0.38,30.5,4.57,0.99,55.1,49.380883256297274,11.39,24,35.9,45.5,0,0.09,Alto,Cambiar ruta o detenerse
Pasillo B,21.97483040131528,20.725026233124417,900.0,0.0,4.704129856753919,2494.1771297211767,121.70166132109784,sin_gas,93.51729284632853,1.19,16.0,4.51,1.3,68.8,60.061446716535144,11.81,4,47.4,48.1,0,0.07,Alto,Cambiar ruta o detenerse
Escalera colapsada,24.50582300511512,22.22082988995052,949.6801534402446,0.8296,30.2157151208222,1502.1151757659566,162.47891609995162,amoniaco,173.88251045731394,1.62,25.4,4.14,0.41,59.4,60.061446716535144,11.75,24,44.4,44.2,0,0.16,Alto,Cambiar ruta o detenerse
Pasillo B,24.10281634177887,46.86177315827913,943.698974209812,4.622,27.37976701205572,1542.2664658095632,54.902830164261786,humo,339.90203547956594,0.14,28.7,3.54,0.81,87.0,75.69601671574063,12.08,24,57.0,49.7,0,0.15,Medio,Avanzar con precaución
Zona de escombros,21.18628491799868,31.555948053627827,900.0,0.0,26.38622129851281,1222.87032715899,162.60792811784114,sin_gas,131.51889954251655,1.79,4.8,0.32,1.01,92.0,60.061446716535144,11.69,24,44.4,51.2,0,0.17,Alto,Cambiar ruta o detenerse
Sector sur,20.4473823990066,39.40309152366791,940.055198688914,0.0,43.59718987960964,1051.08487933597,27.901117040091272,metano,213.44334785458295,0.25,24.7,0.83,0.89,57.6,60.061446716535144,11.79,24,44.4,67.9,0,0.08,Medio,Avanzar con precaución
Habitación bloqueada,25.41818523837465,33.47428252912485,947.2702827653924,0.0,18.917483023061763,928.2456615791841,120.4178058302466,gas_desconocido,193.38511744084101,0.35,32.2,0.84,0.61,39.2,60.061446716535144,11.89,4,47.4,47.0,0,0.39,Alto,Cambiar ruta o detenerse
Pasillo A,23.76058867514059,20.60833394166428,900.0,0.0,45.54213935343465,1121.183293874415,100.83536399153107,amoniaco,382.7950318955301,0.4,20.2,0.31,1.0,95.6,71.91212913277211,11.99,4,56.9,51.8,0,0.07,Medio,Avanzar con precaución
Pasillo A,19.55560719593604,34.2948000632229,954.5252871355996,1.7152,6.893911780078608,1365.6872698909074,91.56128957272816,gas_desconocido,441.8935311300722,2.32,6.5,0.76,0.14,78.8,60.061446716535144,11.66,24,44.4,47.2,0,0.26,Alto,Cambiar ruta o detenerse
Entrada,20.68470470614291,24.597941273773326,900.0,3.1406,11.755064573397537,803.1830954846591,59.4096050508812,sin_gas,349.6854784054885,1.71,4.4,4.61,0.62,71.2,60.061446716535144,11.91,22,44.7,61.4,0,0.02,Medio,Avanzar con precaución
Sector norte,23.4390339069724,19.954655725824264,944.7857506040943,0.0,8.579287221405844,872.2376927919613,93.15323042894099,sin_gas,170.80113046651707,1.64,9.1,3.39,0.85,79.6,60.061446716535144,11.73,22,44.7,66.3,0,0.17,Medio,Avanzar con precaución
Zona de escombros,24.02333151438124,35.56885491917978,949.785312570104,0.0,8.235245768779084,970.2440142037221,33.31033736732307,sin_gas,216.58852448794363,1.39,3.6,1.7,0.13,26.1,75.17543957148293,12.16,24,56.5,69.1,0,0.13,Medio,Avanzar con precaución
Túnel estrecho,24.14082597792328,33.08917941647193,947.4373304679076,0.0,15.10137800613486,1343.4457730547622,69.63116523704323,sin_gas,71.6750770268607,0.73,18.0,4.01,0.81,25.4,55.426988006825084,11.65,4,43.7,59.1,0,0.16,Medio,Avanzar con precaución
Sector norte,19.70530647803491,39.64864364819899,946.8624487551652,0.0,70.37076708444415,1770.9080703099105,22.269160559678546,amoniaco,84.04872388330492,1.55,2.4,2.54,1.02,32.2,60.061446716535144,11.92,24,44.4,79.0,0,0.2,Medio,Avanzar con precaución
Entrada,22.388272118307658,34.92853689424417,900.0,0.0,68.51930137028316,2197.9069156012033,105.07315496260593,sin_gas,82.1462837632575,1.03,7.8,0.88,1.16,31.8,60.061446716535144,11.95,4,47.4,58.7,0,0.24,Alto,Cambiar ruta o detenerse
Pasillo B,24.39380167818032,17.903836219673316,947.3597108494856,0.0,36.049200066875386,1002.9768580930009,21.759380084934715,monoxido_carbono,65.2931787806551,0.36,15.4,4.45,0.26,53.7,82.29689393713173,12.41,24,62.2,90.5,0,0.24,Bajo,Avanzar
Habitación bloqueada,20.10008743547066,34.56075842059787,900.0,0.0,66.15776173390145,785.8295147170185,33.06031268340399,sin_gas,89.79061425456509,1.72,16.6,1.83,1.49,32.6,60.061446716535144,11.68,24,44.4,84.5,1,0.93,Medio,Enviar alerta y avanzar con precaución
Pasillo B,21.99836466606089,22.01474757091002,949.7645527658326,0.47405,25.515860138219185,1195.5796761861654,19.95669026030923,humo,101.34410128917881,0.32,19.8,3.55,0.95,88.4,60.061446716535144,11.68,4,47.4,79.7,0,0.34,Bajo,Avanzar
Zona de escombros,18.11193268269641,42.612818495547145,900.0,0.0,61.87602040186199,2278.204460380897,71.72936199161364,sin_gas,55.922971898816456,0.48,24.7,1.59,0.61,66.2,60.061446716535144,11.89,24,44.4,59.6,0,0.36,Medio,Avanzar con precaución
Punto crítico,24.96527572634615,34.94273126810646,950.350765855996,0.0,7.1725502194665065,420.7075295079929,152.34272952321098,sin_gas,320.1303609421135,2.04,1.7,2.6,0.45,49.5,60.061446716535144,11.75,22,44.7,28.4,0,0.3,Alto,Cambiar ruta o detenerse
Pasillo B,25.51772164029273,30.216151108961583,947.6102916443224,0.0,29.14369491966065,1823.5240937212654,163.70686853591985,monoxido_carbono,495.2007672910998,1.65,2.8,4.12,0.9,25.6,60.061446716535144,11.76,4,47.4,27.5,1,0.82,Alto,Enviar alerta y cambiar ruta
Pasillo A,23.595387221810302,37.12363067059359,900.0,0.47405,23.82505330134033,1402.0360974643213,17.580654555002344,sin_gas,439.5933723261281,1.58,2.1,0.95,1.33,67.3,60.061446716535144,11.66,24,44.4,62.8,0,0.38,Medio,Avanzar con precaución
Punto crítico,22.795608980890773,34.866931791071266,941.2963007640546,0.0,15.502296832218905,738.1970514174282,116.04627465078472,metano,22.801361913043106,1.05,14.8,4.89,0.83,29.3,68.64142871532546,12.15,24,51.3,58.8,0,0.38,Medio,Avanzar con precaución
Sector sur,23.280098879568,44.7114989897418,949.2372141258012,2.42955,22.033400963061027,1074.14520517638,124.76744930361285,metano,211.5294045983624,0.99,1.5,0.54,1.03,79.5,60.061446716535144,11.92,24,44.4,44.5,0,0.29,Alto,Cambiar ruta o detenerse
Pasillo A,23.95250381572336,34.574163474974235,900.0,0.5333,22.34295287661853,872.3950921417711,98.40973992560423,humo,429.65528961638614,1.73,26.1,2.76,0.6,84.2,60.061446716535144,11.74,24,44.4,40.2,0,0.21,Alto,Cambiar ruta o detenerse
Punto crítico,23.07722535180083,37.97758273403858,945.9127611675358,0.0,38.83784441517125,2243.447552569257,121.72235075717055,monoxido_carbono,67.33740899599822,1.85,7.8,4.6,0.64,63.5,60.061446716535144,11.66,4,47.4,50.4,0,0.11,Medio,Avanzar con precaución
Sector norte,25.66045887877746,26.79347881314904,900.0,0.0,41.24043579366036,1411.9341062844796,45.895875202541674,monoxido_carbono,423.82257332602137,1.28,32.9,4.74,0.5,32.0,60.061446716535144,11.66,24,44.4,66.8,1,0.81,Alto,Enviar alerta y cambiar ruta
Sector norte,22.979674532389428,37.145477275612,947.7687675655156,0.47405,42.11206440474992,1582.497983532235,90.6877370683278,gas_desconocido,296.35031891894965,2.42,17.0,1.31,1.09,82.9,55.20801818985398,11.68,24,40.6,43.6,0,0.35,Alto,Cambiar ruta o detenerse
Sector norte,23.42071107493332,39.348023046009295,951.6479436278836,0.0,35.88528096424802,1646.7440006077434,73.40327358126999,gas_desconocido,465.6492762980559,2.39,15.6,0.89,0.6,44.6,60.061446716535144,11.82,24,44.4,57.0,0,0.27,Alto,Cambiar ruta o detenerse
Sector sur,23.349885173087195,26.68446881573336,948.215457478546,3.02205,45.6605674876983,1743.1959616649478,20.698891501935435,monoxido_carbono,438.0195571322126,1.03,27.3,3.68,0.37,37.8,60.061446716535144,11.63,4,47.4,63.4,0,0.26,Alto,Cambiar ruta o detenerse
Pasillo B,25.042839616024096,43.23779352939338,949.5797034313096,0.5333,19.90496345389632,1440.666949789453,114.47237695143558,monoxido_carbono,338.51716102935876,2.05,25.0,0.4,0.62,57.6,60.061446716535144,11.57,24,44.4,36.1,0,0.09,Alto,Cambiar ruta o detenerse
Punto crítico,21.68423617043769,35.77972505824359,949.2709891620408,0.59255,33.086501662060115,437.53441475626323,91.66265871752059,monoxido_carbono,328.9113299363477,1.36,21.3,2.53,1.3,93.8,60.061446716535144,11.77,24,44.4,50.9,0,0.15,Medio,Avanzar con precaución
Sector norte,20.017264014080947,32.64149345046531,948.6015357702848,0.0,64.05699797790093,1102.9176425207688,53.15545470795206,metano,106.58210119595407,1.28,32.7,4.02,1.13,43.8,74.7601586820955,12.2,24,56.2,80.1,0,0.29,Medio,Avanzar con precaución
Habitación bloqueada,23.92290899069623,36.52815062859585,937.1812916126796,0.0,24.4489230863138,786.1338055140816,87.89492057059,gas_desconocido,58.376483579004265,0.14,14.8,2.89,0.57,92.4,15.0,10.83,43,5.6,70.5,0,0.02,Bajo,Avanzar
Escalera colapsada,16.44203939936624,35.425821546287104,949.4972990676472,61.11785,20.3947636159636,1828.2999701145216,140.67715321956302,amoniaco,207.69671498439916,1.43,28.3,1.1,1.37,24.3,77.36287487296804,12.09,24,58.3,42.9,1,0.98,Alto,Enviar alerta y cambiar ruta
Sector norte,21.52583975883397,36.04815301757038,900.0,0.0,17.05677307277349,519.079767877098,145.2901084914112,sin_gas,93.29001974656236,2.25,13.3,2.54,0.2,26.7,42.706351968110845,11.23,24,30.6,57.3,0,0.31,Alto,Cambiar ruta o detenerse
Entrada,23.953453221827225,34.33030859206346,936.2831708927364,0.0,34.71024882830611,1583.987121334453,118.6670725311396,sin_gas,51.20835883887948,1.95,29.3,4.62,0.17,75.9,60.061446716535144,11.67,4,47.4,59.3,0,0.14,Medio,Avanzar con precaución
Entrada,20.44905178292254,35.82047490319733,949.8275036758288,1.8962,73.51425024866282,842.326616776032,86.85587084502866,sin_gas,151.16336663644674,1.97,9.1,3.16,0.28,35.2,74.01989375416008,12.19,24,55.6,64.1,0,0.04,Medio,Avanzar con precaución
Habitación bloqueada,18.885988370164977,19.930452110321728,946.5138104989932,0.0,17.308023897632644,2392.5762607808283,105.75618686067341,sin_gas,430.24497139832425,0.4,10.1,3.66,0.26,45.3,74.8904753340267,11.88,24,56.3,35.7,1,0.83,Alto,Enviar alerta y cambiar ruta
Pasillo A,22.40461547606494,42.12953050880789,941.750959938792,0.0,42.04468498638631,1104.6359785917246,72.377689987233,sin_gas,8.574077009180614,0.9,23.7,1.81,0.22,30.9,60.061446716535144,12.03,4,47.4,79.3,0,0.07,Medio,Avanzar con precaución
Punto crítico,24.689571731033084,36.12722563989652,900.0,0.59255,35.5546489576301,1082.9645018867318,27.14736002399169,metano,146.3188408610878,0.58,7.4,1.1,1.03,46.6,60.061446716535144,11.77,4,47.4,72.2,0,0.15,Bajo,Avanzar
Punto crítico,25.22131044730922,44.108329189925485,944.4191027371812,0.0,40.51206885596355,2339.1078027805197,72.48360454256608,sin_gas,212.02609260724614,0.79,8.0,1.43,0.94,42.4,74.01989375416008,11.82,4,58.6,63.1,0,0.29,Medio,Avanzar con precaución
Zona de escombros,19.64073820516439,21.08392267042202,940.0118181408384,0.0,45.54696382447254,1276.4306326386968,97.808232312186,monoxido_carbono,255.2848748076433,1.45,10.7,2.76,1.01,78.9,60.061446716535144,11.84,24,44.4,51.0,0,0.33,Medio,Avanzar con precaución
Zona de escombros,24.610740265502493,21.12965736324232,944.419111928048,0.0,49.17336872544904,2422.0109017900586,109.79595256385221,sin_gas,90.78875419149462,0.91,23.8,1.55,1.06,76.2,60.061446716535144,11.83,24,44.4,63.9,0,0.35,Medio,Avanzar con precaución
Túnel estrecho,21.051746628403748,27.56790261731621,949.1604706371554,64.9723,16.657605148799366,450.7577394803573,168.76517080955864,sin_gas,482.11009991901557,1.4,31.1,2.8,1.16,96.4,15.0,10.75,4,11.4,21.5,0,0.22,Alto,Cambiar ruta o detenerse
Entrada,22.962438110605067,45.47925189794441,900.0,0.0,43.02368072724815,1043.323607924507,141.03335288035782,metano,289.4365217860948,1.1,23.6,3.6,0.39,78.0,60.061446716535144,11.9,24,44.4,36.8,0,0.2,Alto,Cambiar ruta o detenerse
Pasillo A,19.548758815795704,30.856292871205085,900.0,0.0,43.46639969789271,1799.0052165595055,31.59869825281853,humo,261.05527352852204,0.72,29.0,3.73,0.97,75.6,60.061446716535144,11.67,24,44.4,77.6,0,0.34,Medio,Avanzar con precaución
Entrada,24.12338927860049,23.22236332477185,946.1591645036,3.37765,33.91224415496654,2270.7996255080407,35.481886164262406,metano,4.411294465170579,0.24,19.0,0.99,0.91,75.5,60.061446716535144,11.86,24,44.4,74.4,1,0.92,Medio,Enviar alerta y avanzar con precaución
Entrada,23.491573047111697,36.79243697320329,942.9444381622446,0.0,28.461381174255315,938.4517453173962,22.586582866956956,metano,242.85768969800353,2.23,2.4,3.8,1.42,90.6,60.061446716535144,11.76,4,47.4,65.0,0,0.24,Medio,Avanzar con precaución
Escalera colapsada,22.65531906069014,41.527831307053326,948.4569333392704,7.65375,19.928217718629902,2354.0029431237035,134.18180226366061,monoxido_carbono,418.83531472759205,0.03,3.5,3.43,0.43,43.7,60.061446716535144,11.72,4,47.4,44.2,0,0.18,Alto,Cambiar ruta o detenerse
Habitación bloqueada,23.932880355576707,33.5430613084688,900.0,0.0,35.192918979117856,1647.6550796482952,128.57139873607497,sin_gas,109.82227152562135,0.0,19.4,0.26,0.18,44.0,36.315954776242116,11.46,4,28.5,50.3,1,0.72,Alto,Enviar alerta y cambiar ruta
Punto crítico,21.84058667440264,32.489148796838094,947.8077464177248,0.0,39.59291203795157,2082.1173107156237,177.6135077969542,metano,175.60378419320648,2.07,11.5,0.48,1.01,79.3,60.061446716535144,11.91,24,44.4,34.9,0,0.2,Alto,Cambiar ruta o detenerse
Habitación bloqueada,21.47589215853422,35.59886943708839,949.2372916070284,0.47405,26.39561304158444,1234.1353390444842,96.35409809126102,sin_gas,10.285732343847776,2.49,7.7,3.3,1.14,38.3,60.061446716535144,11.6,24,44.4,75.1,0,0.15,Medio,Avanzar con precaución
Túnel estrecho,24.42221778299372,19.743289507409543,953.1121392712369,0.0,25.33291161534593,845.5788033904339,149.62261254855434,monoxido_carbono,488.4637571168976,1.82,16.3,2.04,0.5,93.0,60.061446716535144,11.82,24,44.4,31.3,0,0.14,Alto,Cambiar ruta o detenerse
Pasillo A,24.56844387505216,20.119706056431014,945.9441530178556,0.0,15.667078721435155,2313.594372440156,105.87697526248783,monoxido_carbono,33.325898564020406,0.04,23.3,0.9,0.9,62.8,60.061446716535144,12.05,44,41.4,52.5,1,0.73,Medio,Enviar alerta y avanzar con precaución
Zona de escombros,23.740796633593668,17.282417753032078,942.4998651899664,2.6926,16.430344018460527,2359.5853236530593,157.9651746923015,monoxido_carbono,449.1105619547847,0.57,13.5,0.41,0.18,44.0,60.061446716535144,11.97,24,44.4,26.9,0,0.14,Alto,Cambiar ruta o detenerse
Escalera colapsada,22.731567305884298,38.29113110267788,900.0,0.0,24.091030360707432,1444.9078027236847,131.17868187798152,sin_gas,156.49385709022735,2.43,28.1,0.97,1.44,82.1,60.061446716535144,11.62,24,44.4,40.7,1,0.62,Alto,Enviar alerta y cambiar ruta
Pasillo B,19.58070463008861,33.88184983734889,948.6104069629596,2.66655,29.459325833786203,413.6395335984387,117.50470262346926,amoniaco,293.7782009929393,2.02,25.8,4.8,0.25,45.0,60.061446716535144,12.0,43,41.6,42.4,0,0.15,Alto,Cambiar ruta o detenerse
Escalera colapsada,22.98051575666265,34.6288054906016,948.1026209969546,0.0,23.42468252151386,630.5442027078494,103.89646742203381,sin_gas,339.6577699830017,1.42,25.7,3.69,0.19,97.1,75.33910026928858,12.22,24,56.7,56.5,0,0.24,Alto,Cambiar ruta o detenerse
Escalera colapsada,25.52341561517873,45.19195896310033,900.0,0.0,18.6124760986388,1603.3587164866158,131.51984177752058,sin_gas,70.41458371555726,0.59,34.5,2.73,0.16,98.6,60.061446716535144,11.6,24,44.4,62.0,0,0.37,Medio,Avanzar con precaución
Pasillo B,20.177215319706185,30.29971717585104,944.9298879760872,0.0,64.09760679593234,449.9310748339611,78.43942246742684,sin_gas,221.87968889016773,0.04,10.3,4.72,0.7,73.3,60.061446716535144,11.79,4,47.4,54.9,0,0.32,Bajo,Avanzar
Túnel estrecho,23.709680702128544,42.05237585267434,900.0,0.0,26.45130319601329,1233.51504037206,21.90090162349122,monoxido_carbono,162.73305012332116,0.05,22.6,3.17,0.24,29.1,60.061446716535144,11.83,24,44.4,75.3,0,0.34,Medio,Avanzar con precaución
Habitación bloqueada,22.839780177777712,39.65443704749258,942.4584692252058,0.0,69.53771078111492,1037.0768857012263,11.99757253962214,sin_gas,28.301232802732667,1.53,29.9,3.68,1.14,41.1,60.061446716535144,11.6,24,44.4,93.0,1,0.86,Medio,Enviar alerta y avanzar con precaución
Punto crítico,25.513149810220217,27.290539264621305,950.242599316582,0.0,22.697958028405868,1900.1313783446299,88.82915303160543,monoxido_carbono,416.59682719659037,0.05,20.3,1.56,1.36,61.2,67.05395480856906,12.01,4,53.0,44.7,0,0.37,Medio,Avanzar con precaución
Pasillo A,22.16974625794252,48.48637151632296,942.587691846902,1.7152,16.034692492904217,516.7152131906641,109.87602688852473,humo,22.583878248738863,2.48,27.6,3.03,0.46,88.1,60.061446716535144,12.13,24,44.4,55.2,0,0.1,Medio,Avanzar con precaución
Pasillo B,19.87882425309056,20.824643905797004,957.076612052194,0.4148,14.989318516255349,1426.3356648523036,18.79858034985945,sin_gas,326.6289797419334,0.46,14.5,0.89,0.98,34.8,60.061446716535144,11.97,4,47.4,63.9,0,0.19,Medio,Avanzar con precaución
Punto crítico,25.573826591793924,46.59710598651044,943.2464789900156,0.5333,15.857872738677855,1616.1399667387711,55.20812105961789,metano,157.0386882099235,1.78,20.7,2.14,0.16,28.4,15.0,10.84,24,8.4,73.4,0,0.16,Alto,Cambiar ruta o detenerse
Zona de escombros,22.34450968274885,27.81796200843403,948.738733316555,4.2072,50.53823392258887,1696.311259710497,61.35563604571024,sin_gas,96.0646636009333,0.39,1.9,0.36,0.64,26.0,59.55402924417279,11.71,4,47.0,74.7,0,0.16,Medio,Avanzar con precaución
Sector norte,21.304514646011008,42.18537736135616,941.5898014270184,0.0,26.097174555027912,1250.831111235576,103.48921866144396,metano,333.54302566777267,1.35,34.5,1.24,0.51,60.6,60.061446716535144,11.81,24,44.4,38.1,1,0.91,Alto,Enviar alerta y cambiar ruta
Entrada,27.603538383204707,31.312282757404382,900.0,0.0,33.83966991507006,1039.172345202057,53.73442980748809,sin_gas,287.2688572631029,0.2,28.0,0.56,0.42,90.8,54.16823987853181,11.49,24,39.7,54.5,0,0.17,Medio,Avanzar con precaución
Entrada,20.43442784855047,44.006341874461725,945.832680341511,0.0,66.91136628703025,1833.2353708480123,21.73850492230117,gas_desconocido,157.62812868741494,1.92,30.4,2.06,1.0,23.4,55.29756404449822,11.59,4,43.6,80.3,0,0.25,Alto,Cambiar ruta o detenerse
Habitación bloqueada,26.529744978076664,32.068629448723726,946.5082054071448,0.0,20.04744421182892,2179.8950010152394,33.84992966564627,metano,256.4803741296196,1.46,24.3,4.25,0.28,37.0,60.061446716535144,11.47,4,47.4,62.2,1,0.71,Alto,Enviar alerta y cambiar ruta
Sector sur,17.037082428869518,45.33261168171093,942.8823583158352,0.0,10.603676024086718,1856.5970393440455,35.44086528073381,amoniaco,123.11855060310472,0.22,6.5,2.01,1.3,75.5,20.127574347773376,10.99,4,15.5,81.7,0,0.13,Bajo,Avanzar
Escalera colapsada,17.885993997734758,44.26453155564812,939.515527374439,3.19985,29.645242189868227,2357.4149674601654,152.47161523898325,sin_gas,431.8482295013461,2.12,1.1,4.19,1.03,86.1,60.061446716535144,11.71,24,44.4,36.4,1,0.6,Alto,Enviar alerta y cambiar ruta
Pasillo B,19.933225702351344,23.44223578933792,900.0,0.0,4.0610661374623565,1906.2534032516471,54.755945221201,humo,156.9093901635808,1.37,30.3,3.35,1.1,84.6,60.061446716535144,11.85,24,44.4,74.8,1,0.72,Medio,Enviar alerta y avanzar con precaución
Túnel estrecho,21.53748631075737,20.51034303653209,944.4694691363698,0.0,43.33702163455624,2005.6993414285985,130.07105343508246,humo,122.5765147757657,2.3,13.9,2.65,1.41,82.8,60.061446716535144,11.78,24,44.4,59.6,0,0.24,Alto,Cambiar ruta o detenerse
Túnel estrecho,21.85887329559948,37.219873621576696,945.3047682708644,0.4148,13.258869073985368,752.5967128643865,104.3717806093785,amoniaco,375.91685552982557,2.29,9.2,1.34,1.42,30.4,60.061446716535144,11.61,4,47.4,38.0,0,0.39,Alto,Cambiar ruta o detenerse
Escalera colapsada,21.692686715412744,33.77005232024973,940.5588440687396,0.5333,15.69683263240729,1281.0332535060948,175.98178188287736,humo,8.796243996957443,2.3,19.7,4.63,0.87,51.8,69.42068940560753,11.99,24,51.9,44.0,1,0.84,Alto,Enviar alerta y cambiar ruta
Habitación bloqueada,25.737723220649777,42.81780565889744,950.858584674588,0.0,30.480375371123543,1418.616195007527,52.743967054035394,sin_gas,134.00586604303766,0.19,14.7,0.46,0.79,98.8,60.061446716535144,11.65,4,47.4,74.9,0,0.2,Medio,Avanzar con precaución
Escalera colapsada,19.9263683755334,41.256431956953335,900.0,5.51085,67.3945993329189,938.215640818676,32.715278592610034,metano,187.69761032558657,0.3,22.8,3.51,0.57,99.1,73.87267363384315,12.3,24,55.5,65.5,0,0.1,Bajo,Avanzar
Habitación bloqueada,24.75432786827398,21.51048654973638,900.0,0.0,41.59331434488911,1509.9337067482045,14.106621596548067,monoxido_carbono,441.1189808956909,2.47,16.9,3.18,1.1,68.2,51.01172879469195,11.44,24,37.2,58.4,0,0.27,Alto,Cambiar ruta o detenerse
Zona de escombros,23.91638694549997,37.60830863073905,941.6850339264186,0.0,30.53179452631228,1010.6630828658798,47.16794089922409,monoxido_carbono,475.2209012741721,1.22,24.4,2.32,0.85,76.7,48.5658811127818,11.45,24,35.3,62.4,0,0.29,Medio,Avanzar con precaución
Sector sur,23.422638355007933,39.62785934106285,939.2411579560144,1.30365,34.92360143401432,1843.7543948892735,124.71240512269371,humo,358.2389834569749,0.6,29.9,1.35,1.41,96.1,60.061446716535144,11.61,4,47.4,38.0,0,0.19,Alto,Cambiar ruta o detenerse
Zona de escombros,20.215747888449,25.073943599622915,930.4465518840088,11.85145,27.1785618690554,1387.6058010766692,19.920189311450606,sin_gas,246.26589050482988,1.92,6.8,2.27,0.43,56.0,60.061446716535144,11.6,4,47.4,68.3,1,0.81,Medio,Enviar alerta y avanzar con precaución
Sector sur,18.92200256447916,31.461239061659143,900.0,8.2071,35.08569365012761,1363.4946039649749,47.82282290119024,sin_gas,320.3107745288443,0.66,11.5,4.39,0.53,30.9,60.061446716535144,11.77,24,44.4,57.7,1,0.88,Medio,Enviar alerta y avanzar con precaución
Sector sur,24.29734946553909,21.61575317771345,900.0,0.0,24.263553911453304,2465.6493151689046,154.6789644322021,sin_gas,207.00052584066654,1.82,15.3,4.22,0.54,73.5,61.887253622200134,11.61,4,48.9,36.5,1,0.6,Alto,Enviar alerta y cambiar ruta
Zona de escombros,22.789665784971827,39.32263814642282,949.7642630676912,0.0,38.559172079168285,1224.1341819393979,107.01676613879104,humo,149.41291592433393,2.09,33.7,4.72,1.23,96.8,60.061446716535144,11.73,24,44.4,62.4,0,0.38,Alto,Cambiar ruta o detenerse
Escalera colapsada,21.041189712756385,37.2868162674852,944.4672095671872,1.65915,3.9007346443506496,1160.8204084380934,17.166269544309205,humo,475.34403406981426,1.96,12.8,1.68,0.24,75.8,72.81126983820205,12.09,24,54.6,65.6,0,0.26,Medio,Avanzar con precaución
Sector norte,24.5691356324208,17.409739501300024,900.0,0.0,32.984753296686016,1069.0691796935744,13.344550243708573,monoxido_carbono,57.6951145049619,0.69,13.3,2.06,0.74,84.3,64.09543006929663,11.78,24,47.7,76.9,0,0.12,Bajo,Avanzar
Túnel estrecho,22.2575222906594,39.11893522247607,900.0,0.0,12.045119495889114,2278.973364049176,15.696503182009204,monoxido_carbono,173.1967840250545,1.0,22.9,0.29,0.7,53.8,60.061446716535144,11.43,4,47.4,69.4,0,0.09,Alto,Cambiar ruta o detenerse
Pasillo A,21.556687217355908,26.922887249105248,900.0,0.0,10.33455837461189,1443.1200348061743,169.82813377576923,monoxido_carbono,449.54447998029656,1.03,14.7,4.73,0.2,27.7,15.0,11.02,4,11.4,29.5,0,0.29,Alto,Cambiar ruta o detenerse
Túnel estrecho,19.65247770722154,23.38952319417072,953.0298152244884,0.59255,25.97080160231785,1660.0304027093346,153.72749999818458,monoxido_carbono,361.5707152937084,1.23,33.3,1.78,0.68,33.5,60.061446716535144,11.8,24,44.4,43.0,0,0.29,Alto,Cambiar ruta o detenerse
Sector norte,24.84017821471724,20.88234545831424,948.0182610794784,0.5333,42.97376379398691,779.7188059050295,152.86450735328557,sin_gas,14.550725661488295,0.42,31.3,2.14,0.82,98.6,60.061446716535144,11.8,4,47.4,43.9,1,0.83,Medio,Enviar alerta y avanzar con precaución
Punto crítico,21.417375462559043,34.97273579612634,942.6850893153544,0.0,33.10293821890413,1535.9789560103466,166.73793339262053,monoxido_carbono,11.549836712123563,1.13,18.0,4.56,0.19,59.5,67.17567960953639,11.88,43,47.3,50.2,0,0.25,Medio,Avanzar con precaución
Entrada,17.283427541127345,42.46179837216153,900.0,1.7152,36.59045935015254,976.7612050238254,93.41969329390929,metano,258.2562313122873,1.28,22.6,2.73,0.81,21.0,60.061446716535144,11.88,24,44.4,57.1,0,0.25,Alto,Cambiar ruta o detenerse
Zona de escombros,25.154687127198333,40.39963353515222,946.171079690195,0.0,13.661690034024176,1934.3375346520427,48.2853174500852,monoxido_carbono,242.12652811501084,1.33,2.0,2.92,1.44,96.4,74.42320809640538,12.2,24,55.9,68.9,0,0.15,Medio,Avanzar con precaución
Sector norte,21.28348520424032,19.646954332835566,946.6494148831648,0.0,63.48618728947071,2148.3095324640026,75.23590074174068,sin_gas,221.49576932815913,2.05,24.4,1.05,1.47,59.8,77.70726351726785,12.29,24,58.6,61.8,0,0.38,Alto,Cambiar ruta o detenerse
Pasillo B,24.96290774639097,37.6287444783747,932.4711773510072,0.0,15.26452617345456,1901.102453475683,130.8012127546669,amoniaco,151.17188091950445,1.29,24.8,2.59,0.84,86.9,67.74136200679796,11.96,43,47.7,52.2,0,0.2,Alto,Cambiar ruta o detenerse
Pasillo B,23.97768349078693,41.72824208465616,942.9106733137904,0.0,62.11865458101842,1933.5127491675405,158.3057525162214,humo,493.3193599068195,0.58,12.6,4.61,0.82,63.9,42.68561798797177,11.19,24,30.5,24.4,0,0.02,Alto,Cambiar ruta o detenerse
Entrada,22.24090909302213,39.14073647663004,900.0,2.87705,20.97917481355875,1476.1968786509858,81.14091217241676,monoxido_carbono,135.99366149169074,1.66,7.7,2.88,0.5,28.1,60.061446716535144,11.82,4,47.4,71.3,0,0.15,Medio,Avanzar con precaución
Zona de escombros,24.76367232904208,35.73483644243141,943.237735971666,0.5333,65.72575586097832,1895.447918301684,98.69166719186072,amoniaco,245.02010322028096,1.99,32.0,1.42,1.5,69.2,37.75898694135759,11.33,24,26.6,43.6,1,0.9,Alto,Enviar alerta y cambiar ruta
Pasillo A,23.318272875827105,22.416188566247065,900.0,0.0,25.434826624557537,1287.6425645671366,168.0620238233443,monoxido_carbono,202.44654841153314,0.8,14.9,0.35,0.48,99.8,15.0,10.73,24,8.4,29.1,0,0.15,Alto,Cambiar ruta o detenerse
Habitación bloqueada,19.96202647902146,27.95238491575862,900.0,0.0,11.549530527134156,1768.1272224121874,23.81226149415009,monoxido_carbono,85.12471298087104,1.61,22.9,1.81,0.73,22.8,60.061446716535144,11.64,24,44.4,71.1,0,0.25,Alto,Cambiar ruta o detenerse
Escalera colapsada,22.96047333735829,42.87059533316059,943.3099244234696,0.0,23.85923253008081,943.9823412530808,155.9023629704717,metano,101.30940956263929,0.37,1.2,2.95,0.1,87.3,60.061446716535144,11.84,24,44.4,38.4,0,0.02,Bajo,Avanzar
Escalera colapsada,24.909735134169463,41.16317446948055,925.808877224696,0.0,24.455969670600307,546.4897258552213,32.87880939408879,amoniaco,459.15137100488647,0.85,14.5,0.4,0.59,38.8,60.061446716535144,11.75,24,44.4,55.6,0,0.35,Alto,Cambiar ruta o detenerse
Sector norte,24.687323272662937,32.52980586409679,944.5979818642012,1.7152,32.28715628332975,1268.2938546561338,89.67573630085855,metano,429.13986142797756,2.27,28.6,3.13,0.2,51.5,75.76195111048638,12.03,44,54.0,51.7,0,0.25,Alto,Cambiar ruta o detenerse
Túnel estrecho,20.98004946007946,30.12302443690975,940.9879329391192,0.0,18.99257688855067,1369.734127139029,43.22404751603543,monoxido_carbono,99.52215291017619,2.28,13.6,2.71,1.14,49.8,60.061446716535144,12.01,24,44.4,83.2,0,0.13,Medio,Avanzar con precaución
Zona de escombros,24.74292965851059,38.70544034126621,945.9969931183036,0.5333,24.928004397919302,938.4550321962489,110.51583537085574,monoxido_carbono,437.83131195475676,1.44,21.1,3.96,0.89,91.9,83.22501275874006,12.35,4,66.0,48.5,0,0.13,Alto,Cambiar ruta o detenerse
Pasillo B,20.1612018513934,35.18955568269471,900.0,1.54065,52.17894533089708,1928.189988655199,102.75034879894656,amoniaco,104.59306504042127,1.76,7.3,0.34,0.9,60.4,57.63653265874406,11.78,4,45.5,62.6,0,0.19,Medio,Avanzar con precaución
Escalera colapsada,23.91185031795763,20.84764986346586,900.0,0.0,9.34319441409568,554.4560058501863,71.50128874213158,amoniaco,313.27316087384855,2.14,14.6,3.95,0.5,55.8,62.73387167542949,12.0,4,49.6,56.4,0,0.11,Medio,Avanzar con precaución
Túnel estrecho,23.641920379366123,41.86379539710244,938.712205282217,0.0,39.85513510497419,867.771481196296,156.07811509789676,monoxido_carbono,40.6402616603469,2.4,32.5,2.7,1.24,85.4,60.061446716535144,11.81,4,47.4,39.1,0,0.01,Alto,Cambiar ruta o detenerse
Entrada,19.798365009418923,28.55304123733398,941.8048761749394,3.4304,31.428573486778905,1971.9859087526163,120.46733105041046,humo,440.1848131295591,1.22,19.8,1.98,0.1,23.9,60.061446716535144,11.66,4,47.4,39.2,0,0.02,Alto,Cambiar ruta o detenerse
Habitación bloqueada,23.45063491759148,35.64900022749453,953.0015341428476,0.0,38.54532127011165,1317.960974854026,131.21089686834014,metano,25.750149732733483,1.4,31.6,4.83,0.57,26.9,60.061446716535144,11.7,4,47.4,55.4,0,0.15,Alto,Cambiar ruta o detenerse
Habitación bloqueada,25.05322454413938,19.07761069834171,944.894114455138,0.0,24.472849618431127,1881.0956104825561,31.365454186341992,gas_desconocido,277.4714446255683,1.04,31.6,0.97,1.02,21.7,67.61649948682538,12.03,24,50.5,64.4,1,0.77,Alto,Enviar alerta y cambiar ruta
Zona de escombros,19.30869874973581,47.83371532085363,900.0,0.0,74.51007767881433,1591.7203433455522,159.55399364573307,amoniaco,389.8557625901925,0.18,33.0,2.8,1.37,75.0,60.061446716535144,11.86,4,47.4,37.0,0,0.02,Alto,Cambiar ruta o detenerse
Sector sur,21.150451207471782,35.97400543425586,946.4248431029018,0.0,25.74348577353724,2396.496774994461,34.23202863350322,sin_gas,58.4173682053406,1.06,31.3,1.74,0.43,62.0,60.061446716535144,11.83,24,44.4,69.9,0,0.35,Medio,Avanzar con precaución
Zona de escombros,23.288722736650616,29.38058903905788,944.2883391660032,0.0,43.480993389473,1655.3712487179494,43.987368736743036,humo,202.24013375009426,1.98,0.1,2.73,0.86,90.1,60.061446716535144,11.59,4,47.4,68.3,0,0.12,Medio,Avanzar con precaución
Punto crítico,22.68441789053103,20.713494794917587,938.2600868376938,0.0,34.03327567065641,431.2248461255914,27.409649236954078,monoxido_carbono,20.975075745025052,2.01,32.7,2.85,0.85,59.9,71.89955776819882,12.13,43,51.1,86.6,1,0.61,Medio,Enviar alerta y avanzar con precaución
Escalera colapsada,24.98778400066893,42.7877563357913,948.161195412966,0.0,5.573311668246652,1141.0424360591014,82.06286139454272,gas_desconocido,341.3762886699796,2.23,4.8,0.63,1.32,37.7,60.061446716535144,11.75,44,41.4,43.7,0,0.08,Alto,Cambiar ruta o detenerse
Escalera colapsada,20.319378240656555,31.622321170847187,938.5152932774369,0.0,16.04598349304244,700.4274326298862,160.3491155566542,amoniaco,153.72479748067596,0.13,1.4,3.37,0.17,84.4,60.061446716535144,11.85,24,44.4,39.7,0,0.03,Medio,Avanzar con precaución
Sector norte,20.86923990586399,43.414116485315446,944.5111107974255,0.0,48.202344080942936,2341.730722955177,49.17831593172542,sin_gas,279.697622319235,1.32,1.9,3.25,0.69,43.5,60.061446716535144,11.64,24,44.4,64.0,0,0.3,Medio,Avanzar con precaución
Escalera colapsada,23.3090306644425,32.20634303547139,952.7849750920976,0.0,37.04266245294166,618.4261539986687,70.40684857401682,metano,466.36613521018086,0.27,12.2,3.89,0.36,94.9,60.061446716535144,12.06,24,44.4,47.5,0,0.06,Medio,Avanzar con precaución
Escalera colapsada,24.18562934278065,20.786243371826146,952.1285274677634,0.47405,17.92659553012615,1214.1839925752838,153.06162351319884,monoxido_carbono,152.9290539974212,0.5,21.7,0.64,0.13,40.0,60.061446716535144,11.8,24,44.4,39.1,0,0.02,Alto,Cambiar ruta o detenerse
Túnel estrecho,19.441419877186178,39.77645492160772,954.005084246318,0.0,59.98231757360338,874.8083066160536,113.11767395780561,humo,24.31373581763885,2.25,14.1,1.63,0.31,33.4,60.061446716535144,11.7,24,44.4,67.4,1,0.69,Medio,Enviar alerta y avanzar con precaución
Sector sur,22.890785643500536,36.132889554268594,952.2133527119648,1.3629,37.371619839805625,2178.11617983314,136.53286888809845,amoniaco,337.8138838493502,1.24,0.9,3.32,1.47,59.5,26.34423763324118,11.15,22,17.8,31.7,0,0.02,Alto,Cambiar ruta o detenerse
Pasillo B,19.17297126238348,35.91033946615973,950.5187216762588,0.0,24.76647709780488,1047.9896449367257,42.4500086513201,metano,393.42056725708375,1.9,16.7,0.86,0.4,24.0,60.061446716535144,11.89,4,47.4,50.5,1,0.71,Alto,Enviar alerta y cambiar ruta
Pasillo B,24.28421460532584,40.01515342470762,945.0820702360256,0.0,22.54089086190328,2482.9763145995544,130.38572608320072,monoxido_carbono,478.934279938788,0.16,15.5,3.45,1.41,22.9,60.061446716535144,11.86,24,44.4,32.1,0,0.12,Alto,Cambiar ruta o detenerse
Punto crítico,21.31045774974988,32.83995276335266,949.7200997664204,0.47405,19.41650845429849,481.09487178572687,44.83185126231018,monoxido_carbono,78.9004385128329,1.04,26.5,0.48,0.39,59.7,60.061446716535144,11.61,24,44.4,71.2,0,0.13,Medio,Avanzar con precaución
Habitación bloqueada,20.72913527853109,38.868135123611495,948.082043640668,0.0,7.238818339680042,669.3812221713883,177.77994688686567,sin_gas,196.0699625580749,1.69,9.8,1.81,1.4,37.2,60.93078236197519,11.95,24,45.1,28.6,1,0.81,Alto,Enviar alerta y cambiar ruta
Pasillo B,21.679387886721976,37.84225451806228,953.0597735298206,0.47405,27.21262900581924,871.7414305011291,102.98007732217903,sin_gas,422.0702300127374,0.33,7.6,4.26,1.02,20.7,60.061446716535144,11.71,24,44.4,45.7,0,0.39,Medio,Avanzar con precaución
Escalera colapsada,22.159410112001577,40.39724997017483,944.1720731971602,0.4148,22.33414989450285,2103.3226844203346,126.73687015754896,sin_gas,403.43569663443975,0.81,9.0,3.92,0.26,43.7,60.061446716535144,11.76,43,41.6,28.3,0,0.21,Alto,Cambiar ruta o detenerse
Sector sur,18.68021685898182,23.508304239466245,947.6069685006034,0.0,21.442584363087843,2244.886139034433,25.72027722476299,sin_gas,312.3978536669312,0.16,10.6,3.29,0.91,58.2,61.887253622200134,11.47,24,45.9,64.3,1,0.82,Medio,Enviar alerta y avanzar con precaución
Túnel estrecho,21.990994211815,47.27803696230253,947.9492306233824,0.0,48.43964468640987,550.047899279787,48.86479650727467,sin_gas,134.68427260134698,1.63,21.0,4.38,0.55,51.5,60.061446716535144,11.69,24,44.4,72.6,1,0.8,Medio,Enviar alerta y avanzar con precaución
Sector sur,20.77202218710401,21.01443060866273,900.0,0.0,44.37502691963254,468.16629770078043,29.454615423762007,sin_gas,142.0176453253888,2.43,16.5,3.6,0.64,30.8,60.061446716535144,11.69,4,47.4,72.0,1,0.65,Medio,Enviar alerta y avanzar con precaución
Pasillo B,20.02572952081748,31.28806496304185,900.0,1.3629,21.30807620502892,1963.5693999196164,73.27987517255154,humo,62.00149731207127,2.07,11.8,2.69,0.72,66.4,60.061446716535144,11.83,43,41.6,68.1,1,0.67,Medio,Enviar alerta y avanzar con precaución
Sector sur,24.58383137036403,35.8829410850482,900.0,0.59255,17.570148640106602,680.0392141825882,54.72377623594473,sin_gas,460.92683689295484,2.44,13.1,4.9,0.69,76.8,60.061446716535144,11.68,24,44.4,61.0,0,0.31,Medio,Avanzar con precaución
Escalera colapsada,18.97776794971212,23.40615869871128,900.0,0.0,24.87608945595824,679.2970328567424,133.2613954353496,sin_gas,86.46575731972267,2.11,13.0,3.54,1.03,74.0,60.061446716535144,11.52,24,44.4,46.4,0,0.19,Medio,Avanzar con precaución
Sector norte,25.69876624317288,28.2894386992404,900.0,0.47405,39.80364786790828,446.96972243830146,24.024071434926455,sin_gas,286.4433005899532,2.14,34.0,3.09,1.18,51.5,60.061446716535144,11.8,24,44.4,68.4,0,0.15,Alto,Cambiar ruta o detenerse
Sector norte,25.03637470225534,35.434557427563746,900.0,0.0,25.47303987465284,504.59654292518593,136.61038947881445,metano,292.17570849105647,1.44,8.2,2.16,0.56,31.0,15.0,10.78,24,8.4,35.3,1,0.76,Alto,Enviar alerta y cambiar ruta
Pasillo B,20.402480796624683,30.218122257571927,950.4422843378204,0.0,22.564139165998927,953.7184630505271,12.998344311752811,monoxido_carbono,184.80272059763442,1.3,28.6,4.53,1.39,60.0,60.061446716535144,11.65,4,47.4,84.4,0,0.35,Medio,Avanzar con precaución
Sector norte,20.484926192312205,21.44747930812936,900.0,0.0,30.372959481525463,536.5115277626933,40.35312153141867,sin_gas,176.25923050272758,1.02,24.8,1.62,1.41,91.2,60.061446716535144,11.77,22,44.7,70.3,0,0.06,Medio,Avanzar con precaución
Sector norte,20.634817291728897,19.31862788161021,900.0,2.48875,32.58945182172575,1174.6460924844787,143.5938735938055,monoxido_carbono,334.2942092791398,2.05,0.2,0.24,0.16,57.5,97.99170211273284,12.29,24,74.8,32.1,0,0.22,Alto,Cambiar ruta o detenerse
Zona de escombros,18.58020203777123,31.451804256512983,900.0,0.0,38.22843847506358,2148.8275655774332,134.9859121938816,amoniaco,194.1488889742695,0.46,34.8,1.14,0.12,35.7,61.07601819827068,11.88,24,45.3,36.8,0,0.28,Alto,Cambiar ruta o detenerse
Túnel estrecho,20.94152868222192,44.67036375855591,900.0,1.3629,18.40283113748477,1085.2725403753445,88.35706993580109,metano,127.55769666900035,0.14,26.5,0.73,0.7,27.4,60.061446716535144,11.73,24,44.4,53.8,0,0.04,Medio,Avanzar con precaución
Sector norte,21.39503271764816,38.89905099970413,900.0,0.0,38.87804120375517,1928.4517414166803,13.746975138571567,monoxido_carbono,199.56585120001546,2.37,23.9,1.73,0.93,95.5,54.027658895907,11.59,24,39.6,69.3,0,0.37,Medio,Avanzar con precaución
Túnel estrecho,22.352894162056693,31.52540118766297,947.87211473724,0.0,38.26231561360631,597.2109261451632,111.73140479212738,monoxido_carbono,403.831038832773,0.01,14.2,4.16,0.49,79.4,60.061446716535144,11.9,24,44.4,46.9,0,0.21,Medio,Avanzar con precaución
Sector norte,19.163828243396843,17.444033265707297,900.0,2.1925,39.79845590797173,1784.687893580935,76.17671819546722,sin_gas,483.2392275655928,2.44,19.4,3.33,0.46,45.0,60.061446716535144,11.68,4,47.4,40.0,0,0.26,Alto,Cambiar ruta o detenerse
Escalera colapsada,21.98230805740188,37.78473724883656,900.0,0.0,26.79583678749057,1065.1690848406136,60.392426284644706,amoniaco,317.9751152269224,1.82,8.9,1.01,1.05,43.6,60.061446716535144,11.8,4,47.4,65.6,0,0.08,Alto,Cambiar ruta o detenerse
Sector sur,23.80797317728886,43.47126978309965,941.6903532771832,0.0,22.695536973002245,1974.48104526378,117.07186144464349,humo,391.0506127420532,0.82,1.2,3.99,0.94,91.6,60.061446716535144,11.74,4,47.4,47.2,0,0.11,Medio,Avanzar con precaución
Habitación bloqueada,21.812978607983126,34.2618017885961,943.87985743377,0.0,50.53823392258887,686.1292295184019,81.4075483853021,monoxido_carbono,266.4124306563051,1.74,29.3,2.62,0.33,34.2,60.061446716535144,12.24,43,41.6,64.1,0,0.06,Alto,Cambiar ruta o detenerse
Escalera colapsada,22.868544995424976,33.89722813769883,940.0046510566712,19.03265,24.833319663859275,2285.555093305412,21.173692579306262,sin_gas,312.4115710467189,2.04,31.4,2.66,1.34,62.8,15.0,10.89,44,5.4,61.9,0,0.11,Alto,Cambiar ruta o detenerse
Sector norte,21.855797097208782,30.981946020377347,900.0,3.4304,69.3037636837112,909.4121260856668,165.29133233966027,humo,494.0433283682799,0.61,5.7,1.94,1.05,77.1,60.061446716535144,11.59,24,44.4,31.8,0,0.2,Medio,Avanzar con precaución
Punto crítico,17.459631242163937,29.781255233317285,945.7354196572154,0.0,67.73788835505894,1141.5893658904706,141.23629240434133,metano,219.20943235095575,1.93,27.5,4.35,0.61,51.7,60.061446716535144,12.02,24,44.4,51.0,0,0.34,Alto,Cambiar ruta o detenerse
Entrada,23.567831779946243,34.17539453364442,943.3728529819606,0.0,71.69843805105937,2395.379492717888,14.866183475846677,sin_gas,33.12734847709997,2.01,25.9,1.73,1.06,23.2,60.061446716535144,11.92,4,47.4,89.7,0,0.22,Alto,Cambiar ruta o detenerse
Punto crítico,23.93921103123298,26.021184726720417,900.0,0.0,41.90059207387768,1614.8129554348038,96.88617728337172,metano,478.5034589096773,0.62,6.2,0.65,0.26,38.2,15.0,10.82,4,11.4,40.4,0,0.11,Alto,Cambiar ruta o detenerse
Entrada,22.746974530635605,40.221098859599714,940.431055154222,0.0,42.90642945232957,1168.1201898223462,19.591073507259953,monoxido_carbono,396.53086045177383,0.1,14.8,1.65,0.76,92.1,60.061446716535144,11.7,24,44.4,57.7,1,0.93,Bajo,Enviar alerta y continuar exploración
Habitación bloqueada,21.68350235524604,19.51345372538948,945.409285720458,0.0,50.34599357531593,2394.1645087706265,151.52572533523488,humo,199.15518393178567,0.51,14.8,3.63,0.34,61.8,60.061446716535144,11.56,24,44.4,43.8,0,0.25,Medio,Avanzar con precaución
Zona de escombros,24.70641391828039,36.40564541512275,900.0,0.0,76.21498293968573,1091.0625754690673,112.27744318409506,metano,491.1975268113844,0.5,26.6,3.36,0.16,85.2,60.061446716535144,11.83,24,44.4,36.4,1,0.66,Medio,Enviar alerta y avanzar con precaución
Sector norte,19.39118750726392,32.55246731775384,900.0,0.5333,42.66182083861951,599.2284966178775,35.17859837528698,sin_gas,172.76787517431308,0.16,29.3,1.1,0.57,64.5,60.061446716535144,11.66,24,44.4,79.2,0,0.39,Medio,Avanzar con precaución
Túnel estrecho,17.879949744588522,22.312118780800425,900.0,5.45155,22.770306903842723,2493.3826645047816,8.629734991085135,monoxido_carbono,186.06009800401435,1.82,3.3,0.74,0.31,95.5,60.061446716535144,11.63,4,47.4,83.2,0,0.31,Medio,Avanzar con precaución
Entrada,20.2176210379178,24.078926368917674,900.0,0.0,23.27257808785028,962.4743331737191,10.526677125623607,humo,304.8656765949604,0.95,19.7,3.37,0.99,92.7,60.061446716535144,11.88,24,44.4,79.4,0,0.33,Medio,Avanzar con precaución
Pasillo B,19.41709011222907,36.05728220599567,938.3836394980958,0.5333,23.256997171978647,2187.641482269176,93.78895761134521,sin_gas,137.17369307767834,2.21,26.7,3.45,1.04,58.6,60.061446716535144,11.99,4,47.4,61.5,0,0.01,Alto,Cambiar ruta o detenerse
Sector sur,24.674123793608192,42.19839482328662,946.4239586222482,0.0,40.26054454439355,747.6356691284832,133.51535876843542,humo,349.2857425653664,0.63,27.5,1.96,0.31,45.5,60.061446716535144,11.69,4,47.4,37.4,0,0.31,Alto,Cambiar ruta o detenerse
Entrada,21.08793297830463,36.20105643707789,940.7852731336936,0.0,36.701009245904416,1935.843340732494,26.147078983442853,metano,76.42515197525296,1.13,5.2,4.25,0.13,68.1,60.061446716535144,11.88,24,44.4,84.0,0,0.09,Bajo,Avanzar
Sector sur,23.98862069619536,37.24932717973464,900.0,0.4148,10.919895870969029,1501.3437283917292,43.72471153511757,amoniaco,54.012659679076755,1.6,18.4,4.9,1.21,74.0,60.061446716535144,11.79,24,44.4,69.4,0,0.24,Medio,Avanzar con precaución
Pasillo A,20.58230103516456,23.183937419591416,900.0,0.0,67.79048274189802,2459.9037724092723,62.270490404668145,monoxido_carbono,267.4390037820778,2.19,30.0,1.19,0.1,59.9,66.74329596376563,11.96,24,49.8,51.4,0,0.18,Alto,Cambiar ruta o detenerse
Punto crítico,24.072638852755222,28.157138898930366,944.124394895379,0.0,29.05761211092204,1560.943747794039,43.16343686070177,metano,277.7468411972006,1.31,11.1,2.97,0.58,85.8,60.061446716535144,11.64,24,44.4,72.9,0,0.23,Medio,Avanzar con precaución
Sector norte,21.52458621439732,24.036795795878483,900.0,8.63115,61.98686628230367,452.53181897079367,73.48389847025277,monoxido_carbono,53.327534814845315,0.93,14.9,0.23,0.79,34.7,27.251689549768262,11.04,24,18.2,78.6,0,0.06,Alto,Cambiar ruta o detenerse
Punto crítico,23.22672000967493,21.84564168854282,938.8364647232038,0.0,28.88364878113102,1668.1437782105845,102.93262600888833,humo,482.0881305655755,2.17,28.2,3.62,1.25,46.8,60.061446716535144,11.6,43,41.6,34.4,0,0.19,Alto,Cambiar ruta o detenerse
Pasillo A,21.635558985883907,35.38107499426212,943.1187967411688,0.0,18.424219720293795,705.1645583069146,124.86393094222912,sin_gas,286.64332880354186,0.78,3.1,2.19,1.27,74.9,60.061446716535144,11.58,4,47.4,50.6,0,0.02,Bajo,Avanzar
Entrada,19.973152050424265,44.92232640565682,946.752874169333,0.0,41.1360504728003,2076.935922092383,173.66065688626497,metano,75.51749624846305,0.2,30.1,1.13,1.11,39.7,60.061446716535144,11.84,24,44.4,45.7,1,0.79,Alto,Enviar alerta y cambiar ruta
Escalera colapsada,21.011017098944738,35.797150788182414,949.3059244605994,0.0,22.96124510876829,2198.793212628788,167.89764219455904,sin_gas,155.7212621661495,1.11,10.9,3.81,0.45,55.2,73.87352783144904,11.97,24,55.5,42.4,0,0.27,Alto,Cambiar ruta o detenerse
Pasillo A,24.55502911532164,37.41100283714973,934.8480256800556,0.0,19.367288572993747,1412.3963894689,104.77222059506003,sin_gas,400.11710696658133,1.96,0.1,4.09,1.11,97.1,71.62283680694449,11.87,24,53.7,35.5,0,0.38,Alto,Cambiar ruta o detenerse
Túnel estrecho,24.05847024482837,19.765477879849016,900.0,0.0,49.422410846201615,2044.765059809827,133.47625987986206,amoniaco,261.6157639327659,0.08,8.2,0.73,0.45,70.1,60.061446716535144,11.58,43,41.6,40.4,0,0.31,Alto,Cambiar ruta o detenerse
Pasillo B,23.81871330675353,19.781879774455128,900.0,0.0,66.9088302875993,704.7325445113709,171.4026358094499,sin_gas,94.0741742732778,1.46,3.1,0.4,0.4,95.9,78.31442295669753,11.92,24,59.1,51.6,0,0.19,Medio,Avanzar con precaución
Túnel estrecho,23.71604574844465,42.72488817807675,937.959846089014,0.5333,33.613530360758034,1433.3641917248567,19.607590294745847,amoniaco,51.424486030902386,1.49,3.2,1.8,0.87,77.8,60.061446716535144,11.47,24,44.4,92.2,0,0.03,Bajo,Avanzar
Escalera colapsada,24.197383939822178,42.25723379102896,950.2684514768912,4.83185,45.32441936461697,1227.2829558502276,5.986082975750099,metano,215.3872061187424,2.32,24.2,3.2,1.05,78.0,60.061446716535144,11.78,24,44.4,83.7,0,0.03,Medio,Avanzar con precaución
Punto crítico,20.223678323261385,39.75319766969389,949.8846894424528,0.0,25.79436241670045,1683.7665128114709,10.21495865267707,gas_desconocido,168.7073543432171,0.72,7.5,4.01,0.17,67.3,58.26964028318577,11.33,24,43.0,82.6,0,0.07,Bajo,Avanzar
Zona de escombros,22.49319671848401,40.324590300027005,900.0,0.0,18.63731619449327,493.40209648663597,103.58613841526868,sin_gas,327.95867624098673,0.7,32.7,2.82,0.18,31.4,60.061446716535144,11.83,4,47.4,48.0,1,0.78,Alto,Enviar alerta y cambiar ruta
Zona de escombros,23.77779966521174,35.51804601715179,938.3807397981168,0.0,17.053319194204416,1979.4579603221175,138.49584942794348,sin_gas,462.6234934755827,1.1,18.1,2.99,1.2,61.6,59.21215056362565,11.81,24,43.8,25.5,0,0.17,Alto,Cambiar ruta o detenerse
Sector sur,18.837120212356048,33.57773731385463,900.0,0.59255,48.44883698486037,566.1715078968357,69.23811638038106,sin_gas,123.8651428870794,0.89,16.1,4.04,1.3,40.2,60.061446716535144,11.75,44,41.4,70.2,0,0.34,Medio,Avanzar con precaución
Habitación bloqueada,22.05940599381914,24.71243562878096,941.0459595855287,0.5333,39.81298291256599,1778.5901868133462,100.41685557733327,humo,427.61696664142255,1.84,15.2,2.74,0.95,99.9,60.061446716535144,11.77,4,47.4,46.0,1,0.61,Alto,Enviar alerta y cambiar ruta
Sector sur,22.649833032062325,39.7866824221464,900.0,0.0,59.367230941180544,438.76017363388286,95.36410574599395,metano,460.2309892226003,1.6,24.2,3.13,0.7,41.4,60.061446716535144,11.72,24,44.4,46.6,0,0.25,Alto,Cambiar ruta o detenerse
Túnel estrecho,20.73873559673533,44.206904910337016,900.0,0.0,26.781634790016486,2146.964933889132,21.584906028603424,sin_gas,451.00129973495075,1.9,15.8,2.68,1.28,38.5,60.061446716535144,11.8,4,47.4,71.9,1,0.91,Alto,Enviar alerta y cambiar ruta
Sector norte,20.644874781580874,33.902430155899,946.3187218925063,0.0,37.510339142918944,766.8692234699408,61.27794623920857,humo,476.0386649727177,2.05,4.5,4.43,1.12,69.9,60.061446716535144,11.79,24,44.4,41.8,0,0.1,Medio,Avanzar con precaución
Pasillo B,24.52691187205156,42.11814141992912,900.0,2.13325,28.89145461503008,1482.54469955168,8.401152156902848,humo,421.05431106463766,2.31,30.8,1.33,0.91,60.9,60.061446716535144,11.96,24,44.4,74.1,0,0.19,Alto,Cambiar ruta o detenerse
Sector norte,20.4048667178468,19.95105267374254,900.0,3.0221,73.94072687951639,949.1350978280007,24.373495541139405,humo,296.7430026983351,1.08,15.0,1.47,0.55,21.7,60.061446716535144,11.99,4,47.4,73.3,0,0.35,Medio,Avanzar con precaución
Escalera colapsada,22.84178305094558,39.88889659901471,940.664331435715,0.0,42.86718901723775,1917.5591243282438,147.07518900921113,sin_gas,204.92304935512095,2.46,2.6,0.81,0.38,30.4,60.061446716535144,11.99,4,47.4,50.4,0,0.23,Alto,Cambiar ruta o detenerse
Pasillo B,21.292071532667343,31.442957121482213,946.5555654755228,0.0,27.62719852689024,1074.8373103984145,150.14736201845582,metano,245.84389301688563,0.54,18.5,4.13,0.69,84.9,51.344817609467725,11.46,43,34.6,40.4,1,0.81,Medio,Enviar alerta y avanzar con precaución
Entrada,23.24010665338591,30.19543099296688,900.0,0.0,66.90330099091692,1921.6793065354661,145.3406060078872,amoniaco,436.30608743879264,1.79,22.7,2.18,0.5,58.7,69.83068193933177,12.08,24,52.3,23.2,0,0.09,Alto,Cambiar ruta o detenerse
Habitación bloqueada,22.427412746091363,38.24998927409872,949.7039851632458,4.32575,23.44734676730244,998.2295343545006,132.1932621666414,metano,150.69918870859124,1.34,9.6,1.87,0.57,31.7,60.061446716535144,11.84,24,44.4,57.4,0,0.3,Alto,Cambiar ruta o detenerse
Escalera colapsada,18.800133498280125,40.00349342609206,900.0,2.25175,24.028802588213672,1980.1934909650959,143.8297481199828,sin_gas,79.6308471705472,2.04,28.0,4.91,0.82,57.2,60.061446716535144,11.66,24,44.4,51.2,0,0.01,Alto,Cambiar ruta o detenerse
Pasillo B,22.790467471506062,43.35087383838354,954.5719382394196,0.0,18.96500491647761,464.27154230749886,122.42190972216572,sin_gas,70.40960906689759,1.19,23.4,4.65,0.34,40.3,60.061446716535144,11.63,24,44.4,65.4,0,0.37,Medio,Avanzar con precaución
Escalera colapsada,19.02592340081652,31.467004806077504,949.6166220084192,0.0,54.13763157498562,994.9538042850818,122.2208342928505,gas_desconocido,413.4973049525002,1.96,22.8,4.87,1.23,37.9,60.061446716535144,11.7,43,41.6,33.4,0,0.02,Alto,Cambiar ruta o detenerse
Entrada,22.856831809348048,43.6103845353965,900.0,2.7258,60.511306729026806,1447.1303635245858,121.7883145610664,sin_gas,380.74284316504884,2.33,14.7,0.88,0.3,96.6,60.061446716535144,11.6,24,44.4,37.7,0,0.26,Alto,Cambiar ruta o detenerse
Sector sur,19.092869047605696,35.36435797962623,940.205124554875,0.0,4.579926654746745,494.62512203142353,94.95748819368573,amoniaco,248.82267052317076,1.83,33.7,4.48,0.77,49.0,60.061446716535144,11.55,24,44.4,49.8,1,0.71,Alto,Enviar alerta y cambiar ruta
Pasillo B,18.147785159315344,25.09835934508355,900.0,0.0,32.61043372364156,790.6715288796852,68.58576585634778,metano,137.43571404607658,1.94,9.6,1.78,1.14,23.7,60.061446716535144,11.84,4,47.4,66.5,0,0.24,Medio,Avanzar con precaución
Habitación bloqueada,22.472390959549173,32.97088860235627,948.4213886593208,0.0,40.56365644802274,2362.5276614465265,132.78417157827212,amoniaco,338.80658777130566,0.17,20.2,0.26,0.78,97.6,60.061446716535144,11.77,4,47.4,31.7,0,0.19,Alto,Cambiar ruta o detenerse
Punto crítico,20.57888448769343,47.83853652699577,951.1731816278296,0.0,46.85037245605207,2451.3519568783972,57.26305237767978,monoxido_carbono,19.216548716234904,0.51,10.8,2.08,0.61,83.6,43.49983953044312,11.42,4,34.2,76.5,0,0.34,Bajo,Avanzar
Sector norte,23.318367010829228,38.903093669433645,951.5272343736384,0.0,28.96088314276023,1953.4748895200198,100.00787300858336,metano,284.1139078333307,2.44,26.1,2.64,0.76,40.4,60.061446716535144,11.9,24,44.4,50.5,1,0.89,Alto,Enviar alerta y cambiar ruta
Túnel estrecho,19.2401724720917,36.95992796052498,949.7878262659042,0.4148,43.98226253300962,929.620106295517,80.83723353812923,metano,199.21258436973181,1.73,1.7,0.72,1.29,52.7,54.45999053420621,11.61,24,40.0,55.9,0,0.31,Medio,Avanzar con precaución
Túnel estrecho,20.13291447108381,38.84074023539646,900.0,0.88885,35.45942105153031,947.0866354155349,53.4088984913977,amoniaco,488.92981690598424,1.4,1.6,2.78,1.49,89.0,60.061446716535144,11.89,24,44.4,51.8,0,0.06,Medio,Avanzar con precaución
Pasillo A,21.484237909975704,35.27799669568766,949.6678697208388,0.0,56.82188159169098,1756.1597513696531,175.57073607918107,sin_gas,253.780124555263,0.92,28.4,4.13,0.98,48.6,60.061446716535144,11.65,4,47.4,39.6,0,0.03,Alto,Cambiar ruta o detenerse
Sector norte,24.404946143930253,30.480288277665,900.0,0.0,22.39398331477405,646.9591948572737,50.281537910318406,amoniaco,276.1338762251339,0.11,15.2,2.01,1.21,65.4,60.061446716535144,11.65,4,47.4,67.3,0,0.02,Bajo,Avanzar
Zona de escombros,23.8310283105219,29.173154653033176,942.4112812454196,0.0,40.25305196274361,2391.44969890377,59.12628615153025,monoxido_carbono,356.1813317214096,0.92,11.9,1.89,0.12,62.8,65.06567308450228,11.87,24,48.5,65.6,0,0.07,Medio,Avanzar con precaución
Zona de escombros,20.753178690842923,35.99292397803688,948.4744936787188,2.3237,15.020522499575351,872.1070889713876,33.277812807661945,monoxido_carbono,242.26924056282334,1.25,21.3,1.83,1.33,52.1,76.26164411533003,12.42,24,57.4,70.9,0,0.27,Medio,Avanzar con precaución
Punto crítico,19.65887785619267,35.91840454531992,900.0,0.0,28.38577738436465,2499.234813393432,149.02160943000084,metano,112.28430963837572,0.53,24.6,4.63,1.44,71.2,60.061446716535144,11.95,24,44.4,44.9,0,0.2,Medio,Avanzar con precaución
Pasillo B,22.11735094942064,23.608703356309736,945.8407860344572,1.83695,29.28201834539381,1441.0409701351668,107.65314509703565,sin_gas,268.638923274224,0.43,7.0,0.43,0.91,57.9,67.15251756207697,12.07,4,53.1,57.3,0,0.3,Medio,Avanzar con precaución
Zona de escombros,23.89408378333921,36.3661815607218,949.1806933688442,1.95545,33.45045838858255,2020.0029768851664,112.2818698826675,amoniaco,472.1344354453602,1.27,6.5,2.34,1.16,21.7,60.061446716535144,11.56,24,44.4,35.7,0,0.08,Alto,Cambiar ruta o detenerse
Zona de escombros,22.80968217262074,43.32142573543104,940.3135809318524,0.0,55.9636773748334,404.5865984616702,148.59824706484213,sin_gas,204.9554940842359,1.46,33.5,1.47,0.82,85.2,60.061446716535144,11.78,24,44.4,34.7,0,0.15,Alto,Cambiar ruta o detenerse
Escalera colapsada,24.933443087575345,44.740961984715966,938.579128730738,0.0,24.05008416707818,2266.367449978448,65.01094026022889,gas_desconocido,339.8204774998365,0.6,20.6,4.49,0.5,29.1,60.061446716535144,11.88,24,44.4,60.0,1,0.84,Alto,Enviar alerta y cambiar ruta
Zona de escombros,26.10934783773433,24.57254306206174,937.1785908026254,0.0,47.784569545665256,967.0042940392188,38.88584944153741,gas_desconocido,489.01709444284245,1.47,13.7,0.66,1.29,57.1,60.061446716535144,12.07,22,44.7,61.4,0,0.37,Medio,Avanzar con precaución
Habitación bloqueada,25.13551721321012,21.51746184401776,944.6198999478172,0.0,15.326573460037206,1802.6671635509372,39.720938698933196,sin_gas,414.96115649174527,2.25,28.1,2.17,0.94,66.4,60.061446716535144,11.51,24,44.4,51.5,0,0.37,Alto,Cambiar ruta o detenerse
Pasillo B,22.01278332737882,21.327314760898023,944.1991334625014,0.0,32.22933804957976,2093.3460896665383,133.20846875589538,sin_gas,329.51706654166185,1.18,18.4,2.15,0.91,76.4,60.061446716535144,11.87,4,47.4,36.4,0,0.33,Alto,Cambiar ruta o detenerse
Pasillo A,23.91002161919844,36.37890633268886,900.0,0.0,9.468135831746745,744.7102551739043,112.4701520309283,metano,367.9982441652572,2.14,8.5,4.46,1.02,52.9,60.061446716535144,11.92,24,44.4,51.4,0,0.28,Alto,Cambiar ruta o detenerse
Túnel estrecho,23.117366510206946,32.0726506031715,952.0941499708752,0.59255,42.458704966131805,1329.2699107913809,41.10930375186555,gas_desconocido,468.24162400853754,2.32,7.2,1.23,1.3,78.8,60.061446716535144,11.83,24,44.4,58.1,1,0.71,Medio,Enviar alerta y avanzar con precaución
Zona de escombros,22.819343879326105,34.533229294344814,900.0,0.0,48.895886449210295,1437.0554753690392,30.386444062074123,metano,479.8760522001783,0.23,13.9,3.3,1.12,30.5,60.061446716535144,11.56,24,44.4,54.9,0,0.29,Medio,Avanzar con precaución
Entrada,20.23297550655088,35.51988512130458,940.8707220058528,3.19985,7.450635256403436,1055.4508772123295,26.12027840334524,metano,484.4840651609979,0.24,30.1,0.85,0.4,72.3,60.061446716535144,11.8,4,47.4,57.8,0,0.38,Medio,Avanzar con precaución
Punto crítico,18.911124928352457,26.081767687627348,900.0,0.0,69.03908310278618,1411.687242430861,114.8647633480316,amoniaco,312.820814101261,1.19,2.2,4.78,0.75,86.1,60.061446716535144,11.83,24,44.4,43.3,0,0.02,Medio,Avanzar con precaución
Punto crítico,23.65821561049413,34.47421538030474,955.9769861215838,0.0,15.511674362063204,1066.84588107621,5.020762859398752,sin_gas,192.35582493261828,1.47,7.6,3.05,1.47,91.2,69.55845141123422,11.99,24,52.0,77.8,0,0.37,Bajo,Avanzar
Túnel estrecho,17.351084613946412,22.89976832300246,949.7550200493856,20.24965,28.931508540856825,1157.5702646159393,8.205884955620153,metano,66.57656447814998,1.06,31.3,3.21,0.88,66.4,15.0,10.71,4,11.4,78.7,0,0.23,Medio,Avanzar con precaución
Sector norte,21.10646392429016,39.02871484736244,927.7262198480933,0.0,25.56252726589024,1805.5954752757518,73.17179873456668,sin_gas,192.77400067020145,0.82,4.3,2.28,1.41,45.0,60.061446716535144,11.64,4,47.4,65.7,0,0.05,Medio,Avanzar con precaución
Pasillo A,23.757353364913328,45.02558622856403,945.1409019552452,0.88885,8.238249202657524,1728.445863440494,125.98622624832842,monoxido_carbono,471.4777273678095,1.6,22.0,1.84,1.24,33.1,60.061446716535144,11.83,44,41.4,30.8,0,0.09,Alto,Cambiar ruta o detenerse
Zona de escombros,19.311643044353048,34.47410215884621,945.32040677559,4.9776,10.287530281563814,887.758024174803,126.63189088704569,sin_gas,444.8985402961948,0.01,7.5,1.22,1.03,47.6,47.583294321343786,11.4,24,34.5,26.3,1,0.64,Medio,Enviar alerta y avanzar con precaución
Túnel estrecho,23.338061242306413,42.509771445384615,941.2716771976758,1.7152,22.77241274565701,2284.7140580703917,80.27069788134585,monoxido_carbono,261.8298310314393,2.42,21.2,3.1,0.59,63.2,60.061446716535144,11.66,24,44.4,59.0,0,0.21,Alto,Cambiar ruta o detenerse
Pasillo B,22.610356584661705,35.78734376104582,952.2514164659588,4.83185,21.12699271343404,2211.8559459099206,125.93788115579969,humo,268.503643296962,0.58,13.4,4.78,0.53,35.7,75.44651799916345,12.06,24,56.8,39.3,0,0.39,Alto,Cambiar ruta o detenerse
Escalera colapsada,18.70810300193032,21.78454110288935,948.9212341671048,0.0,70.88993575269875,1469.0749440488985,96.19183142652196,monoxido_carbono,154.46017479748474,2.29,3.6,1.93,1.0,96.2,70.20143717242667,12.0,24,52.6,63.3,0,0.06,Medio,Avanzar con precaución
Túnel estrecho,27.434325516482176,28.435403185707,950.0531876019002,0.0,34.71853867860749,1309.8265596610759,175.96299793953017,monoxido_carbono,227.25394503524072,0.27,20.4,4.44,0.71,91.8,60.061446716535144,11.92,24,44.4,39.0,0,0.17,Medio,Avanzar con precaución
Pasillo A,23.149359295210857,33.579489999161346,900.0,0.59255,35.4957113476914,1191.3975642666287,33.43053742144579,sin_gas,357.22424696969756,0.6,23.9,0.91,1.22,22.6,60.061446716535144,11.58,24,44.4,55.1,0,0.14,Medio,Avanzar con precaución
Escalera colapsada,18.63439454941388,37.42580044488629,900.0,0.0,55.659333596396046,1885.262629199522,110.11677184848098,metano,201.21536282389596,0.59,23.8,4.69,1.16,65.0,54.66290386960209,11.45,24,40.1,61.9,0,0.21,Medio,Avanzar con precaución
Sector norte,24.559835287352044,38.78778094070052,944.2949071150626,0.0,58.90443174662721,1810.498720139888,90.96678579142564,sin_gas,93.99193603801692,2.49,22.3,1.88,0.54,83.1,60.061446716535144,11.7,24,44.4,68.2,0,0.26,Medio,Avanzar con precaución
Escalera colapsada,24.69897568121492,44.00601904807865,900.0,0.0,28.88706638229608,811.9792745697553,39.03161031509652,monoxido_carbono,270.42978941253887,0.01,17.5,2.02,1.08,39.6,15.0,10.54,43,5.6,67.1,0,0.27,Medio,Avanzar con precaución
Zona de escombros,21.276567679000724,33.38503782678576,944.5214816389496,0.0,18.77022621619047,1810.0618657307587,136.2483256247981,sin_gas,112.668455727164,1.6,18.2,2.42,0.79,61.9,64.29367208548553,11.94,24,47.8,52.3,0,0.01,Alto,Cambiar ruta o detenerse
Sector sur,21.417392475624737,46.958314917912126,947.3194466849752,0.0,6.4156415718183615,930.105507614284,53.21390348809917,sin_gas,487.14377800630007,2.17,22.2,3.65,0.55,52.5,60.061446716535144,11.46,4,47.4,49.8,0,0.04,Alto,Cambiar ruta o detenerse
Túnel estrecho,23.77782786866236,23.03771058737749,953.0218085073284,0.0,8.582339606049716,438.9725066994037,71.79921834136978,sin_gas,195.16995700597707,1.68,24.2,3.65,0.68,35.7,60.061446716535144,11.87,43,41.6,68.4,0,0.02,Alto,Cambiar ruta o detenerse
Escalera colapsada,18.294528958078253,32.418717835722454,944.1566936315762,9.89565,34.51849615674526,1868.3382228284918,70.59534967781775,sin_gas,454.8324858045581,0.91,22.9,2.5,1.35,69.2,74.8904753340267,12.24,24,56.3,58.2,0,0.35,Alto,Cambiar ruta o detenerse
Túnel estrecho,28.21828939929379,35.48776631374287,947.0656217896144,0.0,28.89459842455715,1754.066565167574,47.73578280789104,monoxido_carbono,112.77699830181214,2.4,20.5,2.71,0.6,99.5,60.061446716535144,11.8,24,44.4,75.0,0,0.13,Medio,Avanzar con precaución
Entrada,22.30426987446954,45.74145441654872,950.5723328633547,0.0,27.59786423102656,1262.699450986117,80.37343304722091,monoxido_carbono,94.60450265288823,2.23,5.5,0.34,0.5,49.2,60.061446716535144,11.48,43,41.6,64.7,0,0.15,Alto,Cambiar ruta o detenerse
Sector sur,22.421188179998435,42.25096860997748,950.7726914097236,1.7152,32.97632779817819,1503.9407174309629,87.8355291623332,sin_gas,308.4505645198687,1.08,7.4,1.66,0.59,64.2,60.061446716535144,11.78,24,44.4,51.4,0,0.19,Medio,Avanzar con precaución
Zona de escombros,21.802641943801504,41.13844361524748,950.8001243718858,0.0,24.99986486087647,2389.0553025820955,135.23879274162883,monoxido_carbono,389.6895391516603,1.43,9.1,1.86,0.4,46.2,64.85945090686391,11.74,24,48.3,34.7,1,0.71,Alto,Enviar alerta y cambiar ruta
Túnel estrecho,22.087874283687835,37.048704162182176,941.2485867217468,1.24435,32.129509972362854,1649.9203799014192,138.8870005159815,metano,283.3822819261879,2.42,32.2,2.88,0.86,90.2,60.061446716535144,11.58,4,47.4,40.1,0,0.02,Alto,Cambiar ruta o detenerse
Entrada,22.26764028640485,23.15458298304864,952.28768454563,1.24435,55.17691277201498,1781.556264206716,32.74729445104086,monoxido_carbono,114.89784180262969,2.46,26.6,2.88,0.31,89.2,74.8904753340267,12.16,4,59.3,81.2,1,0.97,Medio,Enviar alerta y avanzar con precaución
Entrada,24.568580499236973,22.240895552761,900.0,2.07395,76.21498293968573,534.2137739931964,108.7351523823181,humo,18.94718144199803,1.12,19.4,3.61,1.24,34.3,60.061446716535144,11.88,4,47.4,56.6,0,0.28,Medio,Avanzar con precaución
Pasillo A,18.90320534860365,20.72482992185893,951.4675120757264,0.0,17.97201267996633,748.588367417763,161.8346146988942,sin_gas,309.14441059550256,2.12,8.8,3.64,0.42,92.0,60.061446716535144,11.95,24,44.4,42.3,0,0.39,Alto,Cambiar ruta o detenerse
Sector sur,21.106505966320533,35.42895235392849,946.583077539233,0.0,23.414943325008103,1031.9997804643351,24.037656554798144,sin_gas,65.51861268277415,0.75,3.9,1.33,0.94,32.1,15.0,10.77,24,8.4,86.7,0,0.26,Bajo,Avanzar
Pasillo B,22.587780340185752,27.737492291259617,949.0553001081124,0.0,68.3382295713731,1532.6965678591005,87.75995779347424,monoxido_carbono,171.5881935161656,0.93,31.5,3.9,0.28,27.6,61.02760354973527,11.81,44,42.2,54.7,0,0.11,Alto,Cambiar ruta o detenerse
Sector sur,20.131731520037768,36.93652554256953,944.1375917555832,0.0,36.267493079834665,2030.8408815649746,136.31179642145997,humo,337.8923768356157,0.41,31.2,0.29,1.47,72.2,60.061446716535144,12.01,24,44.4,43.4,0,0.21,Alto,Cambiar ruta o detenerse
Pasillo A,22.632681954727744,35.85463669228662,950.8317344186764,0.0,67.90219693165834,1074.6058433560327,112.01098351691007,monoxido_carbono,49.01172029146594,0.52,3.9,3.64,0.74,50.9,60.061446716535144,12.08,24,44.4,59.7,0,0.39,Bajo,Avanzar
Punto crítico,20.562586251597786,40.69540743259192,900.0,1.8962,76.40744687857017,1148.4031040054251,22.60248990440918,humo,63.625739891977894,1.64,27.9,0.69,1.25,62.5,63.05755111311913,11.99,44,43.8,84.6,0,0.22,Medio,Avanzar con precaución
Sector sur,21.408747582603244,45.626188182313335,945.5122555925898,1.5999,72.96018305709445,937.9168588648726,74.40607193642018,amoniaco,30.833103653702064,1.28,15.6,3.7,1.18,72.2,15.0,10.76,24,8.4,69.7,0,0.16,Medio,Avanzar con precaución
Zona de escombros,20.863296831030123,32.8539734394765,944.1720731971602,1.24435,76.18870658956813,934.6795915201424,93.76691218795119,monoxido_carbono,498.0395644534133,0.58,11.3,2.73,1.1,24.2,60.061446716535144,11.76,24,44.4,44.7,0,0.16,Medio,Avanzar con precaución
Sector sur,22.35655151485621,35.69020306446459,952.314559771708,0.4148,25.5059106221582,2392.6140763790727,179.27298030034777,monoxido_carbono,193.53838430079063,1.01,25.9,2.3,1.26,43.4,60.061446716535144,11.73,43,41.6,25.6,0,0.39,Alto,Cambiar ruta o detenerse
Pasillo A,20.50604237373227,35.47941403499489,944.9858691738297,0.0,45.81793290930631,1734.460077199669,36.25638413163924,metano,452.8975838673173,0.93,21.5,3.52,0.24,56.9,60.061446716535144,11.87,24,44.4,61.1,0,0.29,Medio,Avanzar con precaución
Sector norte,23.35912731416836,38.445151004230986,947.3542200260864,1.7152,21.15405909141891,727.3926114338883,176.9241592530197,monoxido_carbono,146.79281921214104,2.47,27.3,0.37,1.05,41.3,60.061446716535144,11.64,43,41.6,35.9,0,0.28,Alto,Cambiar ruta o detenerse
Punto crítico,22.49233081191531,36.023612854692125,947.0424226959124,0.0,26.559369970868,1916.7220139769458,70.82621224015269,monoxido_carbono,376.60128257024786,2.13,2.6,1.27,0.47,23.9,60.061446716535144,11.81,24,44.4,45.7,0,0.1,Alto,Cambiar ruta o detenerse
Sector sur,22.18117542544121,35.647308242123586,958.0365692754516,0.0,30.574649912746803,1916.244401056061,40.05608506291874,amoniaco,109.53330815618945,0.97,11.2,3.16,1.2,26.9,65.70748564259782,11.93,43,46.1,71.8,0,0.23,Medio,Avanzar con precaución
Habitación bloqueada,19.80532277815968,26.25058825878836,948.1418670328276,9.84815,50.47507051762105,1799.5874117127805,77.4690893716993,metano,249.16235482412515,2.28,11.2,4.27,1.44,84.1,60.061446716535144,11.82,24,44.4,56.9,1,0.82,Medio,Enviar alerta y avanzar con precaución
Túnel estrecho,24.071104610827195,25.121437600981828,946.2973910444542,0.0,20.413734031091654,682.9129346903935,112.449146706093,sin_gas,412.3078696478898,0.86,11.5,2.03,1.36,92.9,15.0,10.66,43,5.6,39.9,0,0.1,Alto,Cambiar ruta o detenerse
Sector norte,21.53446724689229,34.93365940151588,936.632136620598,1.0666,11.792961169925729,1256.7821152861325,42.36204393442428,amoniaco,408.1671994475413,1.67,17.6,1.44,0.26,32.2,60.061446716535144,11.8,24,44.4,59.1,1,0.9,Alto,Enviar alerta y cambiar ruta
Zona de escombros,20.581627433589084,42.49182881961583,900.0,0.0,28.883302927106843,624.1882940382676,56.00183957787236,monoxido_carbono,397.14035868133726,2.42,9.9,2.69,0.62,39.9,75.4053241268077,12.35,24,56.7,50.0,0,0.16,Medio,Avanzar con precaución
Escalera colapsada,23.89267740702604,32.063097717455186,942.4456027467636,0.0,55.40749703879834,2114.9030585934865,154.5456378036757,gas_desconocido,411.86720651927646,0.98,15.6,3.19,0.61,72.2,60.061446716535144,11.69,43,41.6,39.8,1,0.83,Alto,Enviar alerta y cambiar ruta
Punto crítico,18.460525477304945,22.758632411580308,900.0,0.0,66.56083720301604,1775.8615006736304,179.82665579205187,metano,105.73614065293962,1.7,12.9,2.22,0.27,96.3,60.061446716535144,11.8,24,44.4,32.1,0,0.37,Alto,Cambiar ruta o detenerse
Sector norte,24.688681966631226,14.97936060171936,943.875688811574,0.0,38.58667486221512,1465.1282672124187,60.68022101222462,sin_gas,241.10813628019324,0.74,25.7,4.41,0.24,44.0,63.74005603730278,11.56,4,50.4,61.0,1,0.93,Medio,Enviar alerta y avanzar con precaución
Entrada,22.651289749145505,36.70107731620619,900.0,1.54065,15.038605058407104,1120.3325006512528,31.04994069123955,sin_gas,242.4357372985793,0.67,21.1,2.71,0.64,88.4,73.00052897087804,12.07,24,54.8,63.1,0,0.3,Bajo,Avanzar
Pasillo B,20.970562591441144,26.28142810483455,949.9158763413362,0.0,16.09718228353112,786.9238964383102,143.80489349895728,amoniaco,445.25124367395625,1.44,22.9,0.37,1.49,60.5,56.39934385437815,11.72,24,41.5,41.6,0,0.26,Alto,Cambiar ruta o detenerse
Pasillo A,22.52907977522248,31.46971278858829,900.0,0.0,6.532854666342407,623.5399365495266,110.07974527315041,sin_gas,148.44591469971442,2.45,7.4,1.27,0.9,96.5,49.23695027420395,11.55,4,38.8,47.7,0,0.37,Medio,Avanzar con precaución
Sector sur,22.30542561264997,21.96579119644315,900.0,6.4919,49.63386847132592,2435.4052758274893,22.570200090730197,humo,465.7479466945241,1.13,11.4,2.36,0.97,30.9,60.061446716535144,11.87,4,47.4,68.7,0,0.33,Alto,Cambiar ruta o detenerse
Túnel estrecho,24.91019231340554,43.185118257747234,900.0,0.47405,32.446793875128776,819.2621481076484,170.68500925130368,sin_gas,225.39786815304953,2.34,0.7,3.55,0.76,97.9,73.27118516644828,12.0,22,55.3,31.6,0,0.29,Medio,Avanzar con precaución
Punto crítico,19.46327109279586,33.89238309128369,943.5041996943664,0.47405,25.08824200730458,525.7367161149099,18.658667469981097,humo,334.8935015887094,2.29,3.8,1.25,1.03,55.3,54.7804995718726,11.83,4,43.2,70.3,0,0.13,Medio,Avanzar con precaución
Pasillo B,20.305350525069247,24.861139912417297,900.0,0.0,62.14055381546511,2419.5002215832424,114.4373702858872,amoniaco,134.44155613966717,0.63,9.3,4.89,1.44,96.2,55.15634185889831,11.53,24,40.5,51.0,1,0.92,Medio,Enviar alerta y avanzar con precaución
Pasillo A,23.00285482832908,40.13993173526581,932.8929654550448,0.0,21.47897226624862,1552.7986568514368,79.18901978137676,humo,205.14905341565364,1.0,2.3,1.73,0.92,56.7,60.061446716535144,11.98,24,44.4,57.4,0,0.38,Medio,Avanzar con precaución
Pasillo A,24.067746983773024,39.56105772184964,900.0,0.0,36.222965958957424,2072.9791434814,102.40918569198877,sin_gas,354.90046603457023,1.61,21.1,2.76,0.19,62.4,60.061446716535144,11.79,24,44.4,53.4,0,0.02,Alto,Cambiar ruta o detenerse
Sector sur,22.696464282936223,33.40002205792287,900.0,0.5333,16.59647211631801,491.908279116469,42.31248424052528,monoxido_carbono,256.3735709255047,1.3,34.9,0.29,0.79,84.4,60.061446716535144,11.75,4,47.4,66.3,0,0.32,Alto,Cambiar ruta o detenerse
Punto crítico,20.0237424509761,33.7042755618764,938.0883782864672,0.0,57.14465767812602,1590.5863007072749,125.41931986886404,sin_gas,465.3540058441669,0.24,3.5,4.45,1.49,77.8,60.061446716535144,11.55,24,44.4,39.8,0,0.11,Medio,Avanzar con precaución
Sector sur,19.510806274479386,46.72728294237342,900.0,0.0,40.89193705693685,1236.2409246477898,172.95094559833444,sin_gas,368.5624829487387,2.48,28.7,3.99,0.64,69.6,60.061446716535144,11.59,4,47.4,27.1,0,0.08,Alto,Cambiar ruta o detenerse
Sector norte,20.918155993885307,36.00457445207046,949.9099853608108,0.0,45.05478093662926,2021.1253121347554,85.22452795786023,sin_gas,282.20146275529993,1.88,4.2,1.14,0.93,53.4,71.28300009487272,12.05,4,56.4,49.8,0,0.1,Alto,Cambiar ruta o detenerse
Túnel estrecho,23.954755029366385,34.309816930767305,900.0,0.0,20.69783128483657,480.693855842023,96.51769857443976,amoniaco,443.3348783261041,1.09,23.4,4.68,0.25,83.4,28.6048937465214,10.99,24,19.3,52.1,1,0.86,Alto,Enviar alerta y cambiar ruta
Zona de escombros,23.91720288435359,48.963395993526426,948.641390543163,0.0,76.00825290890758,1243.55019397939,46.96704234955423,sin_gas,332.7781943943722,1.55,22.5,1.72,0.3,95.9,60.061446716535144,11.91,24,44.4,61.3,0,0.4,Alto,Cambiar ruta o detenerse
Zona de escombros,23.00032184582104,20.83313405777352,948.800504683807,0.4148,75.62409049843043,2078.0541809210117,161.0768971564392,humo,323.66023671021617,0.22,31.6,3.52,1.32,20.8,68.38026969028468,11.98,24,51.1,31.2,0,0.35,Alto,Cambiar ruta o detenerse
Entrada,19.519601527375475,37.355422999921686,900.0,1.3629,65.52228351612034,1497.664255740577,174.95552089949268,sin_gas,123.18566657381363,1.24,4.0,4.13,0.52,67.0,60.061446716535144,11.55,4,47.4,44.2,0,0.21,Medio,Avanzar con precaución
Punto crítico,24.78205194816436,37.34089092394242,952.891549386639,0.0,10.71709274215785,1555.0813560970682,142.60195489005952,metano,197.42848276410547,2.33,11.0,3.76,0.53,89.3,35.6272189040741,11.36,24,24.9,35.4,0,0.29,Alto,Cambiar ruta o detenerse
Punto crítico,23.3173898184563,43.3432621612196,948.2426099962576,0.4148,6.620172875972859,604.0458321285275,99.9853628779657,sin_gas,341.65182630201076,2.24,3.2,4.6,0.64,72.2,60.061446716535144,11.74,24,44.4,47.5,0,0.23,Medio,Avanzar con precaución
Pasillo A,20.63282910115926,36.82573848080004,946.6969456407562,0.88885,11.353525648536312,677.8941678521919,172.43944428901037,amoniaco,445.89585574157894,0.84,14.3,4.35,1.45,84.1,45.44307310946075,11.45,24,32.8,30.9,0,0.33,Alto,Cambiar ruta o detenerse
Pasillo B,23.950965089239343,33.95099732421547,951.3853628454124,0.0,41.45311981686138,1821.6991712681504,31.923759689273442,sin_gas,157.7737368224576,1.33,31.9,4.97,0.22,91.6,60.061446716535144,11.92,24,44.4,82.0,0,0.34,Medio,Avanzar con precaución
Sector norte,18.07174893237372,28.16225748074724,944.48434315826,0.0,32.27077813334267,1817.5979068088318,88.73590048166322,humo,107.74281097149235,1.74,27.4,1.08,1.25,80.1,60.061446716535144,11.55,4,47.4,61.6,0,0.1,Alto,Cambiar ruta o detenerse
Escalera colapsada,20.82559565150009,34.54663714907739,952.6478032961436,0.0,50.03979278731343,2456.117127929774,99.08099867712228,monoxido_carbono,296.8479894079279,0.85,25.3,1.66,0.58,77.4,60.061446716535144,11.59,4,47.4,52.9,0,0.19,Alto,Cambiar ruta o detenerse
Habitación bloqueada,24.074703759772152,34.282718055972865,953.0586140551897,100.0,48.73014312723387,1895.101274937656,91.08537345666593,humo,33.598549051356564,0.16,18.7,3.25,1.29,97.2,60.061446716535144,11.81,4,47.4,71.7,0,0.26,Bajo,Avanzar
Escalera colapsada,22.827893736434145,31.022078100222963,940.8447630099392,0.0,42.18755678115296,1435.8113414602394,145.42320025627308,sin_gas,357.27085072500256,1.26,30.9,3.72,1.49,89.1,60.061446716535144,11.51,24,44.4,45.2,0,0.39,Alto,Cambiar ruta o detenerse
Sector sur,20.13894567869896,45.00002524481087,951.692315422142,0.0,16.979330167757272,2200.388429420461,122.3205059278637,metano,351.5692716437404,1.5,15.7,2.77,0.59,85.2,60.061446716535144,11.67,24,44.4,40.5,0,0.28,Alto,Cambiar ruta o detenerse
Túnel estrecho,23.450104715521714,35.075576786645485,949.1864384618596,0.0,19.959402569151703,619.393270213466,27.165231535695796,monoxido_carbono,177.48301549307754,0.01,5.2,0.55,0.28,26.9,60.061446716535144,11.91,24,44.4,72.4,0,0.36,Medio,Avanzar con precaución
Pasillo A,23.74361014209689,34.88672008648856,900.0,0.0,23.817558099945707,1343.5212238821346,65.62897878503557,humo,446.33882667245086,0.24,29.3,4.24,0.3,39.1,71.2937181512255,11.98,24,53.4,58.4,0,0.34,Alto,Cambiar ruta o detenerse
Habitación bloqueada,23.58670092150261,36.558436013080495,900.0,0.4148,29.781160295409816,1002.9291329478965,64.33844846770512,metano,251.09057076956375,0.52,9.8,4.81,1.16,64.5,60.061446716535144,11.56,4,47.4,59.3,0,0.24,Bajo,Avanzar
Sector norte,21.07460463591675,22.383928857324563,947.6746873534412,0.0,53.86288703473728,619.7393945480137,103.98563373876252,humo,322.8824753464684,0.87,1.9,2.15,0.3,76.8,60.061446716535144,11.79,24,44.4,38.8,1,0.86,Medio,Enviar alerta y avanzar con precaución
Punto crítico,19.78612229000221,33.40773424589748,900.0,0.0,61.83189311937164,2003.3543779127692,56.00522309013196,sin_gas,104.78924096916892,1.35,4.4,1.28,0.46,44.3,73.00052897087804,11.97,4,57.8,61.2,0,0.16,Medio,Avanzar con precaución
Sector sur,21.62714999284816,35.33701557121012,900.0,2.96285,69.15818922199313,1472.6632640476562,25.522559671934356,amoniaco,208.67016758,0.73,21.3,0.29,0.39,27.5,48.957885231488135,11.42,24,35.6,65.4,0,0.16,Alto,Cambiar ruta o detenerse
Pasillo B,20.15144280802803,32.34978027524333,943.198154402081,0.0,31.36036091525565,1569.2143117847304,119.39446648999869,sin_gas,431.20877013488405,0.69,21.2,1.34,0.6,44.9,60.061446716535144,12.29,4,47.4,32.4,0,0.31,Alto,Cambiar ruta o detenerse
Habitación bloqueada,24.423687386116715,37.42218425886835,949.770271130583,0.0,36.93301509817471,1263.635894611691,153.93146424362894,sin_gas,106.4697738161714,2.17,9.1,3.56,0.2,81.7,60.061446716535144,11.85,24,44.4,52.0,1,0.98,Medio,Enviar alerta y avanzar con precaución
Pasillo A,25.86100596902849,37.009676589393166,949.5985356001614,0.88885,21.93587038817728,1366.708186365744,168.03141670653667,metano,195.2871887962344,0.36,25.5,4.58,1.3,90.2,73.53931082473471,12.0,4,58.2,45.1,0,0.13,Alto,Cambiar ruta o detenerse
Entrada,22.591487540260644,22.09133067152897,937.3563380403832,0.0,42.12390760470948,643.6365129583066,175.20122309040826,humo,159.03827221406496,1.24,27.1,0.65,1.3,93.0,60.061446716535144,11.9,24,44.4,39.3,0,0.25,Alto,Cambiar ruta o detenerse
Entrada,23.060718359908183,24.09890901864884,941.0980387201602,0.0,41.91548311055183,1813.1274310026506,141.69544808657744,gas_desconocido,75.55509243239005,2.38,32.2,2.86,0.68,50.3,60.061446716535144,11.72,24,44.4,48.4,0,0.17,Alto,Cambiar ruta o detenerse
Habitación bloqueada,22.97432453960957,19.737680095220977,946.5343913742868,0.0,29.302942487080102,1308.1394551709488,29.44792495108288,metano,144.85895906376777,1.56,20.5,3.54,0.96,49.8,77.33826713072648,12.05,24,58.3,68.4,0,0.38,Medio,Avanzar con precaución
Pasillo A,20.67413293839672,33.188710340804704,900.0,0.0,49.67409363983166,2115.211903572125,154.29456924142679,humo,116.38614178760837,1.79,27.3,1.53,1.0,52.5,60.061446716535144,11.81,24,44.4,51.0,0,0.38,Alto,Cambiar ruta o detenerse
Sector norte,19.56689925559956,22.26608976077154,940.9914938579656,1.3629,20.14876335033734,812.2031203004599,74.99301284193294,monoxido_carbono,461.7968152306637,1.08,26.4,2.94,1.15,50.1,76.41115766473123,12.18,4,60.5,48.6,1,0.94,Alto,Enviar alerta y cambiar ruta
Pasillo A,21.81269958213607,20.054476843547626,900.0,2.548,34.68602560536612,830.6156961795551,132.73447991366362,amoniaco,370.539402271398,0.05,9.0,3.63,0.83,73.3,58.003439053521646,11.86,24,42.8,35.3,0,0.22,Medio,Avanzar con precaución
Escalera colapsada,18.35995311346605,23.350561179476955,944.7045774543034,0.88885,29.76539724486617,1756.0951002144443,97.97190086814626,sin_gas,158.05079089141216,1.62,10.9,4.22,0.81,48.7,76.38726905967843,12.32,24,57.5,58.7,0,0.29,Alto,Cambiar ruta o detenerse
Túnel estrecho,19.52686116833243,48.502343553690665,900.0,0.0,16.953598782513286,2176.6071891345337,150.00607338853715,monoxido_carbono,381.6695266213549,1.58,16.7,2.37,0.98,21.6,65.80561421460845,12.06,24,49.0,34.3,0,0.19,Alto,Cambiar ruta o detenerse
Pasillo A,20.99062991887331,26.21196458219605,946.8968392749126,1.7152,24.61866368657182,1391.6154610981682,79.4635032469455,sin_gas,11.069976516935698,0.28,0.7,3.79,1.08,55.1,60.061446716535144,11.89,4,47.4,75.1,0,0.08,Bajo,Avanzar
Escalera colapsada,26.825220020063703,30.51462258476132,900.0,0.59255,46.19688604965141,1926.60312433951,15.813916879503635,sin_gas,263.26235538556995,1.16,10.4,1.65,0.59,37.9,60.061446716535144,11.91,24,44.4,63.2,1,0.78,Medio,Enviar alerta y avanzar con precaución
Punto crítico,20.803051771980115,28.471732005892964,944.6347611285014,0.0,45.74559120327814,2498.5928351354796,102.4441494044324,monoxido_carbono,125.16728186733656,2.29,16.6,1.22,0.56,22.3,78.18118681993525,12.32,4,61.9,58.6,1,0.85,Alto,Enviar alerta y cambiar ruta
Sector norte,20.96432914094889,34.86715277228465,900.0,0.0,17.538943067390854,2479.557843430749,34.9758470668428,humo,57.16103590425708,0.51,3.8,1.1,0.48,57.7,60.061446716535144,11.87,24,44.4,77.7,0,0.11,Bajo,Avanzar
Punto crítico,23.09793482889904,38.7472508251952,952.5097963978484,0.4148,68.85594507872844,1963.1073699255703,173.96558566176145,monoxido_carbono,441.87926416924427,1.15,4.4,1.92,0.87,36.5,60.061446716535144,11.52,24,44.4,30.0,0,0.33,Alto,Cambiar ruta o detenerse
Punto crítico,24.039692012397005,21.65191370818848,900.0,0.0,5.753095017551737,1953.1316283243225,97.21853651946103,humo,99.6702671312863,1.15,16.2,0.37,0.6,56.2,60.061446716535144,11.84,24,44.4,60.4,1,0.81,Alto,Enviar alerta y cambiar ruta
Sector norte,24.276120705356924,41.386560088268006,940.3169166651828,0.0,39.12856447852393,919.999663117702,101.87278892152058,humo,411.1955464731412,2.03,25.6,1.56,0.86,42.2,60.061446716535144,11.97,4,47.4,48.9,0,0.1,Alto,Cambiar ruta o detenerse
Sector norte,21.365950224250845,37.80941449269651,900.0,0.0,14.941120445696152,2150.433226241925,163.7714997425931,sin_gas,206.6113387458856,2.06,29.2,3.33,0.67,68.3,15.0,10.69,4,11.4,44.7,0,0.26,Alto,Cambiar ruta o detenerse
Punto crítico,22.964365721927884,31.63615764481232,900.0,1.8962,17.86547251908163,1250.7144667989533,114.3024179014556,metano,7.1453850203501705,1.9,19.1,3.31,1.27,99.3,60.061446716535144,11.7,24,44.4,65.6,1,0.86,Medio,Enviar alerta y avanzar con precaución
Punto crítico,24.09465109799136,41.38020597266845,948.111584959552,1.7152,30.9729722814236,2420.1872107203276,57.97764100819875,monoxido_carbono,366.2664146505126,0.91,16.6,0.55,0.2,63.8,60.061446716535144,11.75,24,44.4,67.1,0,0.11,Alto,Cambiar ruta o detenerse
Pasillo A,20.47495568853289,37.90085773714015,953.9787435328265,0.0,73.53650240482621,570.9981462845645,56.81655795983995,humo,298.17987910968395,0.18,13.4,1.58,0.9,71.8,60.061446716535144,11.79,24,44.4,59.5,0,0.34,Bajo,Avanzar
Habitación bloqueada,19.686819323926667,36.33756118509136,940.277794334468,1.16185,15.637965320443705,1315.2647746327248,92.77626373362983,gas_desconocido,172.08594158390966,0.87,6.8,2.93,0.91,93.5,60.061446716535144,11.68,24,44.4,60.5,0,0.37,Medio,Avanzar con precaución
Sector norte,21.709560658987307,27.79488495949826,946.7784578450676,0.0,17.024148637156227,1567.265024135347,156.6564400626028,amoniaco,140.7729669631317,1.7,5.1,1.73,0.64,49.9,60.061446716535144,11.77,24,44.4,35.8,1,0.98,Alto,Enviar alerta y cambiar ruta
Sector sur,22.63834296698779,18.64965240642401,900.0,0.59255,42.13090436614211,1250.8280348809462,144.07763462884876,monoxido_carbono,36.84562618521736,1.76,27.7,2.21,0.69,33.3,61.69551474427374,11.87,24,45.8,61.3,0,0.37,Alto,Cambiar ruta o detenerse
Habitación bloqueada,21.09650618998945,32.871239160344324,946.4496129190484,2.4888,64.73396496439616,842.216300060381,173.47960255994784,amoniaco,470.7127974176361,2.41,16.3,3.62,1.22,42.6,60.061446716535144,11.46,44,41.4,32.2,0,0.1,Alto,Cambiar ruta o detenerse
Habitación bloqueada,20.910441771234407,39.314149558290055,950.572996233956,0.0,72.49784302131565,1645.2758264432707,17.580071499135634,sin_gas,246.99244234604285,1.13,27.7,0.24,0.49,52.2,60.061446716535144,11.77,24,44.4,65.5,0,0.06,Alto,Cambiar ruta o detenerse
Punto crítico,19.754066350300583,46.45130656741682,900.0,0.0,31.471890403911097,1987.427620712789,51.957062068759264,sin_gas,42.762258788054005,1.58,24.6,1.53,1.32,71.6,60.061446716535144,11.7,4,47.4,82.3,1,0.81,Medio,Enviar alerta y avanzar con precaución
Zona de escombros,20.799851657509183,25.13174234835266,951.6260312953606,0.5333,46.0156670157182,1754.1610516424125,19.036348867402047,monoxido_carbono,434.33985887223525,1.35,6.8,0.88,1.35,20.4,71.78521200587855,11.75,24,53.8,73.5,0,0.1,Alto,Cambiar ruta o detenerse
Habitación bloqueada,19.55698758360619,34.06163183529035,940.7403744664798,0.0,43.05325562848361,892.342582496883,136.43885893292634,humo,139.41658640890836,0.38,17.9,0.81,1.01,88.3,60.061446716535144,11.85,24,44.4,55.3,0,0.16,Medio,Avanzar con precaución
Punto crítico,21.29674289538661,49.36550225180549,944.1827888522276,0.0,25.98173790305133,1936.3766831739003,29.645895601317136,gas_desconocido,101.80135786732741,1.15,15.5,4.8,1.18,26.1,60.061446716535144,11.81,24,44.4,71.0,0,0.37,Medio,Avanzar con precaución
Zona de escombros,23.001223617005188,38.8974352164099,900.0,1.3629,36.86470570389216,939.4853926935829,22.480105649581176,sin_gas,140.46871917110937,1.36,14.8,2.01,0.96,92.1,71.60581499993728,12.03,24,53.7,71.3,0,0.1,Bajo,Avanzar
Punto crítico,23.475706408029467,44.84019183299576,950.5718095746528,0.0,17.124131789983522,767.924962140484,103.29263624242257,amoniaco,282.2857293035557,2.38,19.0,2.73,0.84,96.0,74.99343123493507,12.17,4,59.4,53.3,0,0.15,Medio,Avanzar con precaución
Sector sur,20.29332026705012,33.558069096452385,953.8221954134714,1.3629,35.58826381070874,1850.4028324213166,77.00982462085274,humo,37.028242248518254,0.92,34.4,3.72,1.45,99.2,75.06886761706699,12.12,4,59.5,65.5,0,0.3,Medio,Avanzar con precaución
Sector norte,17.35428461152466,34.03303995748437,942.99367629895,0.0,67.58933565762199,2169.853216839251,130.14273428343174,monoxido_carbono,240.87845456133823,2.45,28.5,0.43,0.5,84.8,54.775668407307805,11.54,24,40.2,45.3,0,0.13,Alto,Cambiar ruta o detenerse
Sector norte,20.189689990660312,46.05813194128882,900.0,0.5333,31.46333469384948,1411.2328401628063,90.22769354754777,sin_gas,447.8717225621563,1.36,31.6,1.36,0.32,31.3,60.061446716535144,11.87,24,44.4,37.0,0,0.28,Alto,Cambiar ruta o detenerse
Habitación bloqueada,21.971972646681305,33.54771336884188,900.0,0.0,34.28507968725235,1515.9227655907193,79.43355428957923,monoxido_carbono,94.08579792306193,0.61,1.0,4.19,0.5,76.5,60.061446716535144,11.9,4,47.4,74.3,0,0.18,Bajo,Avanzar
Entrada,19.557901891173533,46.12555955841728,945.8804323288856,1.7152,67.19758303187412,1035.7698979895881,79.46257853071991,monoxido_carbono,165.59438607612194,0.48,4.9,4.34,0.96,36.3,60.061446716535144,11.6,4,47.4,55.6,0,0.09,Bajo,Avanzar
Pasillo A,21.99236570993442,33.977161184175245,900.0,0.0,25.45790608267772,1438.6978317310677,157.57836656979956,monoxido_carbono,198.06098252582638,0.35,3.0,1.99,0.36,91.8,77.48363230219644,12.26,24,58.4,47.3,0,0.3,Medio,Avanzar con precaución
Entrada,21.38278906929074,31.88225482856852,941.2846506444852,0.0,22.740375537058817,677.1642958260552,74.16448887643162,monoxido_carbono,293.1103557636226,1.13,9.2,2.0,1.37,45.3,60.061446716535144,11.72,24,44.4,59.0,0,0.02,Medio,Avanzar con precaución
Punto crítico,19.805267574071703,37.71477348332341,900.0,0.5333,75.81049505881114,2407.244742334279,63.34449735968586,humo,459.62712326315574,0.05,15.5,3.83,0.68,46.1,60.061446716535144,11.85,24,44.4,57.3,0,0.12,Alto,Cambiar ruta o detenerse
Zona de escombros,23.979454569568706,31.96747865335337,900.0,2.54805,10.637186423951617,2080.7573726788523,64.24363847897763,sin_gas,197.26960412121275,1.11,22.5,1.62,1.29,93.4,60.061446716535144,11.78,4,47.4,60.0,0,0.15,Alto,Cambiar ruta o detenerse
Túnel estrecho,21.878932951436347,21.096114080445552,900.0,0.0,40.08040741853684,1802.743427726588,39.4051394426058,metano,34.57642033888181,2.47,17.5,0.76,0.45,21.1,60.061446716535144,11.74,4,47.4,74.9,0,0.19,Alto,Cambiar ruta o detenerse
Zona de escombros,24.14455244945953,33.693170818072296,940.3608349376096,0.0,26.447201476053472,1530.2081805372463,155.62054885044816,monoxido_carbono,173.9754307154962,1.68,31.6,1.44,0.54,35.5,75.62817684968252,12.17,24,56.9,41.4,0,0.28,Alto,Cambiar ruta o detenerse
Túnel estrecho,23.928695974748567,20.298662578370283,951.411477316016,0.0,5.18233139284294,2063.5551860787255,30.660392629826774,sin_gas,95.0427062999224,1.9,32.9,2.06,0.18,53.8,60.061446716535144,11.71,24,44.4,73.6,0,0.19,Alto,Cambiar ruta o detenerse
Escalera colapsada,24.6222343872258,37.20515185337221,937.4278270364974,0.0,75.63782336725315,1438.990203130189,164.00687911493094,gas_desconocido,325.8872394095517,0.3,5.7,0.45,0.46,76.1,60.061446716535144,11.92,24,44.4,29.9,0,0.24,Alto,Cambiar ruta o detenerse
Zona de escombros,23.88353388613476,21.327997743567423,951.0643617865134,0.0,25.36226063589092,1029.9452071245182,54.60685133442609,sin_gas,14.631054583666092,1.18,29.9,2.5,0.79,71.8,60.061446716535144,11.95,24,44.4,70.1,0,0.24,Medio,Avanzar con precaución
Punto crítico,24.15461031149341,49.71555165752477,940.2238195171808,0.0,47.951970855752734,736.7858938500112,162.3996938804232,metano,145.9649855365367,0.72,16.9,3.75,1.42,73.6,61.24058211528219,11.7,4,48.4,47.3,0,0.16,Medio,Avanzar con precaución
Punto crítico,23.499022239615336,17.095855903843454,900.0,0.0,74.37216400358164,1759.9297364837953,143.393614942551,humo,272.58675361631,2.24,15.9,2.67,0.64,90.4,48.831812237442676,11.5,24,35.5,41.9,0,0.37,Alto,Cambiar ruta o detenerse
Zona de escombros,24.209373003330064,30.91395439406813,900.0,0.9481,21.454437902200628,2351.7940645556796,106.84781616631277,sin_gas,138.66710302477713,0.45,27.5,0.55,1.0,29.7,60.061446716535144,11.71,24,44.4,63.3,0,0.38,Alto,Cambiar ruta o detenerse
Punto crítico,21.142039711891883,42.88988042032334,900.0,0.4148,12.455725891574897,722.5989623591374,122.15725068575485,humo,275.4976416726271,1.15,3.3,2.31,0.7,61.8,60.061446716535144,11.82,24,44.4,47.1,0,0.24,Medio,Avanzar con precaución
Punto crítico,24.64052154218488,45.31473844511334,900.0,0.0,25.551434530994083,778.0378946066942,62.02271589436235,monoxido_carbono,57.356161093591595,1.47,30.9,3.6,0.17,78.0,57.62579259995217,11.91,4,45.5,67.6,0,0.04,Medio,Avanzar con precaución
Pasillo A,20.110995288995483,35.41532665257339,941.4351358291316,0.0,50.50285134915887,1310.5726701600238,105.49000750734092,sin_gas,471.40274399481126,1.29,23.5,0.48,0.8,70.9,60.061446716535144,11.51,24,44.4,36.2,0,0.2,Alto,Cambiar ruta o detenerse
Pasillo A,23.08901282228468,36.99559289092589,939.233676160838,0.88885,39.0919324980068,2094.488630631347,56.170507627171986,humo,145.45340366494335,2.08,30.6,0.49,0.19,55.9,60.061446716535144,11.55,24,44.4,64.5,1,0.97,Alto,Enviar alerta y cambiar ruta
Habitación bloqueada,23.555254556895,42.75227570094211,947.333069447856,0.0,22.461121978247288,1017.2377308401597,75.39774243083079,sin_gas,461.5004196949417,0.58,34.8,1.98,1.34,21.4,60.061446716535144,11.75,24,44.4,51.9,0,0.2,Alto,Cambiar ruta o detenerse
Pasillo A,23.20695121059829,41.43341912133295,900.0,0.0,41.08222823119134,933.2171418070591,138.81594716511782,monoxido_carbono,162.91771975207268,0.94,18.1,1.14,1.15,24.8,44.20286620390264,11.46,4,34.8,43.9,0,0.08,Alto,Cambiar ruta o detenerse
Entrada,20.05728314885693,28.46424433160557,900.0,0.0,27.131447428917944,1701.9292120719513,47.68819866678784,sin_gas,390.92009558649386,1.98,3.3,4.69,0.63,29.5,32.510818285412306,11.04,4,25.4,61.2,0,0.28,Alto,Cambiar ruta o detenerse
Entrada,24.55577944855597,39.98612676538954,941.4469145446268,0.0,15.198039348325118,1524.791041936097,151.7980527715691,sin_gas,123.0936787306265,1.32,5.8,2.99,1.0,47.5,43.99937886557058,11.45,4,34.6,37.0,0,0.04,Alto,Cambiar ruta o detenerse
Entrada,20.315407967811424,32.6816033329875,937.1893851500596,0.0,56.09955220790208,526.4627653349961,70.77949939137439,humo,334.8844511948006,1.01,11.3,1.58,0.26,29.4,60.061446716535144,11.65,43,41.6,58.7,1,0.97,Alto,Enviar alerta y cambiar ruta
Sector sur,24.118580691999668,41.333131688144455,942.3719686451096,0.0,33.63992618099248,571.1289523494808,98.12974314983167,amoniaco,161.85810691138357,0.07,3.6,3.58,1.08,54.1,60.061446716535144,11.69,43,41.6,55.3,0,0.09,Bajo,Avanzar
Sector norte,21.86328992311752,39.41433875454408,947.4402906389925,0.9481,60.68301639990072,1750.3272583880089,169.84308532350283,sin_gas,254.5795646048294,1.88,28.5,2.0,1.25,34.3,67.56808800486012,12.11,24,50.5,29.8,0,0.27,Alto,Cambiar ruta o detenerse
Zona de escombros,22.137883433059336,35.66087404115408,950.1157344235193,0.0,40.39060665118341,1376.7595582103372,124.2197352827031,monoxido_carbono,336.90707288184035,2.43,10.4,0.83,1.25,82.3,57.76725554656884,11.66,24,42.6,34.0,0,0.37,Alto,Cambiar ruta o detenerse
Pasillo B,24.78538207285879,21.79653880931575,900.0,3.4304,35.057886148912495,2439.0521023372085,117.98071974780979,amoniaco,294.4412526014803,1.55,34.2,1.34,0.5,89.7,49.03709537875567,11.48,24,35.6,47.0,0,0.11,Alto,Cambiar ruta o detenerse
Sector norte,20.9251834006702,41.545223172600245,900.0,1.0666,43.868060720437946,1824.9159625331358,129.5313523308801,humo,288.14029664184716,2.14,24.6,3.29,0.47,51.2,15.0,10.83,4,11.4,46.0,0,0.37,Alto,Cambiar ruta o detenerse
Pasillo A,23.982255240164527,41.90488328853302,900.0,0.59255,26.0070405864743,421.1546901857861,165.66948428309826,metano,32.84041782880864,1.29,6.1,0.45,0.83,60.9,54.422206989985575,11.81,24,39.9,48.3,0,0.16,Medio,Avanzar con precaución
Túnel estrecho,17.922565608232212,24.213855174118827,941.2651929710192,0.88885,7.497235065891505,1410.1394375809698,48.489899113764395,humo,124.53841608579592,0.58,16.7,1.51,1.45,96.3,60.061446716535144,11.75,4,47.4,75.2,0,0.38,Bajo,Avanzar
Túnel estrecho,22.99933290173185,33.80948294009219,900.0,0.0,35.52061384943042,1270.3406635745068,112.31721101488422,monoxido_carbono,285.9196449282708,0.04,16.3,1.2,1.39,62.8,60.061446716535144,11.68,24,44.4,44.5,0,0.39,Medio,Avanzar con precaución
Escalera colapsada,20.081656573857973,39.77240096549989,943.9999539637704,0.4148,28.184381470629127,624.0991059869143,75.06892451713915,monoxido_carbono,9.158603607862526,1.63,17.2,1.17,0.6,99.6,60.061446716535144,11.85,24,44.4,62.1,0,0.08,Medio,Avanzar con precaución
Pasillo A,21.84682420605079,39.1970980910117,946.3185449339134,0.0,49.88452354296003,2338.738555331599,7.074676311792686,gas_desconocido,125.32212755798983,1.23,18.7,3.48,1.19,31.4,60.061446716535144,11.88,4,47.4,89.4,0,0.33,Alto,Cambiar ruta o detenerse
Punto crítico,23.817926538907862,32.73238267012272,938.9761476092028,0.0,20.962494300695763,2090.5237280716196,26.92765687106911,sin_gas,114.59261971559836,1.96,1.1,4.16,1.39,89.0,60.061446716535144,11.93,22,44.7,76.3,0,0.09,Medio,Avanzar con precaución
Habitación bloqueada,20.72990631845867,21.71919110243856,900.0,23.7542,45.07184379369276,883.180407682004,61.87358167112797,sin_gas,124.92805508041721,1.74,24.0,3.64,0.47,59.8,42.10543880323557,11.38,24,30.1,60.3,0,0.1,Medio,Avanzar con precaución
Escalera colapsada,23.42998910359262,42.53530215877046,900.0,0.0,36.25475063152469,937.5595935702942,103.87499495683525,sin_gas,267.8047497833269,2.47,17.1,3.3,1.26,21.8,60.061446716535144,11.83,24,44.4,58.6,0,0.04,Alto,Cambiar ruta o detenerse
Sector norte,21.51971232958394,32.318236615278146,945.7653538459724,0.0,42.16412780349916,467.237911970847,159.25808592184754,sin_gas,290.9801770095962,1.28,27.7,4.6,0.48,97.8,60.061446716535144,11.88,24,44.4,35.8,0,0.07,Alto,Cambiar ruta o detenerse
Escalera colapsada,22.24586991671222,43.78428055457649,900.0,0.0,24.586760235000707,1023.106648315986,143.44497068525192,sin_gas,454.49899718640563,1.07,28.5,0.48,0.58,97.2,15.0,10.84,24,8.4,24.1,0,0.26,Alto,Cambiar ruta o detenerse
Pasillo A,23.858227236566982,31.78916087346948,947.0480494523875,41.05265,15.320474989853464,1627.7062187180425,101.83339267398482,amoniaco,193.0155245131096,0.72,8.1,1.0,0.38,50.7,74.78956882229168,12.27,4,59.2,46.9,0,0.19,Medio,Avanzar con precaución
Sector sur,22.790184005484395,24.885407327474507,952.1544675703824,0.0,59.15187729118373,1283.7711156120033,17.927323133806834,metano,463.28945857156293,1.19,1.7,2.19,0.81,96.3,60.061446716535144,11.86,24,44.4,62.1,0,0.32,Medio,Avanzar con precaución
Entrada,22.77836368143352,33.41689266724357,900.0,0.0,28.51791900781051,2435.43647381133,55.033600819121254,metano,325.9771724920851,2.18,24.6,1.99,1.28,31.3,60.061446716535144,12.04,4,47.4,69.4,0,0.14,Alto,Cambiar ruta o detenerse
Habitación bloqueada,21.30948537488816,43.10817072730633,900.0,0.0,23.07735630763072,517.7683554537089,69.17401338114269,metano,456.33019795027786,0.11,34.2,2.21,0.84,74.4,19.359539738870485,11.04,4,14.9,57.8,0,0.39,Alto,Cambiar ruta o detenerse
Entrada,20.34786608390088,40.20568458465932,946.132224108162,0.59255,69.34900862938277,1642.0033336879223,113.80050741067245,sin_gas,416.7360508400242,2.44,15.6,1.19,0.27,35.4,57.77314406370715,11.42,43,39.8,39.0,0,0.03,Alto,Cambiar ruta o detenerse
Sector norte,23.59648537343429,37.17895354876804,946.337527364338,0.0,38.29449176496602,2202.449825064801,16.361634021472195,metano,343.79122170384375,2.48,9.1,0.92,0.45,39.7,68.6381028318746,11.88,4,54.3,76.2,0,0.03,Alto,Cambiar ruta o detenerse
Túnel estrecho,22.33135990289741,23.89936143432588,944.5762853729487,0.0,30.432101605855653,1409.5559160604175,97.78387203758284,monoxido_carbono,178.05294975947973,1.49,5.5,2.64,0.89,82.3,60.061446716535144,11.52,24,44.4,63.7,0,0.28,Medio,Avanzar con precaución
Entrada,23.180508542437803,35.00391414534331,900.0,1.7152,23.244776667739966,406.2217131768333,162.75630082532376,sin_gas,120.55522384260925,0.83,10.1,4.65,0.92,50.2,60.061446716535144,11.67,24,44.4,37.8,0,0.36,Medio,Avanzar con precaución
Punto crítico,19.633679637645045,23.35978848750208,950.8115913482216,0.0,10.625415402216753,909.8831496351779,128.45072174704552,gas_desconocido,111.19571775601611,0.56,11.5,2.08,0.91,20.6,61.35369837055678,11.73,24,45.5,47.3,0,0.32,Medio,Avanzar con precaución
Zona de escombros,20.289350049617465,32.34694950491917,942.3739660278804,0.0,14.234756835330094,1079.9148489027289,144.48844114848237,metano,476.08691872814063,0.69,14.8,0.41,0.21,53.1,62.46852270201511,11.94,24,46.4,23.2,0,0.2,Alto,Cambiar ruta o detenerse
Zona de escombros,26.066312316114395,20.1944666608887,900.0,0.0,39.460244829115005,2428.5884385706713,124.29323846283785,humo,479.28692156467906,0.13,22.9,3.59,1.16,38.2,60.061446716535144,11.7,24,44.4,42.8,0,0.12,Alto,Cambiar ruta o detenerse
Sector norte,24.11019511510793,36.57030309756385,900.0,0.0,26.71263527718361,2314.723891861269,41.15309463020364,sin_gas,362.41568676215445,1.19,9.6,1.6,1.37,74.7,60.061446716535144,11.97,24,44.4,67.6,0,0.02,Medio,Avanzar con precaución
Escalera colapsada,21.18068197388223,19.631526606198506,900.0,0.0,40.17816988032581,2393.258060726024,24.334668511553264,amoniaco,441.89799203823867,0.14,1.8,1.38,0.81,35.6,74.8904753340267,11.97,24,56.3,55.2,0,0.21,Medio,Avanzar con precaución
Túnel estrecho,23.26461764242914,45.111950825944746,900.0,0.0,36.76265990025463,2134.0927609956334,150.16086777585906,monoxido_carbono,459.49808153953023,1.8,13.1,1.76,1.11,87.4,60.061446716535144,11.72,44,41.4,25.1,0,0.2,Alto,Cambiar ruta o detenerse
Sector norte,20.657675224360165,34.97672395745719,900.0,0.0,37.56595631985761,1138.4602416391992,126.71327630271746,humo,255.77809825965608,0.93,29.9,3.67,1.38,41.4,60.061446716535144,11.58,24,44.4,39.4,0,0.14,Alto,Cambiar ruta o detenerse
Entrada,23.43227496842445,30.76285462697588,946.9393392623674,0.0,27.50978028854045,2302.3404864020213,105.63577279286444,monoxido_carbono,314.5298453125861,0.5,17.4,4.13,1.0,51.4,60.061446716535144,11.98,43,41.6,38.1,0,0.24,Alto,Cambiar ruta o detenerse
Túnel estrecho,22.729319503664065,42.88456986371836,945.5566487700804,0.0,35.87908234896902,2461.5374624678025,38.124501369443045,gas_desconocido,209.3772489601073,1.36,33.8,3.02,1.04,43.8,60.061446716535144,12.0,24,44.4,62.7,0,0.29,Alto,Cambiar ruta o detenerse
Sector norte,21.580541037632607,28.25336134444169,950.4863184401172,0.0,4.094815039488365,1135.149755777401,110.58536892955685,monoxido_carbono,209.24538214263154,2.43,17.6,1.75,1.11,71.5,60.061446716535144,11.74,4,47.4,51.5,0,0.28,Medio,Avanzar con precaución
Túnel estrecho,19.107699522340923,19.910585062854253,945.1029111184388,0.0,37.00834837253588,947.1675285715428,10.481312413877962,amoniaco,19.21445932230731,1.74,9.7,1.69,0.46,28.1,61.1981246624841,11.56,24,45.4,90.2,0,0.11,Medio,Avanzar con precaución
Habitación bloqueada,26.138237427040035,33.909757749727056,900.0,0.0,66.06677093581432,1548.5242148426648,25.7968485189429,humo,216.91073024240276,1.23,6.8,0.8,0.92,58.2,60.061446716535144,11.73,4,47.4,71.3,0,0.24,Medio,Avanzar con precaución
Punto crítico,23.0174541904106,31.68992766470453,949.6129096266948,0.0,27.01975405246709,793.0196044577531,59.58077621577429,amoniaco,336.74490575659166,1.94,24.3,4.68,1.28,46.8,60.061446716535144,11.8,24,44.4,55.5,0,0.07,Alto,Cambiar ruta o detenerse
Zona de escombros,22.19745676522612,17.232524060819,948.6888203535414,0.47405,24.0730007860804,468.5108649533985,82.65419854695377,monoxido_carbono,210.99108305328556,1.84,18.8,3.26,0.51,90.7,60.061446716535144,11.67,4,47.4,62.1,1,0.96,Medio,Enviar alerta y avanzar con precaución
Sector sur,20.502985315257103,45.64437604517147,900.0,0.0,21.33645361057693,2386.2454593433263,26.09878676885006,sin_gas,436.20483843847825,2.23,21.1,0.33,1.36,25.9,54.98074292873313,12.01,24,40.4,56.2,0,0.32,Alto,Cambiar ruta o detenerse
Túnel estrecho,25.57974145121625,31.672717259677466,947.8329424519104,0.0,14.925190044422104,2344.0553281269804,25.989532175068764,humo,166.28147620350907,0.51,26.4,3.38,0.97,86.4,60.061446716535144,12.04,4,47.4,83.3,1,0.97,Medio,Enviar alerta y avanzar con precaución
Escalera colapsada,20.37515146525353,43.08279063647808,900.0,0.0,17.756664900759574,741.5730929004542,132.0313906021362,metano,66.34102328042474,2.15,25.4,2.35,0.69,33.4,71.80401894124084,11.75,24,53.8,48.1,0,0.31,Alto,Cambiar ruta o detenerse
Sector norte,23.421136571200787,45.38417402204474,900.0,0.5333,51.88045324048576,1256.254518552411,104.70089614335998,monoxido_carbono,405.7793453645297,0.75,1.5,4.87,0.97,27.1,58.438601446542485,11.55,4,46.2,52.9,0,0.07,Medio,Avanzar con precaución
Entrada,20.829924185194624,30.206504075200613,900.0,2.54805,42.21985324744668,2145.17625787264,98.40484663609138,sin_gas,336.973959164296,2.35,28.1,4.13,0.66,36.2,75.3878854273202,12.15,4,59.7,48.6,0,0.37,Alto,Cambiar ruta o detenerse
Zona de escombros,23.34759930893685,44.81708178973378,950.0142853814048,0.0,40.66970163370896,1788.1006275237912,84.17603664557124,metano,120.9097411602909,0.7,18.6,1.02,1.27,28.2,60.061446716535144,11.6,43,41.6,55.7,0,0.06,Medio,Avanzar con precaución
Sector sur,20.50046958946061,43.067903700537855,946.3109682552688,0.0,17.98377192599952,1229.0537692584992,175.89504361029867,monoxido_carbono,268.2256280211165,2.32,13.7,3.66,0.78,61.7,60.061446716535144,11.79,24,44.4,40.9,0,0.35,Alto,Cambiar ruta o detenerse
Zona de escombros,20.314493654802018,37.521970723932434,942.5026395344134,0.0,67.59530599750697,1962.7590940839198,13.715049506515934,monoxido_carbono,200.9261692968962,2.41,18.8,2.53,1.36,99.1,54.1000708401671,11.64,4,42.7,76.2,0,0.15,Medio,Avanzar con precaución
Entrada,23.11848895834352,27.361533574286625,950.6488691538004,0.0,32.81562655609258,2283.799515241401,36.60975582827605,metano,469.4298882178289,0.36,21.4,1.1,0.81,22.7,66.66778115800655,11.89,4,52.7,64.2,0,0.05,Alto,Cambiar ruta o detenerse
Zona de escombros,22.84413002341621,21.827593067281093,900.0,0.0,20.622173326958,2344.932494104323,118.31385754521654,sin_gas,303.6660454603145,2.44,5.2,3.55,1.02,56.9,60.061446716535144,11.91,4,47.4,37.3,0,0.12,Alto,Cambiar ruta o detenerse
Zona de escombros,22.64136818689305,15.651667206916995,951.4766077857626,0.0,39.1874353341146,1195.5841850365969,28.863989423967233,sin_gas,79.1946305934958,0.21,14.6,2.83,1.5,50.9,60.061446716535144,12.03,24,44.4,72.2,1,0.79,Bajo,Enviar alerta y continuar exploración
Habitación bloqueada,21.36726644474921,27.054854577238828,949.763627599323,9.4219,72.57005583597146,764.4774281529196,108.14166415160541,amoniaco,251.07422631849258,0.55,11.7,0.35,0.31,47.2,60.061446716535144,11.82,4,47.4,41.7,0,0.2,Medio,Avanzar con precaución
Pasillo A,22.076428507183067,37.42591192483158,950.8938477878914,0.0,74.93204865525038,2316.961602207348,104.358214459189,sin_gas,431.2784162619254,1.11,12.3,3.3,1.13,46.5,60.061446716535144,11.58,4,47.4,34.8,0,0.38,Alto,Cambiar ruta o detenerse
Entrada,22.25706512366551,23.95723453811101,945.7608088962302,0.0,60.753920585427046,594.3664363081593,174.92590713693735,monoxido_carbono,335.7483350162308,2.48,3.2,3.25,0.29,91.6,62.25134349461242,11.83,24,46.2,24.8,0,0.14,Alto,Cambiar ruta o detenerse
Entrada,22.45501858560704,40.65816014125689,952.8908572274672,0.0,18.504036518337035,1915.5456215791437,159.5926352335789,monoxido_carbono,421.2260380493281,1.22,5.6,0.89,1.27,21.5,60.061446716535144,11.67,4,47.4,35.3,0,0.25,Alto,Cambiar ruta o detenerse
Habitación bloqueada,18.433654259049685,39.42441130506998,946.9134069701096,1.7152,29.334071666862503,695.0443612076834,170.4718351593042,gas_desconocido,125.19965693282015,1.38,5.7,1.88,0.94,82.0,73.86637025357248,12.35,24,55.5,45.1,0,0.36,Medio,Avanzar con precaución
Zona de escombros,21.36394569588824,26.458659698623865,900.0,1.83695,20.05296368324415,1217.7123948021535,24.88041465794643,sin_gas,444.17568852377093,1.74,13.1,3.01,1.41,40.2,60.061446716535144,11.87,4,47.4,61.6,0,0.26,Alto,Cambiar ruta o detenerse
Túnel estrecho,19.23387314265913,18.1233435203481,952.380883804366,10.47565,38.46863295166105,1264.2670677445576,156.92597651948304,sin_gas,377.80566591208606,2.42,31.3,0.87,1.31,50.7,60.061446716535144,11.82,4,47.4,30.1,0,0.15,Alto,Cambiar ruta o detenerse
Pasillo A,20.68540767342236,36.26277185297508,946.7934857204576,0.0,40.75878609164736,733.3916217353751,27.590865802453543,monoxido_carbono,364.4568777190393,1.96,7.2,4.29,0.2,53.6,15.0,10.91,24,8.4,59.2,0,0.4,Alto,Cambiar ruta o detenerse
Escalera colapsada,23.912393931152508,44.329729182702096,946.091431239574,0.0,27.768117693802697,2337.631011413885,115.76313124519807,monoxido_carbono,173.2705348817622,0.56,14.6,0.33,0.29,44.4,60.061446716535144,11.76,4,47.4,57.9,0,0.08,Alto,Cambiar ruta o detenerse
Habitación bloqueada,20.33293391268768,28.590588436777782,943.1190737390248,0.0,27.83186697514624,405.60315281950113,131.01367811865038,sin_gas,443.8290318802641,0.76,10.9,0.69,0.94,27.5,60.061446716535144,11.95,24,44.4,42.5,1,0.61,Alto,Enviar alerta y cambiar ruta
Sector sur,21.954993885273936,38.91177514814674,950.3076998151456,0.0,25.238605078374903,2276.9979407549245,33.149362176125024,humo,318.98968869660825,0.24,27.6,0.76,0.83,29.1,58.4480394908606,11.64,4,46.2,66.1,0,0.32,Alto,Cambiar ruta o detenerse
Pasillo A,23.28337208336792,20.868970191072894,900.0,0.0,27.239743445960368,2256.0415792985195,115.71539078766945,metano,425.91973843140124,1.61,1.8,2.73,0.34,43.9,60.061446716535144,11.91,22,44.7,46.6,0,0.01,Alto,Cambiar ruta o detenerse
Punto crítico,23.66399114335384,23.872506617950503,949.7002895052224,0.0,25.66554594022876,1065.6236727658033,14.180586259598961,sin_gas,180.4857279931359,0.45,6.9,3.18,0.28,85.7,60.061446716535144,12.0,24,44.4,73.6,1,0.76,Bajo,Enviar alerta y continuar exploración
Pasillo A,24.141937491279013,34.999275639245894,949.2040491861682,2.54805,25.482472695338387,1878.9969667464786,56.321565004995286,sin_gas,72.82604553217826,0.64,7.4,2.14,0.89,30.8,60.061446716535144,11.64,24,44.4,70.8,0,0.11,Bajo,Avanzar
Zona de escombros,23.14014177555361,34.25963087468206,900.0,2.13325,13.421102073700943,930.8987137264626,166.20273643847042,humo,166.16859011016118,2.22,34.8,1.59,0.17,79.4,60.061446716535144,11.81,24,44.4,35.3,0,0.08,Alto,Cambiar ruta o detenerse
Túnel estrecho,23.90995174577868,20.932973602390312,900.0,0.0,27.26774383648279,1993.4244807332707,35.052953507827105,sin_gas,227.63217368759126,0.82,20.0,4.08,1.32,43.1,60.061446716535144,11.82,24,44.4,78.6,0,0.12,Medio,Avanzar con precaución
Habitación bloqueada,19.30976023541303,33.4141298259064,948.2163959794976,0.0,21.635468217318376,1578.351457754261,16.422248678807314,sin_gas,266.7036875727462,1.42,4.9,0.53,1.23,90.7,54.027658895907,11.47,43,36.8,63.3,0,0.39,Medio,Avanzar con precaución
Pasillo A,23.45879100347392,18.96964514999045,946.4295711347928,1.6592,47.53244537803313,1030.4734539200826,82.6436849397054,sin_gas,255.40460785576875,0.99,9.5,1.55,1.2,54.3,60.061446716535144,11.56,43,41.6,66.6,0,0.36,Medio,Avanzar con precaución
Pasillo B,20.476481216557247,38.01361932315975,926.9667881549516,0.0,65.13666488922969,1240.4929826390746,153.85818649227252,monoxido_carbono,273.0272962182822,0.19,5.9,0.39,0.12,33.7,60.061446716535144,11.62,4,47.4,41.4,0,0.09,Alto,Cambiar ruta o detenerse
Habitación bloqueada,23.595485823527724,22.506093192970404,900.0,0.0,70.21385568148877,1848.7663377006475,18.417666844450743,humo,420.8528826114737,0.91,4.4,0.27,0.17,98.9,60.061446716535144,11.75,24,44.4,60.8,0,0.06,Medio,Avanzar con precaución
Escalera colapsada,21.087005639816777,39.72166981880161,900.0,0.0,39.037841136185705,2302.8046442519444,67.2186889153215,sin_gas,85.05062309408495,1.02,27.9,1.9,0.87,34.1,60.061446716535144,11.82,44,41.4,78.0,1,0.98,Alto,Enviar alerta y cambiar ruta
Sector sur,20.49355535914995,21.93208789051884,900.0,1.53075,43.04476419294653,674.5256847912767,162.4605960478821,sin_gas,158.02564758443543,2.24,17.4,1.14,1.49,65.4,42.441127227261276,11.34,24,30.4,49.8,0,0.24,Alto,Cambiar ruta o detenerse
Pasillo A,23.06362844091724,34.88093455632361,950.6871222868888,0.0,16.422682572815752,1599.86433630523,25.677221240279504,sin_gas,444.30424521772574,0.81,22.1,1.49,0.58,65.5,60.061446716535144,12.05,24,44.4,69.8,0,0.35,Medio,Avanzar con precaución
Entrada,24.45174059076705,27.17532356056552,900.0,0.0,19.684101329166264,932.8313188599467,59.36698853459066,monoxido_carbono,280.22910227916515,0.95,11.6,4.14,0.58,49.8,55.660754234526884,11.82,24,40.9,59.5,0,0.39,Medio,Avanzar con precaución
Sector sur,20.55944308414129,16.2429463496947,946.2083981644636,0.0,63.768230850692575,2082.881724738464,141.22360701874817,sin_gas,291.69493518478606,1.96,19.4,0.98,0.29,96.1,15.0,10.88,4,11.4,32.2,0,0.3,Alto,Cambiar ruta o detenerse
Habitación bloqueada,20.544771207808047,40.23837055685448,952.537349546782,0.0,16.536845497918815,547.4983423259102,100.06192274929076,humo,239.03127230697612,1.9,9.0,3.95,1.04,87.5,58.18989360468537,11.66,24,43.0,51.9,0,0.24,Medio,Avanzar con precaución
Sector norte,21.06394793387373,21.153313980598245,900.0,0.0,23.29270793837117,1846.8071593594566,150.65829961087704,sin_gas,274.48731749306955,2.0,10.8,3.44,1.01,86.4,60.061446716535144,11.77,24,44.4,36.5,0,0.07,Alto,Cambiar ruta o detenerse
Entrada,19.6612186885913,31.83769697012277,944.2081243929548,2.13325,29.71483805093525,767.3866287511626,24.529193783539718,sin_gas,99.0398652800506,2.38,22.8,1.77,0.24,97.9,60.061446716535144,11.93,24,44.4,82.0,0,0.04,Medio,Avanzar con precaución
Punto crítico,20.241805791573007,38.757253358531926,950.2871347533652,0.0,38.15074265997272,1652.4093786467813,166.0969799914515,sin_gas,273.4334497090641,1.99,5.3,2.82,0.75,56.6,60.061446716535144,11.9,24,44.4,44.4,0,0.24,Alto,Cambiar ruta o detenerse
Pasillo A,22.34062750165288,34.773290436748724,933.9436028416676,0.0,46.876780163580165,2154.954433104653,168.60956404016153,humo,498.5865639555584,1.02,21.6,2.33,1.03,27.8,35.484594860243725,11.38,24,24.8,32.5,0,0.22,Alto,Cambiar ruta o detenerse
Pasillo B,20.7745536319788,38.27203945257206,947.1211571705488,0.0,30.468688518246232,1985.669390455527,32.17977852567361,monoxido_carbono,283.0237864620921,2.05,29.8,0.82,0.79,81.2,60.061446716535144,11.72,24,44.4,60.0,1,0.98,Alto,Enviar alerta y cambiar ruta
Pasillo A,19.066152687825905,23.9649101988517,949.2904471527648,0.0,27.459976971421177,1981.1800641356383,10.928206271181258,gas_desconocido,22.20123280301517,1.27,4.2,4.55,1.04,50.5,60.061446716535144,11.68,4,47.4,94.1,0,0.14,Bajo,Avanzar
Túnel estrecho,21.46601382180826,32.1518533653183,951.2762733140206,0.0,41.86720024641514,1487.4751555925009,178.22224184222455,sin_gas,398.21782217532984,0.69,31.4,2.93,1.24,35.2,58.514924689519276,11.51,24,43.2,15.5,0,0.03,Alto,Cambiar ruta o detenerse
Punto crítico,21.07547678258881,39.54771151280196,948.6839237617584,4.5628,33.66229020326274,2270.565742884415,89.39402865292428,sin_gas,198.2377143616938,0.76,2.8,4.43,1.06,58.7,15.0,10.89,24,8.4,64.5,1,0.76,Medio,Enviar alerta y avanzar con precaución
Pasillo A,23.528344094560737,30.51170117895525,948.3255006018424,2.48875,27.682424308266896,1635.0209163081956,105.11319570620049,monoxido_carbono,76.83807425078093,0.56,12.2,4.15,0.96,94.1,60.061446716535144,11.53,24,44.4,56.4,0,0.39,Bajo,Avanzar
Pasillo B,23.35537124721552,39.27923807284752,942.2053391733846,1.83695,41.68008156503866,2326.7877339540983,112.78332839165085,monoxido_carbono,431.2599031133457,0.36,21.4,0.58,1.3,33.7,60.061446716535144,11.76,24,44.4,31.3,0,0.32,Alto,Cambiar ruta o detenerse
Túnel estrecho,26.198004520848485,36.90202756888696,900.0,0.0,38.44468240944969,1547.697161448077,143.19198098658796,monoxido_carbono,98.9866277674838,0.46,19.6,1.19,1.36,87.9,79.08268931365735,12.1,24,59.7,52.0,1,0.95,Medio,Enviar alerta y avanzar con precaución
Pasillo B,23.71465216605408,44.38589850250983,948.5370465133924,0.0,31.039111214004265,1462.5276823420063,147.0978945830356,sin_gas,460.3836949292666,0.16,3.4,0.9,0.64,53.5,15.0,10.85,24,8.4,25.5,0,0.35,Alto,Cambiar ruta o detenerse
Habitación bloqueada,23.63568149338454,34.662137981531174,948.8283978439232,0.0,9.204158612850184,866.9413403416604,38.93691425596043,sin_gas,220.89824522130274,2.22,28.0,4.19,0.34,30.9,60.061446716535144,11.94,24,44.4,72.2,0,0.19,Alto,Cambiar ruta o detenerse
Habitación bloqueada,23.490398662025488,36.940942415938366,952.2707203383476,0.0,27.051102263742905,1544.0519734634304,46.41142961086715,sin_gas,371.39541737485,2.33,34.1,4.34,1.25,87.9,59.4360085214127,11.95,22,44.2,63.7,0,0.15,Alto,Cambiar ruta o detenerse
Pasillo B,19.814365423142544,43.835209058926246,900.0,0.4148,18.81308333948904,695.2281456226837,158.4457800656151,monoxido_carbono,273.49792516926027,1.47,6.3,2.73,0.4,97.6,30.058623483354243,11.24,24,20.4,42.7,0,0.15,Medio,Avanzar con precaución
Punto crítico,21.085808676804213,30.83356878301061,900.0,0.0,76.05411735446764,2226.3494226450457,148.41558083135263,monoxido_carbono,128.31340195761393,2.1,31.3,0.7,1.4,43.3,58.49067563052231,11.61,24,43.2,40.1,0,0.24,Alto,Cambiar ruta o detenerse
Punto crítico,25.175749204119963,43.57450652452882,900.0,0.0,18.777615324917345,1819.3729662874161,113.08339177194219,humo,335.5450872479594,0.46,19.5,0.85,0.13,44.3,60.061446716535144,11.76,24,44.4,49.8,0,0.22,Alto,Cambiar ruta o detenerse
Pasillo B,18.44422277805125,44.37903075310505,947.2631841551744,0.0,28.889757785978045,2486.634441835178,179.0723528468487,sin_gas,478.95627544507397,2.25,32.8,4.11,1.39,51.2,57.37452369724283,11.57,22,42.6,25.6,0,0.27,Alto,Cambiar ruta o detenerse
Habitación bloqueada,21.9050470258144,44.76061890235644,946.418114700484,0.0,14.14681275203431,593.4045983600985,133.65719012148165,humo,384.8184833957062,1.27,6.2,4.66,0.92,85.1,73.62573987850705,11.95,24,55.3,27.4,1,0.81,Medio,Enviar alerta y avanzar con precaución
Pasillo B,20.99913091971021,33.860466434228705,942.1498078449353,0.0,26.711843053162696,905.4127746751024,42.771434422793554,metano,302.00899828758907,0.17,27.7,1.16,1.18,20.8,60.061446716535144,11.83,43,41.6,67.7,0,0.07,Alto,Cambiar ruta o detenerse
Escalera colapsada,24.370955215734707,39.09700530042068,900.0,0.47405,25.75741094388568,2242.0330689588923,153.1627112582187,sin_gas,495.31405413292833,0.35,2.1,0.25,0.66,37.9,60.061446716535144,11.62,4,47.4,28.5,0,0.11,Alto,Cambiar ruta o detenerse
Sector norte,23.822208825780805,34.05873985483875,952.6675957035584,0.59255,31.14682569174944,1230.0336095147272,77.5782113647745,gas_desconocido,132.66333367134237,0.77,30.9,1.79,1.49,76.5,60.061446716535144,11.69,24,44.4,54.2,0,0.34,Medio,Avanzar con precaución
Zona de escombros,21.413377649271823,33.271768686061414,951.4986703384732,0.0,40.021504449777005,1379.236278961985,11.326715594725608,monoxido_carbono,31.17074395472369,0.11,23.6,0.35,0.42,52.5,60.061446716535144,11.6,22,44.7,88.2,0,0.27,Medio,Avanzar con precaución
Entrada,19.25480929242872,24.97478089185222,945.932273809003,0.0,25.211347570381893,2207.3689635139954,61.24872361704236,monoxido_carbono,16.06543305796554,0.77,13.0,4.17,0.47,46.4,15.0,10.91,22,8.7,76.6,0,0.18,Medio,Avanzar con precaución
Habitación bloqueada,19.58064992617612,34.97672395745719,948.9459228379136,1.16185,14.24674697938838,1495.8287723948997,138.6214659603924,monoxido_carbono,355.34393977939914,0.15,6.7,2.56,0.17,89.8,60.061446716535144,11.71,4,47.4,31.0,0,0.08,Medio,Avanzar con precaución
Pasillo B,23.89718557562984,33.6866010822479,942.077406339058,0.0,53.54855575626471,806.2992837701731,173.0360862576328,metano,415.1161823670853,0.59,28.6,3.28,1.42,93.4,60.061446716535144,11.43,24,44.4,29.7,0,0.01,Alto,Cambiar ruta o detenerse
Zona de escombros,24.32996917351512,42.337702800271856,958.1618754109094,0.0,4.654820347485769,2273.26324236054,53.32387285305892,amoniaco,317.5502687422633,0.66,21.1,2.18,0.74,95.8,60.061446716535144,12.01,4,47.4,66.1,0,0.13,Medio,Avanzar con precaución
Punto crítico,23.66487764561312,16.49155069040037,944.6915570812156,0.0,10.175165535813274,465.2294784883703,48.140356771700134,humo,452.5132987215992,2.49,12.6,1.86,1.04,41.8,71.63804001159951,12.16,4,56.7,56.9,0,0.03,Medio,Avanzar con precaución
Pasillo B,24.250617216364915,33.186911167603135,900.0,0.0,19.435610942013724,2280.3321620512306,103.63290247970251,metano,348.9880236699602,0.59,15.5,1.27,1.06,93.0,60.061446716535144,11.46,24,44.4,42.6,0,0.2,Alto,Cambiar ruta o detenerse
Túnel estrecho,19.23123866764888,32.64562909953845,943.6331976974392,0.0,10.29138623413803,506.0924760119028,147.0446824409282,monoxido_carbono,185.47732320451027,0.6,28.9,3.9,1.32,79.0,60.061446716535144,11.87,24,44.4,53.1,0,0.33,Medio,Avanzar con precaución
Punto crítico,23.408044803295827,32.797611496526244,946.3060961054734,5.33005,20.76721821081956,1798.283665660269,135.64199437816566,amoniaco,90.6291458149408,1.72,11.9,3.54,1.03,32.3,60.061446716535144,11.99,24,44.4,54.1,1,0.76,Alto,Enviar alerta y cambiar ruta
Sector norte,23.573013271427925,22.17704872902832,953.049893204948,0.0,60.77083354200891,550.5266973182028,102.9928079484929,sin_gas,462.32373927957815,2.15,3.1,1.93,0.89,68.8,59.84819581697528,11.73,24,44.3,44.2,0,0.34,Medio,Avanzar con precaución
Pasillo B,18.598738894757982,42.34398244353402,945.8002862146272,4.83185,21.54079477667924,1883.0472705266377,115.49319428253374,sin_gas,51.798574998739745,0.97,31.9,1.74,1.09,22.1,60.061446716535144,11.78,24,44.4,63.6,0,0.28,Alto,Cambiar ruta o detenerse
Pasillo B,25.458354318597934,40.28888781577425,942.3275055468956,0.0,41.27940451945503,471.33977479919685,47.3673175321102,sin_gas,271.4942018732027,2.19,13.6,0.21,1.15,76.7,66.93004473476955,11.86,44,46.9,61.5,0,0.06,Medio,Avanzar con precaución
Escalera colapsada,20.901701220418623,35.5986233045563,948.5158115401464,0.59255,16.849448531182357,2169.1612281926537,80.70049637558635,monoxido_carbono,157.0039626367558,0.85,12.2,0.51,0.36,78.7,60.061446716535144,11.84,4,47.4,66.2,0,0.26,Alto,Cambiar ruta o detenerse
Sector norte,18.992799168519845,19.206974783652218,900.0,0.0,17.466235820911873,1378.482296952968,49.688984641052485,humo,135.70750375983624,0.49,7.2,3.19,0.25,83.1,60.061446716535144,11.92,43,41.6,68.7,0,0.07,Bajo,Avanzar
Sector norte,23.319945806843883,40.84896643838809,900.0,0.47405,59.91009885471345,596.2532166046436,159.7731455978116,monoxido_carbono,322.9174259584482,0.82,31.4,2.67,0.2,33.8,60.061446716535144,11.58,24,44.4,33.8,1,0.7,Alto,Enviar alerta y cambiar ruta
Habitación bloqueada,21.3832014513114,36.54185397017959,947.0109433618882,2.54805,54.68325658887648,1884.3208345213022,24.69703878896526,sin_gas,115.61846869551812,1.52,7.6,2.29,0.62,70.3,77.89059761626426,12.03,4,61.7,83.7,0,0.07,Medio,Avanzar con precaución
Punto crítico,20.21803366921131,20.42409559501752,940.254289624648,0.0,28.88926055456041,1427.5093307579011,123.95459762486489,monoxido_carbono,458.18255337119786,0.92,22.3,4.17,0.8,34.3,73.72328458660775,12.06,4,58.4,40.8,0,0.16,Alto,Cambiar ruta o detenerse
Sector sur,22.41826935919897,20.81492639715111,945.1730842901168,0.59255,72.17344855575149,800.9926036384301,50.5495595038791,humo,203.02195454956205,1.68,30.8,2.62,0.96,95.7,60.061446716535144,11.81,24,44.4,73.8,1,0.74,Medio,Enviar alerta y avanzar con precaución
Sector norte,23.92131746545149,25.532767024914765,900.0,0.0,71.64028575962327,432.91198516632414,88.22604670073162,sin_gas,338.68767336483944,0.59,1.2,2.05,1.44,74.0,75.05033247084408,12.14,43,53.6,59.9,0,0.03,Bajo,Avanzar
Pasillo A,25.66578776297212,33.187133508119814,949.936192477008,0.0,14.392965291961785,1277.796345423628,57.39723654316073,humo,363.87785866429226,1.75,29.0,0.97,0.56,27.6,60.061446716535144,11.73,24,44.4,55.1,0,0.07,Alto,Cambiar ruta o detenerse
Sector norte,20.997302276849585,38.45181658066151,900.0,2.4888,54.0776738036547,579.8213845299247,61.567930485407544,amoniaco,341.4708473126651,0.87,14.4,4.14,1.17,35.0,60.061446716535144,11.63,24,44.4,54.1,0,0.13,Medio,Avanzar con precaución
Zona de escombros,26.16353695191248,37.44053945286223,944.4574228944986,0.0,63.00114955453181,597.7563663191982,50.56877738192885,sin_gas,451.7001204465117,1.14,23.0,2.97,0.84,73.1,60.061446716535144,11.91,24,44.4,61.5,0,0.19,Medio,Avanzar con precaución
Pasillo B,24.04704084090209,47.05427034509139,945.9611027336184,0.5333,21.8344897781574,961.3920515616214,136.73876120920175,sin_gas,115.56543180299906,1.39,13.0,0.64,0.41,58.1,60.061446716535144,11.58,24,44.4,47.7,0,0.34,Medio,Avanzar con precaución
Zona de escombros,21.60029868427837,37.0542693938808,940.6290589804182,0.0,21.220317196201844,1723.962424209091,69.00027500633324,monoxido_carbono,43.02727234305059,1.72,24.3,3.31,0.96,78.9,27.133410543586084,11.0,24,18.1,61.0,0,0.08,Medio,Avanzar con precaución
Entrada,23.93105165651537,28.70234626595701,951.0833589616748,0.0,20.090333455270898,1512.8122779779933,132.11247809996445,amoniaco,27.732848632524675,0.6,8.9,2.24,1.45,42.5,52.025369936594174,11.6,24,38.0,64.1,0,0.15,Medio,Avanzar con precaución
Sector sur,19.95745492673389,18.04213436514238,952.96119830493,0.0,13.333028542562246,544.8733473432293,84.81223776820224,humo,438.92207523751244,2.09,0.8,4.09,0.27,72.6,60.061446716535144,11.83,4,47.4,47.0,1,0.78,Medio,Enviar alerta y avanzar con precaución
Entrada,19.6140220696094,26.197742902815182,943.9400363700412,0.0,14.07769494192025,2433.7056793741867,100.76805736755027,monoxido_carbono,486.64352496959106,1.8,33.2,4.61,0.81,34.2,60.061446716535144,11.72,24,44.4,35.8,0,0.13,Alto,Cambiar ruta o detenerse
Zona de escombros,22.5610431982242,33.28481975128887,935.429069302064,0.0,54.36061055676708,2263.054245418641,100.07530824986029,metano,151.26327060235633,0.59,0.6,3.08,0.17,63.5,60.061446716535144,11.87,4,47.4,66.5,0,0.25,Medio,Avanzar con precaución
Sector sur,20.5575144318836,36.03591855737901,900.0,0.0,67.95647694880455,944.3735230048324,175.77411388512803,sin_gas,346.7569617874846,2.44,28.8,3.71,0.55,96.6,60.061446716535144,11.95,24,44.4,23.2,0,0.11,Alto,Cambiar ruta o detenerse
Punto crítico,24.586802415867528,34.92903183237871,944.8839489607508,0.0,46.89939336275472,656.9110095204967,69.23592974941646,amoniaco,4.45639208587445,1.66,5.9,0.47,0.97,70.3,64.84548457987417,11.77,24,48.3,62.9,1,0.74,Medio,Enviar alerta y avanzar con precaución
Entrada,23.6796335409074,21.65575254348541,900.0,0.0,34.16884461100438,2379.0460159896793,41.344716694579574,sin_gas,94.31575505799388,1.13,13.7,2.89,1.28,24.0,60.061446716535144,11.82,24,44.4,83.2,0,0.21,Medio,Avanzar con precaución
Túnel estrecho,20.96762919610797,35.92971042822348,948.4986854185275,0.88885,25.07736334283886,1368.3977335494696,164.56358956415536,monoxido_carbono,344.6371912308072,0.39,28.8,3.83,1.12,99.1,60.061446716535144,11.8,24,44.4,25.2,0,0.04,Alto,Cambiar ruta o detenerse
Sector norte,18.014503228578608,28.133192592870905,945.9521567357232,0.0,39.91782748106864,1053.450626020015,35.59687563022531,sin_gas,32.943569657616415,1.33,7.2,2.58,0.75,32.5,67.13848651925544,11.86,4,53.1,81.9,0,0.25,Bajo,Avanzar
Zona de escombros,20.22063226360999,34.971332675837466,943.7753081254064,0.0,19.45233929800789,1429.7518738468934,151.0239980227603,sin_gas,234.25502495991225,0.41,30.3,3.05,1.37,77.4,60.061446716535144,11.48,24,44.4,47.6,0,0.23,Alto,Cambiar ruta o detenerse
Entrada,23.29663005691359,42.90623354472225,953.10410189015,0.0,26.393672101794976,2022.7627035474654,31.287606706712012,sin_gas,331.2916321869744,1.07,17.4,4.51,0.52,62.6,60.061446716535144,11.81,24,44.4,65.7,0,0.14,Alto,Cambiar ruta o detenerse
Habitación bloqueada,22.304891416304955,40.71797441883334,950.964090706333,0.0,30.39305512531179,753.6091264364145,120.2767584897961,sin_gas,382.97908565275867,1.02,12.8,1.15,1.16,43.5,60.061446716535144,11.83,24,44.4,49.4,0,0.01,Alto,Cambiar ruta o detenerse
Habitación bloqueada,21.452748798895584,37.92474624038734,949.9636207954758,0.0,34.854190999572765,2011.741250369545,31.34464232129381,monoxido_carbono,226.90795686218524,1.8,23.2,0.67,0.76,34.2,81.79447499469474,12.38,24,61.8,70.4,0,0.09,Alto,Cambiar ruta o detenerse
Túnel estrecho,20.808277766815607,46.88258740772148,900.0,0.0,37.4472649920957,1973.8382546611174,166.54001836690014,sin_gas,315.1420197481715,0.48,11.9,3.52,1.36,34.2,60.061446716535144,11.71,4,47.4,42.2,0,0.17,Alto,Cambiar ruta o detenerse
Pasillo A,23.538859095939745,38.44945575919297,948.177974955044,0.0,47.9602299128024,1532.6312301658475,103.87644946424547,humo,269.78781478103065,2.05,12.2,4.15,1.22,88.7,50.32021180233899,11.46,4,39.7,46.0,0,0.09,Alto,Cambiar ruta o detenerse
Sector sur,20.699790968205907,34.24500845405955,948.7322401113768,0.0,41.28693181619791,2218.2688063741216,62.62292184951532,monoxido_carbono,26.15288604166055,0.82,25.7,4.28,1.36,89.8,60.061446716535144,11.62,4,47.4,73.3,1,0.66,Medio,Enviar alerta y avanzar con precaución
Punto crítico,23.760369553583367,22.00219983163121,952.445962574952,0.0,24.38033222794887,677.5010941567072,29.55648561862911,metano,371.4023436299232,1.11,10.8,3.28,0.4,57.2,15.0,10.5,4,11.4,64.9,1,0.7,Medio,Enviar alerta y avanzar con precaución
Sector norte,21.12736965540474,33.784199338252485,900.0,0.0,23.08001997723532,1650.5059139979135,69.95864132554894,metano,86.18095794268748,1.93,7.0,4.2,1.04,28.3,60.061446716535144,11.7,24,44.4,74.3,0,0.34,Medio,Avanzar con precaución
Sector sur,21.950486820892017,25.733849092209784,943.244160102263,0.0,28.90012025016414,1343.6204102538254,128.37850610204205,monoxido_carbono,15.902765616920666,1.56,28.3,3.56,1.13,90.7,43.168720429317816,11.82,24,30.9,59.9,0,0.26,Alto,Cambiar ruta o detenerse
Sector norte,22.65515909787734,42.26457034746008,900.0,0.0,21.699144897115016,1286.8134369552465,72.36640468749574,sin_gas,225.58395814418614,0.77,28.2,0.62,1.14,59.0,60.061446716535144,11.95,4,47.4,67.0,0,0.28,Medio,Avanzar con precaución
Entrada,24.32862655230438,35.589348370933045,900.0,0.0,28.878342746949503,930.3782496660034,48.06647381670271,gas_desconocido,432.81879364075513,0.97,17.4,3.86,0.81,55.1,73.25172309643513,11.89,24,55.0,51.6,0,0.25,Medio,Avanzar con precaución
Pasillo A,24.81394914863089,26.78656656341518,900.0,0.0,20.395991204868807,1181.7872793008069,106.04665345141802,monoxido_carbono,75.41471883051432,0.76,18.4,1.06,0.12,52.6,57.07943960841643,11.62,4,45.1,65.7,0,0.39,Medio,Avanzar con precaución
Pasillo B,17.62125612144094,39.777050037570255,953.4815326066004,3.14055,7.0444944766631865,627.1165876496981,78.11882424649593,sin_gas,6.4287670584874945,1.49,24.4,1.34,0.47,49.2,60.061446716535144,11.68,24,44.4,67.8,0,0.11,Medio,Avanzar con precaución
Zona de escombros,22.640133439587764,32.16967532716985,948.5820490262809,1.3629,20.23782664074246,928.3578365061329,34.01609130530116,monoxido_carbono,54.989617882708565,0.83,17.8,2.09,0.55,62.1,60.061446716535144,11.97,24,44.4,83.2,1,0.76,Bajo,Enviar alerta y continuar exploración
Punto crítico,22.577501279082693,37.65536695589776,900.0,0.0,39.047655989188414,971.1267263339735,31.94789829855494,metano,181.82955716580335,1.81,14.6,1.71,1.29,68.4,60.061446716535144,12.09,4,47.4,69.8,0,0.06,Medio,Avanzar con precaución
Túnel estrecho,23.579843316415293,35.0258149750559,947.055735108081,0.0,25.972879710082687,1913.4025216662928,128.80584828882456,sin_gas,290.0859349956519,1.45,34.8,1.74,1.28,57.3,68.04847938776386,11.94,43,48.0,42.5,0,0.2,Alto,Cambiar ruta o detenerse
Pasillo A,20.51488243357751,39.81855702241201,900.0,0.0,59.02695606682328,501.9558971386126,175.5675817153449,humo,96.50606699294629,0.36,5.2,1.01,0.25,91.7,60.061446716535144,11.8,24,44.4,42.8,0,0.05,Medio,Avanzar con precaución
Punto crítico,21.91830483263492,31.993112111150488,940.4653499051876,0.59255,47.09160629090833,1767.5038471168075,45.791462400859864,sin_gas,400.9820025112853,0.78,20.7,1.61,1.43,45.4,60.061446716535144,11.84,24,44.4,55.0,0,0.12,Medio,Avanzar con precaución
Entrada,20.617959446958444,26.02120683272931,900.0,35.6123,31.1058489636596,864.9608105656987,140.30100514551074,monoxido_carbono,376.64856027454096,0.55,31.0,0.29,0.36,66.3,29.06746521143113,11.11,24,19.7,37.8,0,0.2,Alto,Cambiar ruta o detenerse
Entrada,19.450105761120245,34.53679534027834,900.0,0.0,76.39263914909202,571.9091624242172,20.33117292883141,gas_desconocido,347.9318082993496,0.98,24.1,2.47,0.68,44.0,60.061446716535144,11.8,24,44.4,61.1,0,0.38,Medio,Avanzar con precaución
Escalera colapsada,19.03359417152243,36.57694471792714,950.4406498791544,0.0,48.40145714802081,1031.6929382794117,71.7757858341318,sin_gas,243.73490415777198,1.29,30.8,3.89,0.4,80.3,60.061446716535144,11.77,24,44.4,55.3,0,0.39,Medio,Avanzar con precaución
Túnel estrecho,23.169865878443588,35.39376692571585,900.0,0.0,15.21997089852402,871.3930258000659,93.67042674144497,sin_gas,182.60847756699266,1.27,11.8,4.34,1.3,28.2,66.86033771943038,11.98,44,46.9,56.6,0,0.3,Medio,Avanzar con precaución
Escalera colapsada,21.331305329604017,22.923345595405884,951.5409660101052,0.4148,23.56412704895894,1559.267989263685,52.03071542570945,sin_gas,187.7933104824054,1.89,9.5,4.14,1.15,35.1,60.061446716535144,11.46,24,44.4,60.1,1,0.75,Medio,Enviar alerta y avanzar con precaución
Pasillo B,20.777224170422578,33.15665644766474,900.0,0.0,17.99056553585115,1150.490447240721,97.67622288999382,sin_gas,251.53526747786665,0.47,29.8,2.2,0.59,84.1,60.061446716535144,11.69,24,44.4,46.4,0,0.35,Medio,Avanzar con precaución
Punto crítico,25.65570051724689,36.57302796750403,938.3341041973348,0.47405,27.6412307651962,2428.5868590574846,159.45752484117452,sin_gas,38.657343441327264,2.37,13.8,3.71,1.05,34.7,60.061446716535144,11.58,24,44.4,47.6,0,0.35,Alto,Cambiar ruta o detenerse
Habitación bloqueada,19.832194457947043,41.773353256505146,951.2879768505144,2.548,14.795642648812091,2423.4541587207864,170.27664341212386,humo,341.15273143353056,0.86,24.8,1.58,0.36,70.1,15.0,10.92,4,11.4,39.0,0,0.36,Alto,Cambiar ruta o detenerse
Túnel estrecho,20.79706604256689,20.94103127896876,900.0,0.0,58.50692271275575,1331.802065152503,22.597467015283655,humo,175.75377200465104,0.75,5.2,0.47,0.64,97.6,60.061446716535144,11.64,24,44.4,74.2,1,0.61,Medio,Enviar alerta y avanzar con precaución
Sector norte,20.97585807290093,39.00360093584366,900.0,0.0,13.09459254694039,2069.683667386545,52.573038447235405,amoniaco,112.37938896934429,1.71,26.5,3.44,0.63,61.8,60.061446716535144,11.53,24,44.4,74.1,0,0.09,Alto,Cambiar ruta o detenerse
Pasillo A,22.58549448972267,44.98216260112005,951.097095253038,0.0,3.82414487347024,427.86393580783755,176.34843556560187,metano,139.16353524931947,2.01,19.2,3.31,0.43,35.0,60.061446716535144,11.49,4,47.4,38.2,1,0.76,Alto,Enviar alerta y cambiar ruta
Escalera colapsada,25.046174654730294,15.211394882799356,943.836907198182,0.0,20.70117001630767,1550.4043279220855,52.32322182039265,humo,90.14714264310891,0.95,9.4,4.05,1.33,45.7,67.61649948682538,11.99,24,50.5,69.5,0,0.37,Medio,Avanzar con precaución
Punto crítico,22.812312883360665,34.022472735094404,942.7865438387838,0.0,76.70130034904491,1960.928261844656,126.22378645010218,monoxido_carbono,450.78404276389426,1.87,17.3,3.16,1.05,85.9,60.061446716535144,11.62,24,44.4,33.0,0,0.03,Alto,Cambiar ruta o detenerse
Habitación bloqueada,23.334403854916783,42.27563661088324,946.9946946215842,4.02935,19.88174396247408,855.5807733554054,49.354396427313816,sin_gas,84.51875818127552,2.21,24.4,0.95,0.49,48.1,60.061446716535144,11.74,4,47.4,70.0,0,0.13,Medio,Avanzar con precaución
Pasillo A,23.691725544356487,41.46911091835235,938.9502260956808,1.3629,18.0707436373422,528.460685848482,67.3639788311817,metano,441.4630594474313,1.92,0.4,4.3,0.44,77.9,75.69601671574063,12.33,24,57.0,47.5,0,0.2,Medio,Avanzar con precaución
Túnel estrecho,25.680575034275662,39.26278057065927,947.807217078848,0.0,44.868935323865294,727.4297654035574,38.473822881957055,sin_gas,286.12169798422565,0.09,22.3,3.21,0.13,82.2,57.246341307377435,11.76,4,45.2,73.9,0,0.02,Bajo,Avanzar
Sector norte,22.591005004225345,42.7590225855452,900.0,0.0,19.10922116473487,1327.8809830650998,154.8525338970004,humo,433.7254776944301,2.07,19.0,4.08,0.59,60.1,60.061446716535144,11.68,22,44.7,35.8,1,0.67,Alto,Enviar alerta y cambiar ruta
Zona de escombros,21.37313059095682,21.346479951500804,951.6943340351723,0.0,23.32219808492751,1463.37998358815,159.4635336684132,monoxido_carbono,237.03210845275606,1.94,7.7,3.92,0.84,82.7,60.061446716535144,11.59,4,47.4,35.7,0,0.12,Alto,Cambiar ruta o detenerse
Sector norte,19.769564269785697,22.696617030756528,946.7879630014291,0.0,8.580298128120331,1199.858756428414,56.95968888520052,amoniaco,463.8168597405368,1.67,26.4,1.63,0.49,45.4,79.09852726429453,12.23,4,62.7,54.4,0,0.02,Alto,Cambiar ruta o detenerse
Pasillo B,23.556265371049324,24.320378414302464,947.1341584023866,2.96285,25.059681752575955,1323.944910788998,149.12821922986024,monoxido_carbono,105.7453718041751,1.9,10.6,0.56,1.08,61.3,60.061446716535144,11.74,4,47.4,42.2,0,0.4,Alto,Cambiar ruta o detenerse
Pasillo A,23.01379682474981,15.925261542069835,940.7101670076408,0.0,47.124965422596645,1387.4934151794907,67.69228875647221,monoxido_carbono,277.34587642363726,2.45,9.7,1.05,0.68,74.9,60.061446716535144,11.85,24,44.4,66.7,0,0.13,Alto,Cambiar ruta o detenerse
Pasillo B,19.50761498472408,29.151584478678945,900.0,0.5333,17.35725023929046,2015.8169893623021,22.328399006652702,sin_gas,62.91934525683457,1.08,16.5,0.65,0.54,33.4,60.061446716535144,11.4,43,41.6,87.4,0,0.35,Alto,Cambiar ruta o detenerse
Pasillo A,24.438605150860816,22.46764651614367,943.0219559180912,0.9481,62.19837922864567,621.00798596307,137.66336952611286,monoxido_carbono,223.61014260118216,0.17,23.7,1.37,1.41,41.9,60.061446716535144,11.93,24,44.4,43.2,0,0.19,Medio,Avanzar con precaución
Pasillo A,23.456433681352195,35.184345232125985,900.0,0.0,16.908100298814176,2014.7959810347315,109.37809355729782,humo,284.9518483234212,1.15,32.5,2.41,0.47,72.2,60.061446716535144,11.5,4,47.4,48.4,0,0.27,Alto,Cambiar ruta o detenerse
Pasillo A,24.183800633702244,35.58356191967201,951.0567039938288,0.0,19.192361654417105,1846.1173348194961,53.01692764238132,sin_gas,302.83761108658604,0.12,4.9,4.55,0.66,72.4,48.58047338424634,11.45,4,38.3,66.3,0,0.1,Bajo,Avanzar
Pasillo A,20.41781106643061,38.961293756454886,952.3010822068944,0.0,20.520277980133883,1957.487699900268,49.274954589573234,gas_desconocido,182.76439845363956,0.74,13.9,4.39,0.64,59.5,60.061446716535144,11.97,24,44.4,70.4,1,0.95,Bajo,Enviar alerta y continuar exploración
Habitación bloqueada,20.177021704587805,26.93407847578304,941.8955866539995,14.75415,38.57839814160224,1942.383610338178,175.73408983440623,metano,38.167821083226414,1.47,2.3,3.65,0.44,83.6,53.77887410089746,11.29,24,39.4,53.5,0,0.11,Medio,Avanzar con precaución
Sector norte,22.383243276298984,24.12054355722164,932.8557528730548,0.0,28.88811703654844,1388.2428131837457,155.93768215629098,sin_gas,327.66303569132634,0.77,26.5,0.32,0.4,58.6,60.061446716535144,11.75,24,44.4,43.9,1,0.72,Alto,Enviar alerta y cambiar ruta
Túnel estrecho,21.62864278586188,24.54218348185373,940.8645287934982,0.47405,46.503995789493096,843.9403875778901,146.71470764040882,monoxido_carbono,244.2159302266389,1.71,15.7,1.84,0.52,90.5,60.061446716535144,11.72,24,44.4,49.2,0,0.03,Alto,Cambiar ruta o detenerse
Sector norte,21.014674385086387,34.858042380532055,950.2112160148258,0.0,22.41518376039705,1526.9206990337884,27.403099012291484,humo,68.43943331862845,2.05,24.7,3.48,1.31,78.9,60.061446716535144,11.76,4,47.4,78.2,0,0.12,Medio,Avanzar con precaución
Entrada,25.05136392194727,32.685481859707345,948.4767268843684,0.0,39.933337069472735,2411.762312579109,137.15777299344558,metano,467.93798470304984,1.05,11.3,0.82,1.17,45.2,73.99515275174699,12.11,4,58.6,25.0,0,0.36,Alto,Cambiar ruta o detenerse
Habitación bloqueada,20.777408164402644,35.0730402193976,900.0,0.0,22.01299298215224,1635.9039309260638,42.54453871057514,monoxido_carbono,477.83433109172165,2.25,29.6,4.05,1.05,51.6,60.061446716535144,11.76,24,44.4,60.3,0,0.2,Alto,Cambiar ruta o detenerse
Pasillo B,19.612303203252964,34.61954670123891,951.2426898169372,0.0,31.654600933360257,423.199004946833,176.04306506144212,metano,428.3031399156845,0.2,18.7,4.59,0.74,73.4,60.061446716535144,11.56,24,44.4,33.9,0,0.24,Medio,Avanzar con precaución
Punto crítico,21.398346373341244,23.352357052080944,900.0,0.0,66.80035132682977,525.3929002404203,14.115607893395097,monoxido_carbono,421.9341502587987,2.1,33.0,1.9,0.81,91.6,60.061446716535144,11.78,43,41.6,61.2,0,0.26,Alto,Cambiar ruta o detenerse
Punto crítico,21.27415988396692,44.246244478586505,938.9446560532,0.0,61.75475853834761,2485.0132105674597,66.62423462304263,sin_gas,49.335637934028064,2.07,2.8,3.59,0.47,34.3,39.54783452314003,11.33,4,31.0,63.8,0,0.04,Alto,Cambiar ruta o detenerse
Pasillo A,21.20238524059885,27.146802322546275,946.2194673520976,0.0,31.599253433060863,551.0873544028248,80.01337213627517,sin_gas,496.7100547912839,0.8,18.0,0.91,0.2,61.2,60.061446716535144,11.75,24,44.4,52.4,0,0.02,Medio,Avanzar con precaución
Sector sur,20.97718720711677,35.09431368187503,942.5861742456948,3.08135,37.1304243523012,496.694836094287,149.23550952339454,sin_gas,200.1903399318658,0.75,26.8,3.52,0.56,29.5,60.061446716535144,12.07,4,47.4,45.0,0,0.38,Alto,Cambiar ruta o detenerse
Escalera colapsada,22.590302010110666,28.056696149148173,900.0,0.0,67.25086570942362,1141.3509656531764,139.08899315070806,sin_gas,81.56055793355677,0.76,21.0,0.3,0.79,42.4,77.19430185153652,12.32,24,58.2,58.0,0,0.12,Medio,Avanzar con precaución
Escalera colapsada,22.38918645323968,34.189052796953675,947.0253446350076,0.0,35.03042617664543,2435.5661268656067,70.62362536565318,sin_gas,406.0508641086106,2.03,0.8,0.92,0.18,74.9,75.11220244086782,12.35,4,59.5,59.9,1,0.71,Alto,Enviar alerta y cambiar ruta
Túnel estrecho,25.03411653678333,33.970889122762685,942.3672837085516,0.0,8.43613769308131,1069.217822839018,103.97305135515714,monoxido_carbono,112.86538423152892,2.08,34.0,3.61,0.22,26.2,60.061446716535144,11.81,24,44.4,55.4,0,0.28,Alto,Cambiar ruta o detenerse
Punto crítico,23.417573841722582,33.42191163386947,954.8432734705592,1.16185,27.67196117667643,1260.7566748380682,151.2291536313528,metano,263.08766033479577,0.82,10.4,3.62,0.47,73.0,42.60047613581188,11.66,4,33.5,29.7,0,0.1,Alto,Cambiar ruta o detenerse
Habitación bloqueada,20.2194051376884,43.39021752698032,943.2888951623409,0.0,46.74365353626426,1731.5618285379876,8.184928626434225,sin_gas,64.00803260171817,1.48,8.7,3.28,0.61,92.1,60.061446716535144,11.63,4,47.4,81.2,0,0.3,Bajo,Avanzar
Pasillo B,23.11654197263398,33.58877581011993,951.873737075617,5.1456,9.5934272319357,450.6348625854354,145.38116741678263,sin_gas,237.32286163794424,0.35,17.0,2.49,0.65,97.5,58.18989360468537,11.67,4,46.0,32.1,0,0.19,Medio,Avanzar con precaución
Túnel estrecho,21.430691369605483,21.90825071489801,900.0,0.0,70.5717603673655,2285.303512790295,170.70680443485736,sin_gas,279.07074670147114,1.17,19.0,3.44,0.27,37.3,60.061446716535144,11.67,22,44.7,34.7,1,0.82,Alto,Enviar alerta y cambiar ruta
Entrada,18.95994614472613,41.36209493365933,951.9828278583856,7.04525,34.841209580968055,1490.8303368643074,10.611291259729953,metano,222.96197997567134,2.5,26.8,3.91,0.42,79.9,49.380883256297274,11.46,24,35.9,68.2,1,0.9,Alto,Enviar alerta y cambiar ruta
Zona de escombros,20.09917312400816,34.62174893515222,900.0,0.0,21.857911448039008,1380.3029026085217,12.976672738681952,sin_gas,34.743412376326496,0.4,13.8,4.84,0.47,94.1,60.061446716535144,11.77,24,44.4,90.9,1,0.79,Bajo,Enviar alerta y continuar exploración
Zona de escombros,23.862475460681942,35.06145626995152,900.0,0.0,65.92065684690985,2207.525990633924,65.28995097405351,metano,242.46951529138167,2.37,15.4,4.47,0.19,27.3,60.061446716535144,11.79,24,44.4,69.2,1,0.92,Alto,Enviar alerta y cambiar ruta
Pasillo A,21.281017336088603,36.87405472718271,951.3626090924744,0.0,53.728328498247606,2401.4608376518445,20.359673659343045,metano,234.4714217204079,2.06,18.7,4.01,0.56,53.1,60.061446716535144,11.83,43,41.6,69.1,1,0.65,Alto,Enviar alerta y cambiar ruta
Zona de escombros,22.03716798996244,28.686637589189065,944.2541636049816,0.0,20.00820401355564,1289.192986458353,88.87331405143044,monoxido_carbono,130.8101386453369,2.43,13.8,3.53,0.2,93.6,60.061446716535144,12.02,24,44.4,63.8,0,0.17,Medio,Avanzar con precaución
Zona de escombros,21.6575581389596,31.643962114836803,947.8430417219112,1.7152,54.192987985484095,762.1262665157844,132.52436989071128,amoniaco,460.80079982871825,0.45,32.0,2.96,1.08,36.2,60.04969049126559,11.53,24,44.4,37.5,1,0.96,Alto,Enviar alerta y cambiar ruta
Túnel estrecho,26.29856290633409,35.539153634174255,939.6923998024976,0.0,30.501870579836886,2112.989467004353,104.2073661305681,sin_gas,208.89616634912807,0.53,29.8,0.78,0.64,94.7,70.75773534424494,11.81,24,53.0,50.1,0,0.26,Alto,Cambiar ruta o detenerse
Sector sur,21.61406869758172,21.28612394863549,900.0,0.0,76.45130053177296,1246.846884567223,39.37558408772956,sin_gas,432.05789809819254,0.04,15.9,0.99,0.56,62.2,60.061446716535144,11.4,4,47.4,61.9,0,0.18,Medio,Avanzar con precaución
Punto crítico,23.477535100548508,33.93838823686517,941.7900795021206,0.0,32.30704680716416,2364.645632974709,119.5919775053126,sin_gas,54.83191481672095,1.81,0.0,4.14,0.28,28.0,60.061446716535144,11.63,24,44.4,55.9,0,0.11,Medio,Avanzar con precaución
Punto crítico,20.40181057683997,24.765294579366984,900.0,0.0,40.653873238233935,2394.787866045064,124.84953385631027,sin_gas,159.43864210309073,1.61,31.5,4.06,0.42,56.0,64.29367208548553,11.78,4,50.8,54.8,0,0.31,Alto,Cambiar ruta o detenerse
Túnel estrecho,23.766398473973137,45.491223961837306,952.4315675369404,2.7258,58.862029728130864,641.1409666148759,168.17804224487756,sin_gas,88.16542688402002,0.45,4.4,3.15,0.43,46.1,73.84557617765543,11.95,24,55.5,37.9,0,0.08,Medio,Avanzar con precaución
Pasillo B,23.973366783214765,37.05895310475236,949.7452255638074,0.47405,38.54693278080435,2408.7633313989877,30.689457040983584,amoniaco,204.20539392409626,1.98,8.6,2.31,1.48,42.6,58.27318725121172,11.55,24,43.0,75.9,0,0.37,Alto,Cambiar ruta o detenerse
Habitación bloqueada,15.007308295536404,34.48970181274924,953.7750773758676,0.0,48.383179945769776,1173.3676834347539,126.15882885920159,sin_gas,55.8183435854393,0.75,5.3,0.32,1.27,63.3,36.15248891143904,11.27,24,25.3,55.0,0,0.07,Medio,Avanzar con precaución
Escalera colapsada,25.07294822579789,37.156177949037776,944.3066912658916,0.0,62.40440765312495,1757.1302870801,164.4997632993008,gas_desconocido,220.51740292281025,0.34,6.3,1.77,0.12,58.7,60.061446716535144,11.7,22,44.7,47.4,0,0.32,Medio,Avanzar con precaución
Entrada,20.7311180743096,42.9178304769712,900.0,0.0,25.279685312593028,472.9751716414967,92.77372683111099,sin_gas,176.93537172411817,1.06,28.1,2.22,0.96,58.6,66.37002745107031,11.76,4,52.5,52.1,0,0.18,Medio,Avanzar con precaución
Zona de escombros,20.826324285457314,29.261239001981554,900.0,0.0,47.17415726970976,2266.6569755760484,68.31494397603487,amoniaco,111.6575236370026,0.23,20.3,2.53,0.46,27.1,37.27205728143774,11.31,24,26.2,64.9,1,0.81,Alto,Enviar alerta y cambiar ruta
Pasillo B,20.617285735612263,35.53080415054651,936.109389371039,0.0,27.335556412405445,1747.3543916242163,34.881161488702695,amoniaco,321.08970597515753,0.66,33.5,4.66,0.25,84.2,60.061446716535144,11.68,4,47.4,71.4,0,0.17,Medio,Avanzar con precaución
Escalera colapsada,25.071641981453,37.13362219168155,900.0,24.6023,36.95766185406411,1751.4643806084803,156.6877051357076,sin_gas,475.455744073916,0.93,8.1,0.72,1.09,58.5,60.061446716535144,11.93,22,44.7,32.7,1,0.93,Alto,Enviar alerta y cambiar ruta
Pasillo B,18.88506738868565,38.63389398931431,937.8385114971618,4.7767,65.42246683787127,2294.569935952716,73.99311559710402,sin_gas,103.55673677479344,2.13,17.0,2.69,0.28,85.7,56.95017225273954,11.67,24,42.0,71.1,0,0.06,Alto,Cambiar ruta o detenerse
Sector sur,23.76653194752757,23.58743991351032,900.0,0.0,36.91060410417896,1467.5290673054205,166.85442757184614,monoxido_carbono,355.8954199492252,1.98,34.2,1.97,0.72,86.0,60.061446716535144,11.71,24,44.4,29.0,1,0.85,Alto,Enviar alerta y cambiar ruta
Punto crítico,19.331300579412822,35.22606137564188,900.0,0.0,7.38887957031423,1262.0849447613562,153.35770217288584,humo,371.1904446283715,1.11,28.9,4.95,0.99,45.4,60.061446716535144,11.8,24,44.4,32.1,0,0.35,Alto,Cambiar ruta o detenerse
Entrada,21.181538177083805,39.94040063090572,936.8023596159406,0.5333,28.88917042909788,2218.870379813864,70.91197406450925,metano,249.06025821293122,1.81,25.5,4.34,0.88,20.3,60.061446716535144,11.46,24,44.4,64.3,0,0.05,Alto,Cambiar ruta o detenerse
Punto crítico,20.643874997950675,42.0229612398952,900.0,0.0,19.578632486299647,1959.0830749299364,105.43500406559593,sin_gas,448.8341730502835,1.42,6.6,2.31,1.47,92.9,60.061446716535144,11.94,24,44.4,37.3,0,0.39,Medio,Avanzar con precaución
Zona de escombros,23.76816370314312,36.776996718829295,949.9854474452076,0.0,41.83296264418336,2392.8488964262924,9.755456351436255,metano,483.19503303242004,0.85,26.9,5.0,1.2,80.9,60.061446716535144,11.88,24,44.4,55.6,0,0.01,Alto,Cambiar ruta o detenerse
Punto crítico,21.11650896498041,20.33188708599052,943.1295134583328,0.0,28.17761667596668,2374.2559759521187,51.06374550174857,sin_gas,181.1232260269247,1.81,12.2,2.67,1.18,28.6,60.061446716535144,11.64,24,44.4,77.3,1,0.76,Alto,Enviar alerta y cambiar ruta
Habitación bloqueada,23.65037432534271,19.404169193053885,947.7501810661372,0.88885,57.07245226236506,1202.8849455765046,129.2977484996187,humo,325.51664900159375,1.71,18.6,1.0,0.6,76.1,70.0754406957337,11.8,24,52.5,43.1,0,0.34,Alto,Cambiar ruta o detenerse
Pasillo B,25.38272375018209,38.58552787261261,900.0,0.0,43.175149129372656,1338.6712092969774,123.63441552309668,monoxido_carbono,331.10630895005613,1.55,21.3,2.87,0.11,21.6,71.5019851015334,11.85,24,53.6,40.7,1,0.91,Alto,Enviar alerta y cambiar ruta
Túnel estrecho,26.08584409005332,33.0891374946113,945.017772250044,0.0,16.71577899924007,937.5684029606348,66.83965541980643,sin_gas,201.81776312625226,1.54,21.3,1.29,1.13,22.2,60.061446716535144,11.55,4,47.4,61.5,0,0.07,Alto,Cambiar ruta o detenerse
Pasillo A,20.78628004042081,28.467168214257395,947.629501450035,0.0,20.5757032163342,1787.360567190992,146.5064055841549,sin_gas,158.3955372473071,1.71,25.4,3.25,1.5,62.1,55.572732652618775,11.41,4,43.9,55.1,0,0.28,Alto,Cambiar ruta o detenerse
Punto crítico,23.533938940367698,24.097415366305658,900.0,0.0,23.833567675436665,1165.5381371866617,46.271309082477444,sin_gas,466.87209911390676,0.96,23.2,4.7,0.67,27.7,60.061446716535144,11.54,4,47.4,60.9,0,0.05,Alto,Cambiar ruta o detenerse
Punto crítico,23.52897213698792,30.35858575821423,900.0,0.0,60.14041814915815,2050.8113578761095,85.72234330164753,humo,394.99077465633763,2.17,2.4,3.97,1.48,97.1,60.061446716535144,11.36,4,47.4,57.6,0,0.15,Alto,Cambiar ruta o detenerse
Túnel estrecho,23.16117168566355,23.292339612862023,900.0,0.0,73.7214941792781,655.2565975349121,87.69286117940764,humo,57.232282987272065,0.41,16.0,1.51,0.3,91.5,65.0829506277771,11.81,4,51.5,63.8,1,0.63,Bajo,Enviar alerta y continuar exploración
Sector norte,23.6904793902622,19.85919053371747,951.9374823171258,0.0,21.81768114569887,644.4459874480664,64.642934552253,sin_gas,59.942035792443505,2.21,23.2,1.62,0.52,72.0,60.061446716535144,11.74,4,47.4,67.9,0,0.14,Medio,Avanzar con precaución
Sector sur,21.198910310468385,37.277763054574535,947.1285791792616,0.4148,13.17086270434313,829.3563009807335,172.06656769690426,metano,461.2713844264133,0.86,10.4,0.53,0.34,25.1,60.061446716535144,11.95,4,47.4,30.7,0,0.13,Alto,Cambiar ruta o detenerse
Pasillo A,18.215442715292347,30.38703434475009,953.1174014829828,1.3463,15.663040096307949,577.0135957185684,126.91970586514273,humo,40.704882513462216,0.31,11.0,1.57,0.77,46.0,60.061446716535144,11.91,24,44.4,59.6,0,0.06,Bajo,Avanzar
Sector norte,24.81577786752932,20.435940082069195,950.399048125922,0.0,22.454503462133136,1702.066376124293,99.35988368227778,sin_gas,344.21067312158294,1.5,4.4,0.64,1.22,49.7,60.061446716535144,11.65,4,47.4,51.4,0,0.04,Alto,Cambiar ruta o detenerse
Sector sur,20.32775119408128,25.17523044851045,940.5502782315866,0.0,36.54811841944392,709.4408086351511,94.3401413430135,sin_gas,113.37912347220586,0.94,14.7,2.6,0.58,58.5,59.12815484947262,11.7,4,46.7,54.3,0,0.05,Medio,Avanzar con precaución
Sector norte,23.0500789389535,16.204804906071974,900.0,0.0,53.11421183986696,735.9221266820739,32.8768161824419,sin_gas,17.59267137080933,2.04,34.5,3.6,1.37,33.5,75.5234230854217,12.25,43,54.0,87.0,0,0.35,Medio,Avanzar con precaución
Escalera colapsada,20.042182544890483,41.039584637700045,900.0,0.0,31.80018668813674,429.87926983124856,70.1327069869172,sin_gas,29.818773040045098,1.08,10.0,3.81,0.86,66.2,60.061446716535144,11.69,4,47.4,70.0,0,0.01,Bajo,Avanzar
Habitación bloqueada,21.85521597114992,21.67488466252752,937.9912379580128,0.0,7.991849404057837,2042.3890307095805,122.7353300775938,sin_gas,186.76105183978103,1.67,18.6,0.49,0.75,54.9,60.78478250079155,11.8,4,48.0,44.3,1,0.96,Alto,Enviar alerta y cambiar ruta
Pasillo A,21.64195566062803,16.608667705278506,950.0998354580968,0.0,26.40257831196404,2105.8217163893105,166.7997884451784,gas_desconocido,38.79422584468234,0.77,26.0,1.83,1.2,95.8,60.061446716535144,11.67,4,47.4,39.8,0,0.31,Medio,Avanzar con precaución
Entrada,19.161697295439566,26.95327778201945,946.3238723856444,0.0,24.05326478151157,740.2470743653234,147.88121039357173,monoxido_carbono,298.319599966727,0.52,0.5,1.58,0.24,94.9,56.22822591168895,11.69,43,38.5,34.8,0,0.23,Medio,Avanzar con precaución
Pasillo A,23.0204373195999,21.12042367808116,945.331999745328,0.0,15.474646819185375,1953.0013119611715,57.568215692994954,sin_gas,323.6272556870378,0.97,31.5,0.7,1.18,65.2,60.061446716535144,11.77,24,44.4,63.4,0,0.3,Alto,Cambiar ruta o detenerse
Escalera colapsada,23.46280691322097,44.357458735405295,900.0,4.97755,25.88485003362861,1310.444758630455,80.94240949573833,metano,186.73428599152447,1.52,13.5,1.94,0.44,71.5,60.061446716535144,11.71,24,44.4,54.0,0,0.26,Medio,Avanzar con precaución
Entrada,20.67884790929284,44.76992394329608,952.6618914119535,0.0,43.69487853038064,903.1492542273218,19.51056612473905,amoniaco,371.43903785917536,1.64,30.4,1.64,0.49,31.0,75.7901488798637,12.25,43,54.2,61.7,0,0.19,Alto,Cambiar ruta o detenerse
Túnel estrecho,21.313657882647306,39.858384420754646,949.0945277742866,2.31095,19.349300702127127,1704.9076769550406,22.880156531226636,metano,245.02126008478865,1.45,1.4,3.25,0.94,37.9,60.061446716535144,11.63,24,44.4,67.9,0,0.16,Medio,Avanzar con precaución
Entrada,23.84934407802924,34.93637264521152,900.0,1.83695,23.175684587301475,774.8165561288781,87.29031772477515,sin_gas,215.11425170104104,2.47,5.1,4.44,1.36,92.1,60.061446716535144,11.78,22,44.7,66.1,0,0.38,Medio,Avanzar con precaución
Sector norte,23.93892207290204,35.05369968325786,947.744678929048,0.47405,46.57062582981111,1989.4555760713745,97.78839619299252,sin_gas,203.49404439506253,1.73,11.3,2.38,0.91,75.9,75.11997220245661,12.35,24,56.5,64.5,0,0.39,Medio,Avanzar con precaución
Habitación bloqueada,24.51662611873705,20.48082522395388,900.0,4.8591,59.04160264404739,499.99197789815855,51.20474174695994,amoniaco,215.55324367276867,2.33,12.1,3.78,1.01,35.2,60.061446716535144,11.81,24,44.4,62.5,0,0.26,Medio,Avanzar con precaución
Túnel estrecho,23.793743256849066,33.69937099781948,950.7499650409134,3.3184,36.06539648817631,2414.1749591486205,117.48697060753972,sin_gas,483.94382496720925,0.29,29.7,0.9,1.19,65.6,60.061446716535144,11.64,24,44.4,27.5,0,0.09,Alto,Cambiar ruta o detenerse
Túnel estrecho,21.43526299237384,20.675503852434108,938.8746707068784,0.0,14.0640236918347,550.9380327881114,128.0916199765241,sin_gas,340.7035300192188,0.15,0.4,4.5,0.46,94.8,72.10399933830837,12.07,43,51.2,35.5,0,0.18,Medio,Avanzar con precaución
Habitación bloqueada,19.65080464608671,40.38911725562591,943.123071520534,2.7258,43.30494589342185,1616.8416804222484,57.3453230320926,metano,157.60492358055,0.78,22.4,0.93,1.26,47.6,60.061446716535144,12.13,4,47.4,61.2,1,0.65,Medio,Enviar alerta y avanzar con precaución
Sector sur,21.145239852847304,20.35980707619392,948.2094314594982,0.0,35.713689855000574,2294.6080092569946,137.72432699881983,sin_gas,366.9299351027827,0.34,4.6,1.12,0.69,34.9,66.76012627153693,11.91,24,49.8,36.3,0,0.31,Alto,Cambiar ruta o detenerse
Sector sur,19.61001743336985,35.6627515040632,945.317287639696,1.83695,20.94707581363141,424.99938458048575,40.98086083184834,gas_desconocido,165.133694161458,1.31,28.8,0.71,0.35,95.4,60.061446716535144,11.88,4,47.4,75.4,0,0.27,Medio,Avanzar con precaución
Túnel estrecho,20.406695349002224,35.46168513015287,945.976916552334,0.0,34.17975284930998,1446.8803680770197,100.24399102322542,monoxido_carbono,62.8574538923381,1.3,27.3,1.69,0.59,56.9,59.589799620491604,11.75,43,41.2,58.2,0,0.21,Medio,Avanzar con precaución
Pasillo A,23.17365097599832,38.85754637987749,948.505472180818,0.0,27.8328079250992,1135.0146250524278,145.7491913733803,sin_gas,237.68017872782454,1.44,17.5,2.85,0.44,53.4,56.518253020986855,11.73,24,41.6,37.4,1,0.98,Alto,Enviar alerta y cambiar ruta
Pasillo B,21.249015896015205,45.29113974436806,900.0,0.0,19.87973826368451,1618.697599541609,98.97658999444718,sin_gas,375.51192956920704,1.86,7.4,4.94,0.42,41.4,60.061446716535144,11.75,24,44.4,43.0,1,0.68,Alto,Enviar alerta y cambiar ruta
Sector sur,24.88162485347867,43.965067847061896,960.0554262047484,0.0,67.38976993752254,873.4605121490832,163.89347574118386,monoxido_carbono,188.8299554436606,2.43,22.2,4.01,0.5,91.3,43.58177347074034,11.26,24,31.3,30.7,0,0.31,Alto,Cambiar ruta o detenerse
Habitación bloqueada,22.98774791063981,27.09288765191425,942.4277676895828,0.0,7.725650314939463,536.288356186622,15.237715753061268,metano,434.58707102367146,2.2,5.5,2.03,0.35,87.6,61.88648620500295,11.86,24,45.9,67.1,0,0.09,Medio,Avanzar con precaución
Zona de escombros,20.74047816874556,21.27416555554668,949.6416570034594,0.0,42.0821825174371,1714.4593773822846,107.95492296100757,amoniaco,193.47635204387993,0.3,6.7,2.96,1.03,52.2,60.061446716535144,11.58,4,47.4,62.5,0,0.27,Medio,Avanzar con precaución
Habitación bloqueada,23.35044103301792,35.66256500709972,948.0331836987776,0.0,26.94979220327892,1275.383402936145,103.30720419526827,monoxido_carbono,174.91951275336586,0.85,21.9,3.19,0.91,22.4,54.62456342318941,11.6,24,40.1,47.3,1,0.78,Alto,Enviar alerta y cambiar ruta
Sector norte,23.285522529506974,35.96306052117146,943.2063092149554,0.0,33.6765542581755,1707.2196312830824,120.56183249496982,metano,499.1219569316333,0.64,34.7,4.15,1.01,55.7,60.061446716535144,12.05,24,44.4,41.7,0,0.05,Alto,Cambiar ruta o detenerse
Túnel estrecho,24.761843608593463,21.39085583436724,951.0743963924588,0.0,75.13800939818447,842.13220835947,150.84619676905385,gas_desconocido,241.2360114950327,0.44,31.2,3.73,0.58,34.5,60.061446716535144,11.75,24,44.4,36.3,0,0.02,Alto,Cambiar ruta o detenerse
Sector sur,20.079515429153066,38.491903139649374,900.0,0.0,15.482311577085206,1111.3566522023118,132.02428975921913,metano,402.610604856753,1.36,20.8,2.93,1.18,31.4,27.280213517806256,10.93,4,21.2,29.4,0,0.36,Alto,Cambiar ruta o detenerse
Punto crítico,22.17209227931664,34.023902648991374,900.0,0.0,65.46540538728752,1579.5309176656817,143.2994786902473,metano,402.49402802996127,1.38,18.8,3.41,0.28,51.4,60.061446716535144,11.8,44,41.4,37.8,0,0.25,Alto,Cambiar ruta o detenerse
Pasillo A,26.166737267178107,32.386883976518604,952.2931790471376,0.0,39.605255453944935,1645.5368344819274,55.54292700058377,monoxido_carbono,463.1846685495897,0.57,34.9,3.78,0.9,27.9,60.061446716535144,11.68,24,44.4,46.3,0,0.15,Alto,Cambiar ruta o detenerse
Sector sur,25.903300006619705,25.63833468242581,942.7750943753366,0.0,35.24739414775287,1181.8610963259569,72.81204124956881,humo,42.44752722515182,1.78,19.2,0.84,0.49,96.6,60.061446716535144,11.78,24,44.4,73.0,0,0.32,Medio,Avanzar con precaución
Escalera colapsada,21.43160569414601,36.41733237846823,949.5335203108152,0.0,23.603725494016995,988.1117317947685,114.68597045809031,monoxido_carbono,135.61013821342115,1.83,14.7,1.16,0.84,23.8,60.061446716535144,11.58,4,47.4,48.7,0,0.25,Alto,Cambiar ruta o detenerse
Sector norte,24.698616642679347,37.95046790957848,952.169927755041,0.0,54.02874480291473,974.7713219260513,101.85575758686366,monoxido_carbono,383.874045773217,0.05,31.8,3.51,0.55,52.1,60.061446716535144,11.88,24,44.4,53.9,0,0.25,Medio,Avanzar con precaución
Sector norte,21.31310098320052,46.98582775354282,948.8118189572748,0.0,76.7230469543913,766.8686379838866,173.19317811984388,metano,281.30074619928246,0.99,8.2,4.28,1.21,33.0,48.09290269362929,11.53,24,34.9,29.5,0,0.2,Alto,Cambiar ruta o detenerse
Entrada,21.34693097613196,36.451297164744936,948.363577240112,12.78035,7.866437547583809,1083.3504208921331,37.69603748852339,metano,279.80747117726696,2.23,3.4,2.16,1.35,75.1,60.061446716535144,11.61,24,44.4,63.0,0,0.01,Medio,Avanzar con precaución
Punto crítico,23.805813985079467,38.31582293425816,900.0,0.0,24.82271443437155,818.824707727762,66.47371517894979,sin_gas,83.1076509351204,1.3,22.2,4.9,1.14,26.3,56.31489363371122,11.74,24,41.5,69.4,0,0.11,Medio,Avanzar con precaución
Sector norte,16.057035817090814,44.03030040108551,952.2411901715066,0.5333,42.00517787111291,1731.0123530828841,105.23216582484959,monoxido_carbono,140.57650705696489,0.87,3.4,1.24,0.35,63.7,60.061446716535144,12.05,24,44.4,52.9,1,0.94,Medio,Enviar alerta y avanzar con precaución
Punto crítico,23.256720668835133,36.20396415152008,945.925321385658,0.0,28.87167893345061,1595.0406963083883,156.89365973882659,sin_gas,260.6670428583672,0.63,13.1,2.2,0.48,81.8,60.061446716535144,11.64,4,47.4,29.3,0,0.27,Medio,Avanzar con precaución
Túnel estrecho,23.040935507329124,19.598377961474167,946.1111018481772,0.47405,17.210751735170614,1203.436529708932,167.63599182092355,sin_gas,138.5906823373106,0.61,14.8,2.02,1.39,96.0,50.57950807964134,11.68,4,39.9,36.5,0,0.11,Medio,Avanzar con precaución
Habitación bloqueada,20.8286526906443,34.54156684386227,900.0,0.0,29.16513660783012,1084.2430418685285,63.806357894829745,humo,105.14139634935754,0.25,19.2,4.67,0.71,75.9,60.061446716535144,11.82,24,44.4,59.6,1,0.9,Bajo,Enviar alerta y continuar exploración
Habitación bloqueada,23.79392741616108,36.861325311324585,942.604850827695,1.7152,26.32282544222796,898.9898204087493,16.743980767111537,sin_gas,43.87802788499806,2.04,34.7,1.57,1.42,28.0,60.061446716535144,11.82,24,44.4,84.6,0,0.15,Medio,Avanzar con precaución
Pasillo B,20.4171666557045,25.516401491259675,938.1510622840387,0.0,47.266363490484224,1524.4624488146164,78.78344713638239,sin_gas,77.86300596167278,0.22,7.7,2.46,0.65,27.1,60.061446716535144,11.9,4,47.4,65.8,0,0.07,Medio,Avanzar con precaución
Túnel estrecho,21.59326038079535,33.97297750099752,900.0,3.25915,29.735222930391323,2329.6958051259453,74.01022506586374,sin_gas,384.43388124598647,0.73,13.2,1.1,1.43,78.5,60.061446716535144,11.72,4,47.4,57.0,0,0.38,Medio,Avanzar con precaución
Túnel estrecho,19.51898895918809,36.20536227142816,953.5528366415252,0.0,27.80719615606835,1839.976407916768,177.63523688769567,sin_gas,359.38959029235775,0.11,4.6,2.7,1.4,37.2,54.84896794447286,11.67,24,40.3,17.9,0,0.37,Alto,Cambiar ruta o detenerse
Punto crítico,22.66331235500389,28.840203778179514,950.2094776328872,0.0,29.56518734680125,1963.2708994746915,80.43571775088814,metano,22.9168421743558,1.95,21.3,4.32,1.02,55.8,76.0334065315726,12.11,24,57.2,77.6,0,0.04,Medio,Avanzar con precaución
Zona de escombros,24.313409170340886,40.0977289292168,950.1062205942231,0.0,29.992298335287146,2152.1935136784564,58.501524878065155,sin_gas,101.64204267205551,0.1,25.5,1.66,0.11,98.1,60.061446716535144,11.63,4,47.4,73.1,0,0.33,Medio,Avanzar con precaución
Sector sur,23.253484185807245,30.64929485564788,900.0,0.0,21.39311818561598,1138.4334440094824,68.94104054361345,sin_gas,280.22767336635815,0.77,16.9,4.09,0.66,85.6,60.061446716535144,11.83,4,47.4,62.8,1,0.77,Medio,Enviar alerta y avanzar con precaución
Túnel estrecho,21.7076324057852,26.441825698896,945.6995863560828,0.0,9.230886572382644,532.039142440424,74.46209910916743,sin_gas,161.31392211838659,1.43,8.6,4.57,1.38,87.7,60.061446716535144,11.71,4,47.4,65.6,0,0.31,Medio,Avanzar con precaución
Sector sur,24.275270224917698,19.81529899482868,938.5159401375809,0.0,27.528557202253072,1707.373486975453,148.7695668844078,sin_gas,411.62480133976527,1.02,21.7,0.55,1.34,88.9,55.701339611304924,11.94,24,41.0,23.9,0,0.07,Alto,Cambiar ruta o detenerse
Pasillo B,24.118749301164936,36.45483449707208,938.4348310854904,0.0,46.57519076504709,796.2118115788685,19.17760624547123,sin_gas,392.49465383107344,0.71,18.9,3.83,0.36,69.6,60.061446716535144,11.69,24,44.4,68.2,0,0.06,Medio,Avanzar con precaución
Sector sur,22.52907977522248,37.68789602220074,900.0,0.0,34.540858371767264,1594.9916649908992,60.38873355312967,metano,445.7902789790548,0.69,6.0,1.43,0.66,79.5,60.061446716535144,11.56,24,44.4,44.3,0,0.36,Medio,Avanzar con precaución
Pasillo A,16.480896091417847,37.82678173921406,948.3927619366656,0.0,74.64840887912031,1952.971489629836,174.10573608374244,sin_gas,281.46561575255794,1.99,14.2,1.04,1.27,48.7,60.061446716535144,11.93,4,47.4,33.9,0,0.36,Alto,Cambiar ruta o detenerse
Pasillo A,20.41538134734934,36.09131501484174,946.1028435089444,2.548,16.430344018460527,2045.6404345104568,31.79293833978999,sin_gas,176.03823990454924,2.43,15.2,3.09,0.91,99.9,34.40479960066324,11.11,24,23.9,66.2,0,0.19,Alto,Cambiar ruta o detenerse
Zona de escombros,21.1824524998344,36.46254613603279,942.9148378869668,1.7152,20.918413386873524,1033.8621525197825,134.95523126820325,humo,303.0323480924589,0.87,34.4,3.59,1.29,42.4,55.07839033001571,11.47,24,40.5,40.7,0,0.35,Alto,Cambiar ruta o detenerse
Habitación bloqueada,23.86071835990819,26.59532687946085,900.0,0.0,3.3994270623412324,1476.109788395562,67.36886270970082,humo,44.5683398727289,0.1,29.7,2.09,1.26,67.2,60.061446716535144,11.82,4,47.4,74.7,0,0.27,Medio,Avanzar con precaución
Zona de escombros,21.64949164008484,42.25776514960007,949.5597942014184,0.0,20.73320180340698,1704.026702182104,106.81246708404194,sin_gas,4.793008870733805,0.09,25.7,0.39,1.37,42.6,60.061446716535144,11.96,4,47.4,64.1,0,0.08,Medio,Avanzar con precaución
Sector norte,24.41454380472888,16.731983639552283,946.8503013471382,0.0,64.08793609724741,2120.9095155713057,22.42090673905436,sin_gas,8.546760060177682,1.9,31.1,4.56,0.26,29.0,60.061446716535144,11.87,24,44.4,85.5,0,0.14,Alto,Cambiar ruta o detenerse
Escalera colapsada,22.861460140592666,26.339143293630865,900.0,0.0,16.66992427231147,1998.9161967203895,58.62204178694064,monoxido_carbono,203.77146896710806,1.38,25.7,3.71,0.3,65.4,48.24773114804563,11.43,22,35.3,70.0,0,0.06,Medio,Avanzar con precaución
Habitación bloqueada,23.794321143508604,37.996525681242886,948.9429135201384,0.0,42.985547469478576,2474.7481740524777,92.65136479065544,monoxido_carbono,114.03879705153163,1.96,31.6,1.5,0.22,48.3,60.061446716535144,11.78,4,47.4,65.3,0,0.31,Alto,Cambiar ruta o detenerse
Túnel estrecho,23.657037626532755,35.71700147900731,944.1059982412844,0.0,53.00116014416753,416.9778207130229,45.54761518077522,gas_desconocido,78.66885290002385,1.74,1.9,2.58,1.41,66.7,60.061446716535144,11.72,24,44.4,81.0,0,0.39,Bajo,Avanzar
Zona de escombros,20.63466307874798,27.203635097344208,952.1764125376056,2.87705,25.38235070107209,1318.7278258125793,99.82724003430162,metano,307.66300780908523,2.27,16.0,0.33,0.77,64.7,55.560180235630625,11.92,24,40.8,52.9,0,0.22,Alto,Cambiar ruta o detenerse
Entrada,20.514425276163884,36.5685031364692,943.5406420634316,0.0,5.261073984105116,937.6934213898685,43.457879960975355,monoxido_carbono,497.54752130659057,2.21,26.1,1.83,0.19,63.4,60.061446716535144,11.7,24,44.4,51.8,0,0.27,Alto,Cambiar ruta o detenerse
Escalera colapsada,21.764697224513093,42.64923409756084,942.8031859446844,0.0,61.72443029333739,651.7761130042342,118.76759671384693,humo,88.87660180776818,1.97,20.4,2.71,0.55,29.9,60.061446716535144,11.78,24,44.4,58.1,0,0.3,Alto,Cambiar ruta o detenerse
Escalera colapsada,17.062628019938032,48.28762766045213,900.0,0.47405,27.608042738212774,2314.1821891510876,163.262009543805,metano,273.2107121069694,1.19,6.1,2.68,0.59,55.2,60.061446716535144,11.79,24,44.4,31.3,1,0.67,Alto,Enviar alerta y cambiar ruta
Punto crítico,22.63239977841252,40.93065777858715,900.0,0.0,56.776879943075365,2495.720338800941,19.960511536524997,sin_gas,59.863756999946894,0.77,11.9,1.2,1.23,85.0,60.061446716535144,11.59,24,44.4,72.3,0,0.14,Bajo,Avanzar
Pasillo B,20.06017021431653,48.91021815417187,937.5164622336308,0.0,41.5760802842935,779.2520365999196,42.90780626081511,metano,467.1182205360695,1.27,11.1,3.93,1.13,45.2,60.061446716535144,11.73,24,44.4,58.4,1,0.78,Medio,Enviar alerta y avanzar con precaución
Escalera colapsada,19.978941223913303,48.8902867819574,947.995341863028,0.0,40.55576957141349,480.71012488286357,152.77402977055775,sin_gas,145.87758428529253,1.26,9.1,1.63,1.07,55.5,60.061446716535144,11.73,4,47.4,45.3,0,0.24,Medio,Avanzar con precaución
Túnel estrecho,22.78201149038318,35.62799513225131,941.610983613086,0.0,28.89183290677929,977.6143401290508,115.52185995234257,sin_gas,439.1699100216892,1.53,12.0,2.99,0.13,59.5,60.061446716535144,11.97,43,41.6,45.9,0,0.34,Alto,Cambiar ruta o detenerse
Entrada,22.50651465457573,25.324622880007684,946.0472503751628,1.3629,39.78050812010692,2153.210027939431,18.774060499948916,amoniaco,141.53821962518842,0.47,18.0,1.5,1.37,89.0,60.061446716535144,11.79,22,44.7,80.4,0,0.11,Medio,Avanzar con precaución
Pasillo A,19.626118334674427,36.77489565707041,900.0,0.0,17.28128791105139,1017.1691747185652,90.11127014416168,sin_gas,403.0262400933597,1.64,29.9,2.24,0.4,72.4,75.78964609116831,12.03,24,57.0,42.8,1,0.78,Alto,Enviar alerta y cambiar ruta
Zona de escombros,20.829067246073137,23.688387970771466,900.0,0.0,18.56883863209634,519.4931090450052,41.70774012698363,sin_gas,104.69066672288635,1.14,26.0,1.2,0.98,28.0,60.061446716535144,11.74,43,41.6,80.0,0,0.3,Medio,Avanzar con precaución
Túnel estrecho,21.36303137183377,34.43937475348168,938.2918654443448,0.0,28.88763686956352,510.2335863013628,39.841868962262204,humo,146.3947150767222,1.55,29.2,3.24,0.19,89.2,15.0,10.8,24,8.4,79.1,0,0.04,Alto,Cambiar ruta o detenerse
Zona de escombros,23.53591894654521,43.669328352615466,943.6188846246904,0.0,59.08063684465421,1297.5878849758165,169.61293508809166,metano,96.23768270181698,0.6,30.9,2.24,0.21,86.6,60.061446716535144,11.76,24,44.4,45.3,0,0.21,Medio,Avanzar con precaución
Entrada,18.60102274211418,36.42790924833552,946.3375669178774,0.0,29.702000022980474,2356.834018429401,138.26977091331906,sin_gas,132.12993892482783,1.09,14.6,0.28,0.11,80.3,60.061446716535144,11.9,4,47.4,42.5,0,0.07,Alto,Cambiar ruta o detenerse
Zona de escombros,18.85778709148228,32.81850736780613,947.0671511969108,0.0,73.99602040975302,1000.4329274432271,126.84035386672515,sin_gas,417.43287766665765,0.53,12.1,0.34,0.89,57.3,73.59186164404711,12.19,24,55.3,34.9,0,0.22,Alto,Cambiar ruta o detenerse
Sector sur,22.87877596863072,27.20839759080557,945.7634817584548,0.0,27.40055228809722,1297.0311294721919,46.81254298862526,sin_gas,319.5162487733487,2.19,2.0,2.46,0.98,80.6,60.061446716535144,11.61,24,44.4,53.2,0,0.31,Medio,Avanzar con precaución
Entrada,19.3582264483944,38.81892131116412,946.5738190661684,0.47405,75.2766845499723,614.060991303478,25.750350782166333,sin_gas,202.939834418612,1.22,32.6,1.08,0.17,58.3,60.061446716535144,11.92,4,47.4,65.3,0,0.1,Medio,Avanzar con precaución
Entrada,20.940199610640704,24.062537050108823,900.0,0.0,35.844602410365766,1436.5028658648603,157.39570872493627,humo,485.7605135410781,0.56,2.3,3.01,0.51,78.9,70.28546110549361,12.09,43,49.8,33.3,1,0.79,Medio,Enviar alerta y avanzar con precaución
Pasillo A,23.475607764578623,23.002757451786778,948.6639817383802,3.4304,23.065264495065662,1862.7488349999785,6.028924634928913,sin_gas,232.43076356478687,0.1,25.9,2.16,1.29,90.4,55.12690879706995,11.65,4,43.5,86.0,1,0.96,Medio,Enviar alerta y avanzar con precaución
Sector sur,20.85558253507395,27.09716588706974,900.0,0.0,16.694872754237586,969.4157584721611,72.91687414767843,monoxido_carbono,484.8799856294257,1.69,13.2,3.34,0.24,91.2,64.06361944544172,11.62,43,44.8,49.5,1,0.79,Alto,Enviar alerta y cambiar ruta
Escalera colapsada,21.154108497620264,41.496195231206286,935.6725532366162,0.0,28.41919576208091,1023.093747910238,53.582188018233374,sin_gas,98.2934614554301,0.54,33.2,4.77,0.4,56.4,62.40519102827929,11.84,43,43.5,71.2,1,0.96,Bajo,Enviar alerta y continuar exploración
Escalera colapsada,21.40783325822693,35.11014179931091,943.2709447037583,0.0,22.010845644838824,2168.1475533531693,104.81583506104414,humo,452.31921355747465,2.47,14.7,2.74,0.69,88.7,60.061446716535144,11.71,24,44.4,40.9,0,0.35,Alto,Cambiar ruta o detenerse
Sector sur,20.49522466627435,26.50521529342934,950.4410957365112,0.0,26.745064389064805,421.7638169290719,48.83897628002107,monoxido_carbono,6.911102048747342,1.33,28.6,3.98,1.28,28.1,73.6451200893109,12.13,43,52.5,84.8,1,0.73,Medio,Enviar alerta y avanzar con precaución
Túnel estrecho,22.828369714148582,25.68015166011336,947.3697015756892,0.0,21.65218803595217,1736.5884879552038,59.46093788245389,humo,272.6516011828787,0.72,9.9,3.81,0.46,28.1,60.061446716535144,11.86,4,47.4,69.0,0,0.14,Medio,Avanzar con precaución
Entrada,21.927905314298098,32.13633527965039,937.3038511460512,0.0,37.23394468769322,1227.1577333773957,153.75697462380887,metano,211.5261971460074,1.64,10.5,4.62,1.5,63.9,60.061446716535144,11.96,24,44.4,50.0,1,0.9,Alto,Enviar alerta y cambiar ruta
Pasillo A,25.613443706218906,36.2365929782183,940.033070502915,0.0,21.815055180937545,1026.599078479085,110.55804409579078,humo,262.54392273598967,0.69,20.8,1.23,0.6,72.1,64.46640916942133,11.69,24,48.0,42.2,0,0.15,Medio,Avanzar con precaución
Habitación bloqueada,22.97615322109341,41.120536290995965,944.9739940513864,0.0,43.06816809131088,1780.947047712142,30.494442282639465,humo,276.7224159738495,2.05,34.9,4.17,0.64,32.2,60.061446716535144,12.08,4,47.4,59.6,0,0.04,Alto,Cambiar ruta o detenerse
Habitación bloqueada,23.105422664719413,34.92539704882607,900.0,9.8957,42.293372938404815,2152.803895758381,132.13252011177053,amoniaco,194.51567703385547,0.77,18.1,4.55,0.27,57.8,76.05819492487412,12.23,24,57.2,54.9,0,0.14,Medio,Avanzar con precaución
Sector sur,24.30204460251329,44.233614057820574,900.0,0.0,11.222807336954029,1572.6234442902148,41.305360258978716,sin_gas,499.09892344304757,2.47,32.8,2.09,1.05,27.5,60.061446716535144,11.87,4,47.4,60.5,0,0.33,Alto,Cambiar ruta o detenerse
Sector sur,23.96542641423074,32.43527135186736,900.0,0.9481,21.608052250605496,465.2987060804176,80.77586276968401,sin_gas,488.2535951503129,1.51,27.5,1.71,0.44,68.2,59.84260739736095,12.04,24,44.3,53.6,1,0.77,Alto,Enviar alerta y cambiar ruta
Habitación bloqueada,22.03706867495384,21.61904778085471,944.1555780467246,0.88885,24.252872809990663,1368.9425007337097,118.15626644687633,sin_gas,480.8726883522976,2.11,27.9,4.77,0.98,88.4,74.00195097501278,12.1,24,55.6,28.9,0,0.03,Alto,Cambiar ruta o detenerse
Pasillo A,23.90407834841256,21.46444115968285,955.467846195965,4.7405,18.345439855757785,1371.7958758773434,52.587669055060275,sin_gas,489.54252368829395,0.18,15.3,3.21,0.41,79.0,60.061446716535144,11.92,24,44.4,43.2,0,0.23,Medio,Avanzar con precaución
Pasillo A,19.63007718835724,39.61006486105854,900.0,1.54065,58.95697058293811,1541.9768390896766,72.21869256826363,amoniaco,396.5061993846993,0.87,13.5,2.03,0.64,50.3,60.061446716535144,11.79,24,44.4,56.9,0,0.05,Alto,Cambiar ruta o detenerse
Entrada,18.34177243776168,16.65590892824339,946.0664767968756,0.0,31.698878165342737,1809.0136921914598,133.4761795282264,monoxido_carbono,494.29523951316594,1.84,6.7,4.0,1.3,99.5,60.061446716535144,11.89,24,44.4,35.8,0,0.28,Alto,Cambiar ruta o detenerse
Sector sur,20.735849384988217,27.17085759629717,951.814719913066,3.67395,36.55460601797556,440.56864742211496,169.1344168492601,monoxido_carbono,446.18011263757097,1.64,33.7,1.66,1.13,73.0,72.13381797713556,12.19,4,57.1,28.2,0,0.01,Alto,Cambiar ruta o detenerse
Sector sur,22.86126720917742,17.823647213569906,900.0,1.3629,17.62213339534736,1454.226511239476,97.61788496790777,sin_gas,207.96631851621055,0.49,33.6,1.05,0.32,85.2,66.84611932767923,12.06,4,52.9,55.1,0,0.02,Medio,Avanzar con precaución
Sector sur,22.833681315494083,23.63599054391044,900.0,0.0,43.74549034565566,1635.4463156992406,6.74492002240898,sin_gas,392.38855419170386,0.89,26.1,2.81,0.95,73.6,60.061446716535144,11.53,24,44.4,65.0,0,0.31,Alto,Cambiar ruta o detenerse
Pasillo A,23.470677503737587,32.78068948990264,900.0,0.0,46.00672293535589,1121.0421114737092,64.23115646732033,sin_gas,456.0339225628129,0.66,10.4,2.92,0.98,99.2,60.061446716535144,11.7,24,44.4,51.1,0,0.04,Medio,Avanzar con precaución
Zona de escombros,20.18841883783999,26.004486834932298,944.4574228944986,0.9481,15.443631067265118,1803.5669758399094,74.76100859796853,metano,356.30303679354626,1.53,8.6,4.16,0.23,85.7,56.04384378739015,11.85,24,41.2,44.5,1,0.64,Alto,Enviar alerta y cambiar ruta
Pasillo B,24.463004793569304,38.93644239089081,945.4360446919447,0.0,27.11520864733916,879.1732059712593,64.3553835003927,amoniaco,211.39117028280197,0.86,34.6,2.39,0.75,61.6,49.854335424899936,11.62,4,39.3,71.3,0,0.38,Medio,Avanzar con precaución
Entrada,22.925562910035094,34.85854759319534,900.0,1.0666,75.48935915061463,1066.4818994416482,81.34705069522347,sin_gas,32.89512100821263,0.77,2.3,4.11,0.46,49.4,60.061446716535144,11.75,24,44.4,62.0,0,0.39,Bajo,Avanzar
Entrada,25.550674692279703,47.05465348863518,945.8569023735804,0.0,36.39409498480413,2421.7862295910845,115.71659441821994,monoxido_carbono,404.8484685302938,0.52,29.5,1.69,0.75,74.6,68.77723911991235,12.02,24,51.4,44.1,1,0.75,Alto,Enviar alerta y cambiar ruta
Túnel estrecho,21.26428441261479,38.00795629628677,959.0226485730686,0.88885,18.989687125881385,1130.947778808394,26.197404724606802,metano,476.37143656323514,1.02,12.4,2.96,1.19,67.2,15.0,10.65,24,8.4,62.1,1,0.64,Medio,Enviar alerta y avanzar con precaución
Pasillo B,21.161880239534728,35.99999451823654,900.0,0.0,31.569950092762305,1127.6518634680647,52.71033905181346,humo,181.2316301149632,0.49,14.7,1.2,0.32,70.3,54.027658895907,11.75,4,42.6,63.6,1,0.65,Bajo,Enviar alerta y continuar exploración
Habitación bloqueada,22.50680473567171,29.823554931912163,900.0,0.0,21.9452400565743,1650.929335228542,93.8384150530843,sin_gas,75.95302549446981,2.41,29.1,2.05,0.27,47.4,56.82081422674751,11.75,24,41.9,54.2,0,0.19,Alto,Cambiar ruta o detenerse
Punto crítico,23.312002359448567,35.10683142310498,941.1820011259972,0.0,39.55542247602994,2439.0481927061264,60.22532893149564,metano,163.25191973527785,0.39,3.2,4.32,0.48,54.3,54.775668407307805,11.66,43,37.4,62.5,0,0.37,Medio,Avanzar con precaución
Zona de escombros,23.687637791855995,35.86160566690931,943.8812348001424,16.94855,26.31001635313492,2464.468936501301,178.4399341736879,sin_gas,291.31117908912313,2.28,12.4,1.24,1.43,64.6,60.061446716535144,11.73,24,44.4,25.3,0,0.3,Alto,Cambiar ruta o detenerse
Pasillo A,22.99649106288468,21.84891255442354,948.958518312638,1.8962,34.747295719884015,1617.2817237202637,80.50050673156045,sin_gas,158.4645016411181,1.07,33.3,4.09,1.15,87.1,60.061446716535144,11.8,24,44.4,56.9,0,0.31,Alto,Cambiar ruta o detenerse
Pasillo A,24.21720878498422,37.339846553339456,947.8963948027348,0.0,12.525912817102594,402.28274159035834,157.21485187863786,monoxido_carbono,305.30936509817695,0.94,24.5,1.56,0.13,81.0,60.061446716535144,11.72,24,44.4,39.0,0,0.12,Alto,Cambiar ruta o detenerse
Escalera colapsada,20.33665007077269,37.81606688632623,948.221957692955,6.34045,69.0603057502029,2291.3787566136393,161.88922123242628,amoniaco,483.4261161223153,0.58,26.4,0.37,0.66,29.5,60.061446716535144,11.71,24,44.4,20.2,0,0.18,Alto,Cambiar ruta o detenerse
Pasillo A,21.41423352899909,38.43173387089408,947.1432136355548,0.0,36.05836276507497,1597.499725611801,151.30122495141123,sin_gas,335.3672466538413,1.59,26.5,0.73,0.46,39.6,61.64500044152098,12.06,4,48.7,29.7,0,0.2,Alto,Cambiar ruta o detenerse
Sector norte,23.00154571383313,38.82376311360473,900.0,0.0,19.98642753862783,1168.5924574088654,13.207192165404367,sin_gas,181.32968314281084,1.71,2.1,3.78,0.99,22.1,60.061446716535144,11.52,4,47.4,77.0,1,0.7,Medio,Enviar alerta y avanzar con precaución
Punto crítico,23.702007306817976,23.26708233777007,900.0,4.96115,30.274762918295284,2141.3097961334706,170.8556780323365,monoxido_carbono,467.87648573576746,1.17,7.1,1.46,0.74,20.6,60.061446716535144,11.53,44,41.4,23.2,1,0.85,Alto,Enviar alerta y cambiar ruta
Zona de escombros,17.55014584581138,22.78360678735442,943.354279689616,0.0,20.71892316753188,1239.6481646354305,27.52994837330596,metano,282.81763435057195,0.14,17.2,3.34,1.45,38.0,60.061446716535144,11.88,24,44.4,63.8,0,0.06,Medio,Avanzar con precaución
Pasillo A,24.361511045632643,21.76975878225746,936.2847065279432,0.0,64.77156918286576,471.4934630205558,11.020634850001539,metano,64.18619926628332,2.3,12.9,3.56,0.41,83.9,60.061446716535144,11.58,24,44.4,77.7,0,0.08,Bajo,Avanzar
Túnel estrecho,21.399047469326256,34.911762029531616,900.0,0.0,31.94492711216363,2124.2516684197394,77.51468138364757,humo,249.49050259688076,2.45,14.4,1.86,0.92,92.4,60.061446716535144,11.46,4,47.4,61.4,1,0.76,Alto,Enviar alerta y cambiar ruta
Entrada,22.72121739050321,22.0922302928542,900.0,0.0,36.07150507598126,1546.3047421415008,39.06095573262481,metano,326.81822245502497,1.08,27.4,2.48,1.08,51.3,60.061446716535144,11.91,43,41.6,57.9,0,0.1,Alto,Cambiar ruta o detenerse
Pasillo A,24.535663514372693,24.188284977279604,947.9655828628491,0.0,39.23743196111533,1110.101430270812,37.23439269106633,monoxido_carbono,419.12718290836926,1.53,0.5,2.14,1.26,65.1,60.061446716535144,11.95,24,44.4,53.5,0,0.11,Medio,Avanzar con precaución
Zona de escombros,18.85946700403329,23.14285792631809,944.6877197385252,2.548,23.66469979130336,926.8739903430875,55.36843234082635,monoxido_carbono,468.23839335382365,1.13,23.1,4.75,0.67,76.5,60.061446716535144,11.57,24,44.4,58.1,1,0.71,Medio,Enviar alerta y avanzar con precaución
Sector norte,24.38411265206601,33.66268777530589,946.654825839662,2.6926,17.560822497230294,1646.9746647723937,48.4709809181996,humo,158.7080668581926,0.8,0.0,1.74,1.06,96.2,60.061446716535144,11.49,24,44.4,65.6,0,0.21,Bajo,Avanzar
Entrada,23.47472066881266,42.43617693584533,900.0,0.0,37.81020136990759,836.9040512727103,124.83919537627679,monoxido_carbono,77.7561820395184,0.19,2.2,1.08,0.52,93.0,72.18245617800027,11.83,24,54.1,61.2,0,0.13,Bajo,Avanzar
Escalera colapsada,19.61687474314235,35.69680284777867,900.0,0.0,23.530577176413168,1080.0868617697067,37.686028661312264,sin_gas,36.91432109694121,1.14,14.3,1.95,0.71,24.6,64.34489066638874,11.75,4,50.9,86.9,0,0.36,Medio,Avanzar con precaución
Habitación bloqueada,22.578415616970567,24.293610724027385,950.0944747649175,2.25175,26.89228095414228,1736.7136497693655,100.04570340952024,sin_gas,369.1773013541414,2.05,29.4,3.41,1.35,39.9,60.061446716535144,12.05,44,41.4,45.0,0,0.23,Alto,Cambiar ruta o detenerse
Sector norte,21.28399723848531,32.72691337731153,900.0,2.42955,21.77860643870708,2251.2433458524574,177.6246455751177,gas_desconocido,397.57912635771595,0.04,5.1,3.55,1.43,23.9,67.74136200679796,11.86,24,50.6,17.5,0,0.32,Alto,Cambiar ruta o detenerse
Pasillo A,23.12459793118392,22.80133016800203,900.0,0.0,21.234275670343884,1519.0696896223574,80.66692366735056,sin_gas,204.68656346408343,1.46,19.4,4.64,1.11,69.3,60.061446716535144,11.89,24,44.4,68.9,0,0.37,Medio,Avanzar con precaución
Túnel estrecho,22.95361576840633,39.654739914730335,926.5950354417612,4.5628,28.59316644152763,1994.1234364280942,117.32779403920138,monoxido_carbono,197.9627035868145,2.2,23.7,4.43,0.62,76.8,60.061446716535144,11.87,4,47.4,44.2,1,0.86,Alto,Enviar alerta y cambiar ruta
Entrada,21.80254254707821,31.289765057593847,900.0,0.0,57.84556964231682,2002.427267902388,174.6400436027279,humo,477.11851582731595,0.54,8.0,1.58,1.25,44.7,60.061446716535144,11.96,24,44.4,22.4,0,0.18,Alto,Cambiar ruta o detenerse
Entrada,26.23667770334813,37.79059379763251,947.0812454749172,0.0,32.127236204423724,1795.1433005847123,29.086824657238743,monoxido_carbono,458.3406625401637,0.46,17.9,2.38,0.14,88.3,61.49556660425859,11.7,24,45.6,52.6,1,0.75,Medio,Enviar alerta y avanzar con precaución
Punto crítico,24.04485332796351,35.8896306666335,949.3662342238172,0.0,21.83546713206663,916.260509129087,78.25622662628365,metano,116.6329509585216,1.93,31.9,3.79,0.24,56.2,42.50998523958058,11.39,24,30.4,57.7,0,0.15,Alto,Cambiar ruta o detenerse
Sector norte,22.796066149819108,32.874984412569944,900.0,0.0,56.73732474263675,2220.256056115508,153.78367003416946,sin_gas,390.40382387490365,0.64,17.9,4.6,1.03,99.9,60.061446716535144,11.73,24,44.4,24.5,1,0.61,Alto,Enviar alerta y cambiar ruta
Túnel estrecho,22.36404224500266,29.650278104402386,900.0,0.0,27.66779871759232,1316.1788768430897,168.15349448035397,metano,311.35019811647004,0.48,5.5,1.82,0.51,20.0,60.061446716535144,11.84,24,44.4,27.0,0,0.33,Alto,Cambiar ruta o detenerse
Sector sur,25.893398731166123,44.55942581975591,942.192000575896,0.0,43.30730805302591,492.8425622649712,110.2163101428084,sin_gas,77.11136955981995,0.94,22.0,2.33,1.43,28.8,51.36287298668331,11.76,44,34.5,51.7,0,0.05,Medio,Avanzar con precaución
Sector norte,23.40543692646424,17.693347920776603,954.865908907734,0.0,71.55378647212974,913.6866071460028,30.09860544453909,gas_desconocido,178.3855235432802,0.98,20.7,4.52,0.71,44.1,60.061446716535144,12.09,24,44.4,80.0,0,0.4,Medio,Avanzar con precaución
Sector sur,21.14386836385655,23.54967537547109,900.0,0.0,55.19559813779922,2007.651543608563,162.75752719083962,amoniaco,88.73647065374124,2.19,0.9,1.92,0.7,22.0,60.061446716535144,11.7,24,44.4,48.8,0,0.31,Alto,Cambiar ruta o detenerse
Sector sur,20.82489543110137,23.45314387866536,900.0,0.0,31.56672327586235,545.1800052167277,35.528149083414945,amoniaco,147.5780194109193,1.55,3.2,2.51,1.05,82.6,60.061446716535144,11.78,24,44.4,78.9,0,0.24,Bajo,Avanzar
Túnel estrecho,22.433592258673684,20.270368596759702,942.5638323789824,0.0,20.80358234903727,709.4652445253134,66.75362345812076,metano,307.6505878866758,1.01,5.5,4.54,1.17,24.2,60.061446716535144,11.89,24,44.4,53.1,1,0.79,Medio,Enviar alerta y avanzar con precaución
Túnel estrecho,23.91713396703558,39.40913684058408,948.910213998869,0.4148,15.955119308000825,1857.8763136875793,70.7138961083958,sin_gas,187.63273552171984,1.34,4.8,4.05,0.77,79.9,70.55644581024326,12.07,24,52.8,69.9,0,0.21,Medio,Avanzar con precaución
Sector norte,21.462511369873585,21.272692769010053,948.0784942063264,0.0,30.17685321845824,2274.461658427835,83.27601947770991,sin_gas,197.0297599179286,2.38,9.1,1.37,0.4,24.2,60.061446716535144,12.02,4,47.4,65.7,1,0.84,Alto,Enviar alerta y cambiar ruta
Escalera colapsada,23.67731991648805,25.781314632145623,942.1479843873966,0.0,70.81997754186447,1730.8372106210372,143.2790177879162,sin_gas,269.8236463085949,0.28,15.9,1.76,1.18,40.2,53.13786165667917,11.6,43,36.1,33.1,0,0.11,Alto,Cambiar ruta o detenerse
Entrada,20.5232706393887,26.47021983520708,950.67308716055,21.6701,19.52084092415453,866.8112130420647,145.3752661679348,metano,43.612069420861374,0.52,13.0,1.89,0.55,87.3,60.061446716535144,11.7,24,44.4,47.4,0,0.33,Bajo,Avanzar
Sector sur,21.65813785664092,24.35154108408394,948.8657552629315,1.8962,38.892195786177176,512.1689028240521,130.93963782366998,metano,369.3986449247074,2.41,31.2,4.58,0.35,96.1,60.061446716535144,11.97,24,44.4,31.3,0,0.16,Alto,Cambiar ruta o detenerse
Zona de escombros,22.208208503228576,34.05542172725966,900.0,11.55515,39.83945502580273,1691.7658233556547,8.872518023776783,metano,200.85476670667,2.39,21.4,4.99,0.98,53.2,68.32923326256824,11.98,24,51.1,85.0,1,0.87,Alto,Enviar alerta y cambiar ruta
Zona de escombros,19.00712643632029,47.71312697486555,951.4764057546324,0.0,23.262208782598822,499.53701365544435,103.84789288800152,metano,240.19854410116008,0.44,30.7,3.92,0.23,97.6,100.0,12.6,24,76.4,54.0,0,0.34,Medio,Avanzar con precaución
Entrada,23.95417063361362,24.009679823032144,939.9942503757536,0.0,39.21746104962691,1686.7163090776896,135.811267279245,gas_desconocido,487.14986442731583,0.36,18.4,2.52,1.46,70.2,60.061446716535144,11.75,4,47.4,36.0,0,0.04,Alto,Cambiar ruta o detenerse
Sector sur,24.218904497877947,21.275571577418194,950.5864008940272,0.0,31.05399022839818,873.7178827382996,82.80941701076999,sin_gas,172.18344415912702,1.05,3.1,0.25,0.99,53.3,54.750836772032855,11.79,24,40.2,70.5,1,0.69,Medio,Enviar alerta y avanzar con precaución
Habitación bloqueada,23.23576452216875,32.52227933757963,948.9064121741052,0.0,19.570146169070515,2299.7777310585425,170.36380793894438,monoxido_carbono,324.1094679869627,0.12,16.2,3.55,1.48,84.2,60.061446716535144,11.63,24,44.4,35.5,0,0.24,Alto,Cambiar ruta o detenerse
Pasillo B,20.10405725043371,37.36995718005164,950.5648348728377,0.59255,36.525391221708695,1397.69460382346,149.1668413290614,sin_gas,196.25215864790536,1.64,28.8,2.07,0.57,43.6,60.061446716535144,11.69,24,44.4,45.3,0,0.18,Alto,Cambiar ruta o detenerse
Entrada,21.392967182755378,34.66940775154962,943.6058980023062,0.0,58.480198734918325,870.2707099503609,116.67713646019538,metano,447.14135934183906,0.19,6.8,3.24,1.46,41.3,49.08502038264982,11.13,24,35.7,46.6,0,0.33,Medio,Avanzar con precaución
Zona de escombros,18.87592439357578,38.78779477746076,949.8019884655134,0.4148,54.82730902055358,2191.6051647730424,15.92440714443984,sin_gas,423.37813349751974,0.15,3.2,3.11,0.3,72.5,46.67968029564889,11.39,24,33.7,63.5,0,0.38,Medio,Avanzar con precaución
Escalera colapsada,20.793408762678528,28.54008075230238,929.0829263748448,0.0,57.59791334431253,933.4743367397675,119.16059332704918,monoxido_carbono,120.81213588119216,1.21,11.5,2.51,0.16,51.2,60.061446716535144,11.9,24,44.4,56.5,0,0.19,Medio,Avanzar con precaución
Sector norte,18.992799168519845,35.17637526328722,948.6411122628904,0.0,16.425814448532087,1043.8580607022386,164.52643021913832,sin_gas,345.8728563054503,2.39,13.6,4.73,0.15,30.9,60.061446716535144,11.77,4,47.4,40.6,1,0.91,Alto,Enviar alerta y cambiar ruta
Pasillo A,22.09157077977041,21.471258716184696,900.0,0.5333,47.97312410955315,2151.983588016457,71.40294270416649,sin_gas,32.585997948603506,1.07,10.7,0.31,0.75,25.4,63.71413859255069,11.7,24,47.4,66.4,1,0.94,Alto,Enviar alerta y cambiar ruta
Zona de escombros,20.64117458056047,32.95564847221066,938.665643806034,0.0,74.145609247579,1048.4632625812515,151.67319198093818,humo,481.59269476494507,0.89,4.7,3.62,0.22,83.0,70.79671968958169,12.2,22,53.3,23.4,0,0.29,Alto,Cambiar ruta o detenerse
Entrada,19.935592305073698,34.7827871349971,944.95181589953,0.0,30.22052062366121,1261.3439153843383,59.803200000881326,sin_gas,174.49505400707878,2.49,8.8,2.17,0.82,74.1,54.12548779762401,11.66,24,39.7,59.6,0,0.27,Medio,Avanzar con precaución
Escalera colapsada,19.083524429329422,21.53072486444965,900.0,0.0,63.835266957182434,1130.0979085936196,104.76807602077798,metano,415.9213862923835,1.33,23.9,3.63,0.56,52.9,60.061446716535144,12.02,4,47.4,43.3,0,0.1,Alto,Cambiar ruta o detenerse
Habitación bloqueada,22.92207095598623,44.875119720339086,900.0,0.0,67.68711668978288,644.4406674437893,118.4742732148869,metano,159.21568303865496,0.94,13.5,3.44,0.57,91.7,60.061446716535144,11.89,24,44.4,43.0,0,0.03,Medio,Avanzar con precaución
Zona de escombros,25.38449117254848,39.26055625026399,900.0,2.54805,40.26349016975114,481.6812057183349,123.64913157280661,metano,316.385370598436,0.96,22.1,0.25,0.99,52.9,65.36032839263697,11.9,24,48.7,35.0,0,0.38,Alto,Cambiar ruta o detenerse
Zona de escombros,24.032932225231782,20.138090334719028,900.0,0.0,43.74095523448016,1921.5354155280609,159.44613003126094,amoniaco,491.7953959921659,0.49,18.8,1.57,0.33,76.8,60.061446716535144,12.04,24,44.4,24.5,0,0.11,Alto,Cambiar ruta o detenerse
Zona de escombros,23.92275268233729,33.23586207350351,944.4763844234752,0.0,72.91215538099279,1754.7879602650135,46.05889672609936,monoxido_carbono,438.37493156581513,1.28,19.2,1.11,1.17,92.7,52.19683391765963,11.54,22,38.5,57.7,0,0.26,Alto,Cambiar ruta o detenerse
Sector norte,22.21180559939883,42.11021214507527,900.0,3.25915,24.421448588155435,992.9687418593201,50.914677425570574,sin_gas,80.1829549524537,1.1,8.7,1.0,0.91,87.3,71.74095505273976,11.84,24,53.8,83.2,0,0.33,Medio,Avanzar con precaución
Punto crítico,20.59488500625147,26.12237947722968,943.870521449704,1.7152,10.628303145068417,1020.7581624682449,128.20717382937892,sin_gas,273.7442165747356,0.68,18.3,3.7,1.38,60.9,60.061446716535144,12.0,24,44.4,40.0,0,0.13,Medio,Avanzar con precaución
Pasillo B,20.443565896905007,35.135346851418305,900.0,0.0,22.481084037027184,2384.5121443182306,36.00891718470667,amoniaco,174.26589105734507,0.4,0.8,1.35,0.61,74.5,60.061446716535144,11.85,24,44.4,71.0,1,0.76,Bajo,Enviar alerta y continuar exploración
Punto crítico,20.511384526460635,42.22357839692949,952.434802816374,0.0,73.64805296915881,2474.1093671903336,86.24732086869305,metano,217.1694258241459,0.78,15.1,2.48,1.48,53.1,15.0,11.02,44,5.4,48.8,0,0.05,Alto,Cambiar ruta o detenerse
Zona de escombros,23.350960723971205,39.11594040270708,944.3496854130462,0.0,59.78916871338735,1394.2132967907564,8.50601721351265,humo,167.59156460938428,1.27,20.0,1.39,0.91,71.8,60.061446716535144,11.89,24,44.4,77.6,0,0.39,Medio,Avanzar con precaución
Habitación bloqueada,19.309303084116387,34.311232055054774,939.7714534513276,0.5333,28.09433991106281,2085.1486655111366,29.67138397326997,metano,167.97962409775658,0.15,6.4,2.99,1.46,40.6,60.061446716535144,12.01,24,44.4,64.3,0,0.03,Medio,Avanzar con precaución
Zona de escombros,22.83635813806709,23.37187504476056,900.0,1.7152,60.39938382846798,1947.0403393256674,123.79811738005074,amoniaco,271.2766218883057,0.38,9.0,3.66,0.14,54.8,60.061446716535144,11.68,4,47.4,38.4,0,0.18,Medio,Avanzar con precaución
Sector sur,23.67816358151814,45.821205950796966,952.5025529901508,0.0,25.439665685382128,1024.3671899752985,135.80578060930694,humo,95.98200456157629,2.37,7.7,1.79,1.12,36.8,60.061446716535144,11.73,4,47.4,42.2,0,0.22,Medio,Avanzar con precaución
Túnel estrecho,22.244838028530552,19.74283603738781,949.8538858325634,5.3924,64.91089965291079,522.9816920930045,25.180830816628447,monoxido_carbono,268.69771261668234,1.36,2.5,3.09,1.24,23.1,55.560180235630625,11.64,4,43.8,73.7,0,0.32,Medio,Avanzar con precaución
Sector sur,18.610012728602463,26.591014108615383,900.0,0.0,49.52166889504696,699.368139983374,44.849171321959474,metano,139.48271859915045,0.16,12.2,4.16,0.17,67.1,60.061446716535144,11.73,4,47.4,78.8,0,0.06,Bajo,Avanzar
Sector norte,22.16883192458696,39.171915109025086,946.4323413619456,0.88885,12.639328622261573,2160.417645701603,22.308278143983944,monoxido_carbono,144.49145212089982,1.73,34.3,0.65,0.91,89.2,60.061446716535144,11.53,22,44.7,71.3,0,0.18,Alto,Cambiar ruta o detenerse
Sector sur,25.3644676846771,39.36283410013197,948.4490585918112,0.0,67.74764663926605,1935.5490219921903,80.84724768689544,monoxido_carbono,369.37401451781136,0.15,12.4,3.61,1.22,22.0,60.061446716535144,11.79,4,47.4,45.6,1,0.7,Alto,Enviar alerta y cambiar ruta
Punto crítico,23.71852860156428,41.83396540386504,900.0,0.0,74.9657325559097,1795.1031733707835,27.07031238031082,monoxido_carbono,14.796801779967893,1.85,16.1,1.75,0.89,35.7,60.061446716535144,11.88,43,41.6,88.3,0,0.13,Medio,Avanzar con precaución
Escalera colapsada,24.96998552729885,27.701103899580303,937.5382680424226,0.0,27.35739814482903,674.3625465629615,81.52680300420576,sin_gas,190.47288133690355,1.87,22.9,0.79,0.19,56.8,62.896843717572615,11.72,24,46.7,54.8,0,0.31,Alto,Cambiar ruta o detenerse
Sector sur,23.942637663558354,25.275508831451177,947.8950877935172,8.39155,51.529242879846606,1743.854443646102,133.11719476519804,monoxido_carbono,203.76719007682254,1.63,22.7,2.82,1.07,73.3,60.061446716535144,11.62,24,44.4,44.9,0,0.01,Alto,Cambiar ruta o detenerse
Escalera colapsada,20.580255960633863,28.30318164064468,900.0,0.0,61.21923701255111,2021.5198961355425,124.59301080009806,sin_gas,242.55506985908636,1.83,33.2,1.29,0.18,33.7,60.061446716535144,11.74,4,47.4,54.5,0,0.3,Alto,Cambiar ruta o detenerse
Sector norte,19.638818136897267,35.710427286843704,900.0,0.0,17.639754565846275,2207.2636747066103,54.080585199072914,sin_gas,334.50551236476934,0.22,30.0,4.14,1.24,24.5,60.061446716535144,11.88,24,44.4,59.7,0,0.33,Alto,Cambiar ruta o detenerse
Sector sur,22.113594172905923,37.91660104720059,900.0,0.0,48.05484598271848,427.7856863065983,122.90844611821318,monoxido_carbono,184.84339136854328,1.82,27.8,0.41,0.16,61.5,72.76078546250204,11.87,43,51.8,41.4,1,0.63,Alto,Enviar alerta y cambiar ruta
Entrada,24.11979583251064,27.41283303574153,950.358348471936,4.0295,32.619079442479304,1837.3977139448032,167.34962290742595,sin_gas,106.56855215322753,0.34,33.3,0.67,0.29,85.5,60.061446716535144,12.11,24,44.4,42.7,0,0.25,Alto,Cambiar ruta o detenerse
Sector sur,20.766436326747527,34.63239768598009,900.0,0.0,39.25484417306114,440.10507676672927,65.81676773986021,amoniaco,442.43642027315434,0.85,8.1,2.7,0.49,22.8,60.061446716535144,11.57,4,47.4,45.7,0,0.14,Alto,Cambiar ruta o detenerse
Sector sur,24.345184311025648,29.64372093553694,936.2357110079764,0.0,40.0074469990745,1884.432975641221,62.595851897081154,humo,490.51931334060595,2.36,21.6,3.03,0.99,47.9,60.061446716535144,11.68,24,44.4,59.2,0,0.18,Alto,Cambiar ruta o detenerse
Entrada,23.04054042030016,23.3881497017417,944.0381445700832,0.0,72.93274244715309,1734.80486593721,105.00176400935305,humo,10.007346586466404,1.26,31.1,3.7,1.47,73.1,63.01820609239032,11.99,4,49.8,58.7,0,0.39,Medio,Avanzar con precaución
Zona de escombros,18.98152602711461,36.82527481626048,900.0,0.0,18.98799342950834,711.5305121298422,47.962816929807566,monoxido_carbono,273.233425500349,2.42,21.8,1.44,0.26,30.5,60.061446716535144,11.91,24,44.4,55.4,0,0.35,Alto,Cambiar ruta o detenerse
Punto crítico,25.23430336262573,21.9631417730945,943.3327218650722,0.0,12.409848772734788,2008.8556778247735,119.0263123965441,metano,170.8511895545991,0.22,34.2,4.24,0.3,38.9,60.061446716535144,11.89,4,47.4,51.7,0,0.19,Alto,Cambiar ruta o detenerse
Sector norte,18.635921006870834,26.55551570773547,900.0,0.0,31.44047394280555,543.5299981983514,150.64580986768416,metano,138.49478769360462,1.19,3.5,4.78,0.62,62.8,60.061446716535144,11.66,43,41.6,48.7,0,0.38,Medio,Avanzar con precaución
Habitación bloqueada,24.360440105957824,25.955820341301937,949.0228307382288,0.0,17.781408972706018,2135.4374248637305,85.38073839226061,metano,167.85319543496774,0.16,15.4,2.6,1.27,96.3,60.061446716535144,11.69,24,44.4,57.3,0,0.33,Medio,Avanzar con precaución
Sector norte,22.276166907121823,26.969890867867488,900.0,0.0,55.6262260464048,950.0514141812808,123.91378186246692,sin_gas,319.4388782131003,1.58,34.2,3.85,0.75,43.0,60.061446716535144,11.63,24,44.4,34.7,0,0.36,Alto,Cambiar ruta o detenerse
Punto crítico,22.02220603630575,29.628283685723844,956.388637126558,0.47405,29.27606400498928,1846.5889108313963,119.07994917952418,sin_gas,95.35800511489745,0.2,13.3,2.72,0.55,59.0,60.061446716535144,11.71,4,47.4,61.9,0,0.28,Bajo,Avanzar
Sector norte,22.86218155101957,47.90764901061058,900.0,6.54705,24.63432411143829,2339.7476161459276,11.766473323328164,amoniaco,456.4303558289751,0.44,25.9,0.53,0.89,52.0,38.42259779351633,11.36,22,27.4,66.2,0,0.34,Alto,Cambiar ruta o detenerse
Pasillo A,19.39331821863105,30.390127137988777,900.0,0.4148,30.80116355245651,1113.6367518142429,37.09785165576087,sin_gas,233.0572624697379,0.65,1.1,1.77,0.46,91.8,60.061446716535144,11.63,4,47.4,75.9,0,0.36,Bajo,Avanzar
Escalera colapsada,21.11552426135673,27.997075054577163,945.1174771417452,0.0,16.84059639862879,1456.0775636748804,161.36775031817274,sin_gas,162.78841657466418,1.87,24.3,0.62,0.66,25.8,60.061446716535144,11.5,4,47.4,41.6,0,0.05,Alto,Cambiar ruta o detenerse
Escalera colapsada,19.125985546520184,20.812283775858848,900.0,0.0,68.56020979729249,1372.5478712959457,169.30612578887838,amoniaco,382.7656657737995,0.41,32.7,4.95,0.57,65.3,35.6272189040741,11.42,22,25.2,27.7,0,0.39,Alto,Cambiar ruta o detenerse
Punto crítico,20.85065368719205,40.32766222820236,949.7988287009229,0.0,70.04218264125818,730.9838330320231,141.57693698445604,sin_gas,8.17333261809633,2.12,13.4,1.3,1.23,87.7,74.95544732119083,12.05,24,56.4,45.3,0,0.14,Medio,Avanzar con precaución
Punto crítico,23.587158095188244,33.332349345895345,943.3848033560748,0.0,5.962367622056635,1639.6552220305994,166.21842595734657,sin_gas,215.9264328690184,0.33,0.7,3.25,1.39,99.0,60.061446716535144,11.87,4,47.4,39.4,0,0.18,Medio,Avanzar con precaución
Habitación bloqueada,18.25176361694366,33.919538385352205,947.756794271618,0.4148,16.236015402540318,1960.3040288939908,58.57601391075059,sin_gas,177.65180050061497,0.09,1.0,1.56,1.16,75.9,60.061446716535144,11.71,43,41.6,65.1,0,0.32,Bajo,Avanzar
Pasillo B,20.305961666654124,41.9822082094756,900.0,0.0,42.5910620958542,2325.4371407400204,48.34942006133323,amoniaco,169.10495499486723,0.99,31.2,3.34,0.71,50.4,60.061446716535144,11.84,24,44.4,61.8,0,0.27,Alto,Cambiar ruta o detenerse
Entrada,25.86148033005296,35.0121651128289,900.0,0.0,19.43804140448521,2186.6854634639767,72.252532823091,monoxido_carbono,168.5356810452916,2.45,25.3,1.21,0.81,52.9,62.44323187567135,12.16,4,49.4,67.1,0,0.36,Alto,Cambiar ruta o detenerse
Zona de escombros,21.9944885069919,20.379470641318026,949.3417465478856,0.0,47.344679555088746,1471.0406974288665,14.684849746329249,monoxido_carbono,15.635688873633702,0.28,3.7,3.97,0.28,48.1,60.061446716535144,11.59,24,44.4,82.1,0,0.17,Bajo,Avanzar
Túnel estrecho,22.71651878100445,42.673666716905245,937.7479655925648,0.0,8.40661246078395,1909.936024475063,146.72753333223235,sin_gas,76.05820150441988,0.25,1.9,0.73,1.15,68.3,36.18276834708792,11.14,4,28.3,44.4,0,0.16,Medio,Avanzar con precaución
Sector sur,23.67411969957366,20.05968565085816,900.0,0.0,16.099791363648507,2081.645168085175,177.23070989513852,monoxido_carbono,70.9425796562072,1.88,28.2,4.5,0.94,79.2,60.404817961070904,11.63,24,44.7,45.5,0,0.02,Alto,Cambiar ruta o detenerse
Pasillo A,24.434659684649173,21.83936135784688,953.9374198370076,0.0,29.41513012615264,1436.3262988505326,149.2051261764067,monoxido_carbono,494.305252409761,0.78,28.3,4.23,1.36,85.6,60.061446716535144,12.08,24,44.4,34.7,0,0.19,Alto,Cambiar ruta o detenerse
Pasillo A,19.81681853370276,21.42846409058182,900.0,0.0,28.024721878955848,642.3978774789623,102.12068359919593,metano,11.08287794530588,1.79,4.2,3.46,0.38,53.3,60.061446716535144,11.76,4,47.4,63.9,1,0.94,Medio,Enviar alerta y avanzar con precaución
Entrada,22.02436733691656,42.99392072299661,939.6000008553028,0.47405,35.33525213448639,1319.6546040794788,56.67434483451621,metano,83.5368281759991,0.5,10.6,0.52,1.16,77.3,60.061446716535144,11.89,44,41.4,74.5,0,0.13,Medio,Avanzar con precaución
Sector sur,21.813916070892592,23.583846449430755,900.0,0.0,31.7955697219986,2169.2038802232864,39.597130495126606,monoxido_carbono,487.0872543293484,1.15,27.3,1.2,1.06,93.3,64.45661716476839,11.46,24,48.0,60.4,1,0.93,Alto,Enviar alerta y cambiar ruta
Habitación bloqueada,23.390994775761133,25.53884514751625,949.578010918521,2.60725,30.85109134819725,1652.9469513268434,68.7110025644155,metano,314.1282969050022,0.66,18.4,4.32,0.47,93.7,60.061446716535144,11.82,24,44.4,47.6,0,0.1,Medio,Avanzar con precaución
Entrada,24.542913159625268,37.87300707179816,900.0,0.0,28.882628926222896,1921.3625917196118,121.7196676709361,monoxido_carbono,225.33356030336566,1.13,33.5,0.79,1.03,76.3,75.85998315603258,12.04,24,57.1,48.3,0,0.31,Alto,Cambiar ruta o detenerse
Entrada,23.83817508963731,37.205009481436456,900.0,0.0,19.115718461013923,789.0628465204338,83.23577221964413,sin_gas,39.38046652318494,1.92,16.8,0.95,1.39,71.0,60.061446716535144,11.97,22,44.7,60.1,0,0.03,Medio,Avanzar con precaución
Entrada,21.98791846237641,31.28630499458205,947.5758358146596,0.0,66.569338477946,2425.109313243112,168.46046851478505,monoxido_carbono,334.8305808164383,1.91,23.7,2.81,1.39,62.5,60.061446716535144,11.86,24,44.4,37.2,1,0.66,Alto,Enviar alerta y cambiar ruta
Punto crítico,20.893169576661005,22.284128614391403,950.0743797886068,1.95545,31.04090175746733,1248.5691119359499,154.4885600190032,metano,68.90149384063393,1.29,17.8,1.52,1.11,34.7,60.061446716535144,11.7,4,47.4,39.1,0,0.16,Alto,Cambiar ruta o detenerse
Sector norte,24.877871694824684,20.499722512849008,948.0798992573374,0.0,29.123065221352643,1772.6345977072308,22.920107793507317,metano,335.5930610795908,2.32,33.0,1.27,0.17,29.9,60.061446716535144,12.0,24,44.4,61.6,0,0.03,Alto,Cambiar ruta o detenerse
Zona de escombros,19.769564269785697,37.86974004973384,940.3458540182992,0.0,38.547356271479785,439.6317346402711,28.016914179999244,metano,489.5882486000292,0.66,14.0,2.96,1.32,58.9,60.061446716535144,12.01,4,47.4,52.3,0,0.34,Bajo,Avanzar
Escalera colapsada,21.67097838799972,24.40110143827142,947.3881829482908,3.0813,68.40172319509149,667.3704507361118,123.3418574275194,humo,265.9863293084764,0.6,8.0,1.99,1.02,32.8,60.061446716535144,11.99,4,47.4,48.1,0,0.2,Medio,Avanzar con precaución
Entrada,25.42171324325496,35.5988920725511,957.0370816232244,4.85905,39.977930452003086,2042.2719667583299,45.38446824656201,humo,107.04232725133039,1.53,11.4,0.87,0.53,66.2,70.18418485256997,12.09,4,55.5,73.6,0,0.24,Medio,Avanzar con precaución
Entrada,23.879320938525247,23.105900016556888,945.4358249934688,0.0,19.573850389721027,2432.735835592535,143.43022847705646,monoxido_carbono,312.6418754397991,1.55,29.8,2.77,0.36,71.7,50.057557573692414,11.51,24,36.4,36.6,0,0.3,Alto,Cambiar ruta o detenerse
Punto crítico,23.20706168072267,35.75271107498148,900.0,0.0,12.17154303879539,1072.1162456165043,108.4876749071118,amoniaco,256.4648438956414,0.12,17.4,2.06,0.26,62.0,60.061446716535144,11.8,24,44.4,44.3,1,0.66,Medio,Enviar alerta y avanzar con precaución
Pasillo B,23.0907672176472,21.016729755034632,949.419533754458,1.3629,27.64140670562683,478.07954337665615,45.22034235333625,sin_gas,266.570131805323,1.52,12.4,3.73,0.17,22.9,60.061446716535144,11.7,24,44.4,58.4,0,0.3,Medio,Avanzar con precaución
Sector norte,22.356688871501312,33.18980553057963,948.821283436596,0.0,12.12291164121441,1157.819864158289,88.77018955910346,amoniaco,239.05347305999842,0.94,19.0,0.69,1.16,24.6,60.061446716535144,11.79,24,44.4,64.3,0,0.31,Alto,Cambiar ruta o detenerse
Sector norte,19.6301322097502,32.074041033821814,900.0,5.33005,16.593555654721253,436.6830735859055,76.06335116423084,metano,336.8702871217779,1.87,4.7,3.18,0.43,29.1,72.10399933830837,11.92,24,54.1,46.1,0,0.24,Alto,Cambiar ruta o detenerse
Túnel estrecho,23.97314041919301,27.45029424205486,951.08454769383,1.24435,17.889942541923762,803.9834937511852,157.80288785814582,sin_gas,285.972681203501,2.02,0.2,2.3,0.13,32.3,60.061446716535144,11.74,24,44.4,27.5,0,0.15,Alto,Cambiar ruta o detenerse
